   height(m)         T(K)lat0        T(K)lat30        T(K)lat45        T(K)lat60        T(K)lat75        T(K)lat85        p(Pa)lat0        p(Pa)lat30       p(Pa)lat45       p(Pa)lat60       p(Pa)lat75       p(Pa)lat85      d(kg/m3)lat0     d(kg/m3)lat30   d(kg/m3)lat45     d(kg/m3)lat60    d(kg/m3)lat75    d(kg/m3)lat85 
   0.00000000       735.299988       735.299988       735.299988       735.299988       735.299988       735.299988       9210000.00       9210000.00       9210000.00       9210000.00       9210000.00       9210000.00       64.7900009       64.7900009       64.7900009       64.7900009       64.7900009       64.7900009          
   1000.00000       727.500000       727.500000       727.500000       727.500000       727.500000       727.500000       8645000.00       8645000.00       8645000.00       8645000.00       8645000.00       8645000.00       61.5600014       61.5600014       61.5600014       61.5600014       61.5600014       61.5600014       
   2000.00000       720.200012       720.200012       720.200012       720.200012       720.200012       720.200012       8108999.50       8108999.50       8108999.50       8108999.50       8108999.50       8108999.50       58.4500008       58.4500008       58.4500008       58.4500008       58.4500008       58.4500008          
   3000.00000       712.400024       712.400024       712.400024       712.400024       712.400024       712.400024       7601000.00       7601000.00       7601000.00       7601000.00       7601000.00       7601000.00       55.4700012       55.4700012       55.4700012       55.4700012       55.4700012       55.4700012          
   4000.00000       704.599976       704.599976       704.599976       704.599976       704.599976       704.599976       7119999.50       7119999.50       7119999.50       7119999.50       7119999.50       7119999.50       52.6199989       52.6199989       52.6199989       52.6199989       52.6199989       52.6199989       
   5000.00000       696.799988       696.799988       696.799988       696.799988       696.799988       696.799988       6665000.00       6665000.00       6665000.00       6665000.00       6665000.00       6665000.00       49.8699989       49.8699989       49.8699989       49.8699989       49.8699989       49.8699989        
   6000.00000       688.799988       688.799988       688.799988       688.799988       688.799988       688.799988       6235000.00       6235000.00       6235000.00       6235000.00       6235000.00       6235000.00       47.2400017       47.2400017       47.2400017       47.2400017       47.2400017       47.2400017          
   7000.00000       681.099976       681.099976       681.099976       681.099976       681.099976       681.099976       5828000.00       5828000.00       5828000.00       5828000.00       5828000.00       5828000.00       44.7099991       44.7099991       44.7099991       44.7099991       44.7099991       44.7099991           
   8000.00000       673.599976       673.599976       673.599976       673.599976       673.599976       673.599976       5444000.00       5444000.00       5444000.00       5444000.00       5444000.00       5444000.00       42.2599983       42.2599983       42.2599983       42.2599983       42.2599983       42.2599983       
   9000.00000       665.799988       665.799988       665.799988       665.799988       665.799988       665.799988       5081000.00       5081000.00       5081000.00       5081000.00       5081000.00       5081000.00       39.9500008       39.9500008       39.9500008       39.9500008       39.9500008       39.9500008          
   10000.0000       658.200012       658.200012       658.200012       658.200012       658.200012       658.200012       4739000.00       4739000.00       4739000.00       4739000.00       4739000.00       4739000.00       37.7200012       37.7200012       37.7200012       37.7200012       37.7200012       37.7200012           
   11000.0000       650.599976       650.599976       650.599976       650.599976       650.599976       650.599976       4416000.00       4416000.00       4416000.00       4416000.00       4416000.00       4416000.00       35.5800018       35.5800018       35.5800018       35.5800018       35.5800018       35.5800018        
   12000.0000       643.200012       643.200012       643.200012       643.200012       643.200012       643.200012       4112000.00       4112000.00       4112000.00       4112000.00       4112000.00       4112000.00       33.5400009       33.5400009       33.5400009       33.5400009       33.5400009       33.5400009     
   13000.0000       635.500000       635.500000       635.500000       635.500000       635.500000       635.500000       3825999.75       3825999.75       3825999.75       3825999.75       3825999.75       3825999.75       31.6000004       31.6000004       31.6000004       31.6000004       31.6000004       31.6000004          
   14000.0000       628.099976       628.099976       628.099976       628.099976       628.099976       628.099976       3557000.00       3557000.00       3557000.00       3557000.00       3557000.00       3557000.00       29.7399998       29.7399998       29.7399998       29.7399998       29.7399998       29.7399998        
   15000.0000       620.799988       620.799988       620.799988       620.799988       620.799988       620.799988       3304000.00       3304000.00       3304000.00       3304000.00       3304000.00       3304000.00       27.9500008       27.9500008       27.9500008       27.9500008       27.9500008       27.9500008         
   16000.0000       613.299988       613.299988       613.299988       613.299988       613.299988       613.299988       3066000.00       3066000.00       3066000.00       3066000.00       3066000.00       3066000.00       26.2700005       26.2700005       26.2700005       26.2700005       26.2700005       26.2700005         
   17000.0000       605.200012       605.200012       605.200012       605.200012       605.200012       605.200012       2843000.00       2843000.00       2843000.00       2843000.00       2843000.00       2843000.00       24.6800003       24.6800003       24.6800003       24.6800003       24.6800003       24.6800003         
   18000.0000       597.099976       597.099976       597.099976       597.099976       597.099976       597.099976       2633000.00       2633000.00       2633000.00       2633000.00       2633000.00       2633000.00       23.1800003       23.1800003       23.1800003       23.1800003       23.1800003       23.1800003         
   19000.0000       589.299988       589.299988       589.299988       589.299988       589.299988       589.299988       2436000.00       2436000.00       2436000.00       2436000.00       2436000.00       2436000.00       21.7399998       21.7399998       21.7399998       21.7399998       21.7399998       21.7399998         
   20000.0000       580.700012       580.700012       580.700012       580.700012       580.700012       580.700012       2252000.00       2252000.00       2252000.00       2252000.00       2252000.00       2252000.00       20.3899994       20.3899994       20.3899994       20.3899994       20.3899994       20.3899994          
   21000.0000       572.400024       572.400024       572.400024       572.400024       572.400024       572.400024       2079000.12       2079000.12       2079000.12       2079000.12       2079000.12       2079000.12       19.1100006       19.1100006       19.1100006       19.1100006       19.1100006       19.1100006         
   22000.0000       564.299988       564.299988       564.299988       564.299988       564.299988       564.299988       1917000.00       1917000.00       1917000.00       1917000.00       1917000.00       1917000.00       17.8799992       17.8799992       17.8799992       17.8799992       17.8799992       17.8799992        
   23000.0000       556.000000       556.000000       556.000000       556.000000       556.000000       556.000000       1766000.00       1766000.00       1766000.00       1766000.00       1766000.00       1766000.00       16.7099991       16.7099991       16.7099991       16.7099991       16.7099991       16.7099991         
   24000.0000       547.500000       547.500000       547.500000       547.500000       547.500000       547.500000       1625000.00       1625000.00       1625000.00       1625000.00       1625000.00       1625000.00       15.6199999       15.6199999       15.6199999       15.6199999       15.6199999       15.6199999      
   25000.0000       539.200012       539.200012       539.200012       539.200012       539.200012       539.200012       1493000.00       1493000.00       1493000.00       1493000.00       1493000.00       1493000.00       14.5699997       14.5699997       14.5699997       14.5699997       14.5699997       14.5699997        
   26000.0000       530.700012       530.700012       530.700012       530.700012       530.700012       530.700012       1370000.00       1370000.00       1370000.00       1370000.00       1370000.00       1370000.00       13.5900002       13.5900002       13.5900002       13.5900002       13.5900002       13.5900002       
   27000.0000       522.299988       522.299988       522.299988       522.299988       522.299988       522.299988       1256000.00       1256000.00       1256000.00       1256000.00       1256000.00       1256000.00       12.6499996       12.6499996       12.6499996       12.6499996       12.6499996       12.6499996       
   28000.0000       513.799988       513.799988       513.799988       513.799988       513.799988       513.799988       1149000.00       1149000.00       1149000.00       1149000.00       1149000.00       1149000.00       11.7700005       11.7700005       11.7700005       11.7700005       11.7700005       11.7700005       
   29000.0000       505.600006       505.600006       505.600006       505.600006       505.600006       505.600006       1050000.00       1050000.00       1050000.00       1050000.00       1050000.00       1050000.00       10.9300003       10.9300003       10.9300003       10.9300003       10.9300003       10.9300003      
   30000.0000       496.899994       496.899994       496.899994       496.899994       496.899994       496.899994       958100.062       958100.062       958100.062       958100.062       958100.062       958100.062       10.1499996       10.1499996       10.1499996       10.1499996       10.1499996       10.1499996        
   31000.0000       488.299988       488.299988       488.299988       488.299988       488.299988       488.299988       872900.000       872900.000       872900.000       872900.000       872900.000       872900.000       9.40600014       9.40600014       9.40600014       9.40600014       9.40600014       9.40600014           
   33000.0000       471.700012       471.700012       471.700012       471.700012       471.700012       470.200012       721100.000       721100.000       721100.000       721100.000       721100.000       721000.000       8.04100037       8.04100037       8.04100037       8.04100037       8.04100037       8.06599998    
   34000.0000       463.399994       463.399994       463.399994       463.399994       463.399994       461.500000       653700.000       653700.000       653700.000       653700.000       653700.000       653400.000       7.42000008       7.42000008       7.42000008       7.42000008       7.42000008       7.44700003    
   35000.0000       455.500000       455.500000       455.000000       455.000000       455.000000       452.600006       591700.000       591700.000       591600.000       591600.000       591600.000       591100.000       6.83099985       6.83099985       6.83799982       6.83799982       6.83799982       6.86800003    
   36000.0000       448.000000       448.000000       446.799988       446.700012       446.500000       443.700012       534600.000       534600.000       534500.000       534400.000       534500.000       533600.000       6.27400017       6.27400017       6.29099989       6.29099989       6.29400015       6.32399988    
   37000.0000       439.899994       439.899994       438.600006       438.500000       437.799988       434.799988       482200.000       482200.000       482000.031       481899.969       481899.969       480800.000       5.76200008       5.76200008       5.77699995       5.77699995       5.78599977       5.81300020    
   38000.0000       432.500000       432.500000       430.799988       430.399994       429.500000       426.000000       434200.000       434200.000       433799.969       433700.000       433600.000       432300.000       5.27600002       5.27600002       5.29199982       5.29600000       5.27500010       5.33300018    
   39000.0000       425.100006       425.100006       423.299988       422.000000       420.500000       416.799988       390300.000       390300.000       389700.000       389600.000       389400.000       387800.000       4.82299995       4.82299995       4.83500004       4.84999990       4.86499977       4.88899994    
   40000.0000       417.600006       417.600006       415.500000       414.200012       412.000000       407.799988       350100.000       350100.000       349500.000       349200.000       348800.000       347100.000       4.40399981       4.40399981       4.41800022       4.42899990       4.44799995       4.47100019    
   41000.0000       410.000000       410.000000       408.100006       406.399994       402.899994       399.200012       313500.000       313500.000       312700.000       312300.000       311800.000       309900.000       4.01499987       4.01499987       4.02400017       4.03700018       4.06400013       4.07700014    
   42000.0000       403.500000       403.500000       401.600006       399.399994       394.500000       390.399994       280200.000       280200.000       279300.000       278800.000       278000.000       276000.000       3.64599991       3.64599991       3.65199995       3.66400003       3.70099998       3.71199989    
   43000.0000       397.100006       397.100006       395.000000       391.399994       386.100006       381.799988       249900.000       249900.000       249100.000       248300.000       247300.000       245199.984       3.30299997       3.30299997       3.30999994       3.32599998       3.36199999       3.37100005    
   44000.0000       391.200012       391.200012       388.299988       384.500000       377.299988       372.700012       222600.000       222600.000       221600.016       220800.000       219400.000       217300.016       2.98499990       2.98499990       2.99600005       3.01300001       3.05100012       3.05900002    
   45000.0000       385.399994       385.399994       381.799988       377.700012       368.700012       363.399994       197900.000       197900.000       196900.000       195900.000       194100.000       191900.000       2.69300008       2.69300008       2.70400000       2.72000003       2.76200008       2.76999998    
   46000.0000       379.700012       379.700012       376.100006       370.700012       360.000000       354.000000       175600.000       175600.000       174500.000       173300.000       171200.000       169000.000       2.42600012       2.42600012       2.43400002       2.45199990       2.49499989       2.50399995    
   47000.0000       373.100006       373.100006       370.200012       363.600006       351.899994       345.399994       155600.000       155600.000       154400.000       153100.000       150600.000       148300.000       2.18600011       2.18600011       2.18700004       2.20799994       2.24499989       2.25099993    
   48000.0000       366.399994       366.399994       364.600006       357.000000       343.500000       337.100006       137500.000       137500.000       136400.000       134900.000       132100.000       129800.000       1.96700001       1.96700001       1.96099997       1.98099995       2.01600003       2.01799989    
   49000.0000       358.600006       358.600006       357.500000       350.100006       335.399994       327.899994       121300.008       121300.008       120200.000       118499.992       115500.000       113200.000       1.76900005       1.76900005       1.75800002       1.77100003       1.80200005       1.80499995    
   50000.0000       350.500000       350.500000       349.700012       342.899994       327.299988       319.100006       106600.000       106600.000       105700.008       104000.000       100700.000       98260.0000       1.59399998       1.59399998       1.58399999       1.58800006       1.61199999       1.68400002    
   51000.0000       342.000000       342.000000       341.100006       334.700012       318.500000       309.799988       93470.0000       93470.0000       92580.0000       90850.0000       87410.0000       85000.0000       1.43200004       1.43200004       1.42200005       1.42200005       1.43799996       1.43799996    
   52000.0000       333.299988       333.299988       332.500000       326.100006       310.200012       301.000000       81670.0000       81670.0000       80870.0000       79150.0000       75610.0000       73220.0000       1.28400004       1.28400004       1.27400005       1.27199996       1.27699995       1.27400005    
   53000.0000       323.000000       323.000000       321.899994       315.399994       300.100006       290.500000       71090.0000       71090.0000       70360.0000       68670.0000       65130.0000       62769.9961       1.15300000       1.15300000       1.14600003       1.13999999       1.13699996       1.13199997    
   54000.0000       312.799988       312.799988       312.299988       305.000000       290.000000       280.399994       61600.0000       61600.0000       60950.0000       59300.0000       55820.0000       53510.0000       1.03199995       1.03199995       1.02199996       1.01800001       1.00899994       1.00000000    
   55000.0000       302.299988       302.299988       301.399994       294.399994       279.700012       269.799988       53140.0039       53140.0039       52550.0000       50950.0039       47580.0000       45360.0000      0.920700014      0.920700014      0.913200021      0.906400025      0.890900016      0.880500019    
   56000.0000       291.799988       291.799988       290.200012       283.200012       269.200012       258.399994       45590.0000       45590.0000       45050.0000       43520.0000       40310.0000       38180.0000      0.818300009      0.818300009      0.813199997      0.804799974      0.784099996      0.773899972    
   57000.0000       282.500000       282.500000       278.299988       271.299988       258.200012       247.800003       38910.0000       38910.0000       38390.0000       36930.0000       33920.0000       31900.0000      0.721199989      0.721199989      0.722400010      0.712800026      0.687799990      0.674099982    
   58000.0000       275.200012       275.200012       267.399994       261.000000       248.399994       239.800003       33060.0000       33060.0000       32490.0000       31130.0000       28340.0000       26480.0020      0.628899992      0.628899992      0.636300027      0.624499977      0.597400010      0.578000009    
   59000.0000       268.700012       268.700012       258.700012       251.000000       241.800003       238.899994       27960.0000       27960.0000       27330.0000       26069.9980       23550.0000       21890.0000      0.544799984      0.544799984      0.553099990      0.543600023      0.509700000      0.479799986    
   60000.0000       262.799988       262.799988       253.300003       243.000000       237.500000       242.500000       23570.0000       23570.0000       22890.0000       21690.0000       19480.0000       18130.0000      0.469399989      0.469399989      0.472900003      0.467099994      0.429300010      0.391200006    
   62000.0000       254.500000       254.500000       246.199997       230.100006       231.100006       249.100006       16590.0000       16590.0000       15910.0000       14770.0000       13220.0000       12530.0010      0.341100007      0.341100007      0.338099986      0.335900009      0.299299985      0.263099998    
   64000.0000       245.399994       245.399994       240.699997       225.500000       234.300003       244.899994       11560.0000       11560.0000       10960.0000       9918.00000       8950.00000       8676.00000      0.244299993      0.244299993      0.238100007      0.230100006      0.199800000      0.185299993    
   66000.0000       241.000000       241.000000       235.800003       228.000000       238.300003       242.000000       7970.00000       7970.00000       7489.00049       6648.00049       6097.00000       5977.00000      0.172900006      0.172900006      0.165999994      0.152400002      0.133800000      0.129099995    
   68000.0000       235.399994       235.399994       231.899994       231.100006       242.000000       244.199997       5447.00000       5447.00000       5082.00000       4479.00000       4180.00000       4116.00000      0.120999999      0.120999999      0.114600003      0.101300001       9.03000012E-02   8.81199986E-02
   70000.0000       229.800003       229.800003       228.199997       231.899994       244.199997       243.500000       3690.00000       3690.00000       3427.99976       3028.00000       2880.00000       2839.00000       8.39300007E-02   8.39300007E-02   7.85200000E-02   6.82599992E-02   6.16400018E-02   6.09400012E-02
   72000.0000       224.100006       224.100006       224.600006       230.800003       243.600006       241.500000       2476.00000       2476.00000       2298.00000       2047.00012       1987.00000       1954.00012       5.77500015E-02   5.77500015E-02   5.34799993E-02   4.63699996E-02   4.26299982E-02   4.23000008E-02
   74000.0000       218.600006       218.600006       221.000000       228.300003       240.500000       240.199997       1645.00012       1645.00012       1531.00000       1380.00000       1367.00000       1342.00000       3.93299982E-02   3.93299982E-02   3.62100005E-02   3.15899998E-02   2.97100004E-02   2.92000007E-02
   76000.0000       212.100006       212.100006       216.199997       223.899994       234.899994       235.000000       1081.00000       1081.00000       1012.00000       925.100037       934.499939       917.200012       2.66299993E-02   2.66299993E-02   2.44699996E-02   2.15900000E-02   2.07899995E-02   2.04000007E-02
   78000.0000       205.300003       205.300003       210.399994       217.300003       224.000000       225.000000       701.100037       701.100037       662.500000       614.200012       630.299988       619.200012       1.78399999E-02   1.78399999E-02   1.64500009E-02   1.47700002E-02   1.47000002E-02   1.43799996E-02
   80000.0000       197.100006       197.100006       202.500000       208.300003       214.699997       213.899994       447.600006       447.600006       427.799988       401.799988       417.600006       410.299988       1.18600000E-02   1.18600000E-02   1.10400002E-02   1.00800004E-02   1.01600001E-02   1.00199999E-02
   82000.0000       189.899994       189.899994       195.500000       199.699997       205.300003       206.199997       280.799988       280.799988       271.799988       258.200012       271.699982       267.000000       7.72499992E-03   7.72499992E-03   7.26399990E-03   6.75400021E-03   6.91499980E-03   6.76500006E-03
   84000.0000       183.800003       183.800003       188.600006       191.699997       196.100006       198.600006       173.300003       173.300003       169.899994       162.899994       173.400009       171.000000       4.92599979E-03   4.92599979E-03   4.70700022E-03   4.43799980E-03   4.61799977E-03   4.49799979E-03
   86000.0000       178.199997       178.199997       181.800003       183.800003       187.800003       191.399994       105.299995       105.299995       104.400002       100.799995       108.400002       107.700005       3.08800000E-03   3.08800000E-03   3.00100003E-03   2.86499993E-03   3.01599992E-03   2.94000003E-03
   88000.0000       173.600006       173.600006       176.600006       178.399994       182.399994       186.300003       63.1199989       63.1199989       63.1699982       61.3199997       66.6500015       66.8600006       1.89800002E-03   1.89800002E-03   1.86800002E-03   1.79500005E-03   1.90799998E-03   1.87399995E-03
   90000.0000       169.399994       169.399994       172.300003       173.899994       178.100006       181.300003       37.3600006       37.3600006       37.7199974       36.7999992       40.4700012       40.9900017       1.15100003E-03   1.15100003E-03   1.14299997E-03   1.10500003E-03   1.18599995E-03   1.18000002E-03
   92000.0000       167.199997       167.199997       170.399994       171.800003       175.100006       177.500000       21.9099998       21.9099998       22.3299999       21.8700008       24.3299999       24.8400002       6.83600025E-04   6.83600025E-04   6.83700026E-04   6.64199993E-04   7.24999991E-04   7.30199972E-04
   94000.0000       167.199997       167.199997       169.500000       170.199997       172.000000       173.500000       12.8100004       12.8100004       13.1700001       12.9399996       14.5100002       14.8999996       3.99499986E-04   3.99499986E-04   4.05100000E-04   3.96399992E-04   4.39800002E-04   4.47700004E-04
   96000.0000       169.199997       169.199997       170.000000       169.699997       169.600006       170.199997       7.51900005       7.51900005       7.76800013       7.63700008       8.58600044       8.84499931       2.31400001E-04   2.31400001E-04   2.38099994E-04   2.34499996E-04   2.63800001E-04   2.70799996E-04
   98000.0000       172.000000       172.000000       170.899994       169.000000       167.399994       167.600006       4.45000029       4.45000029       4.59500027       4.50199986       5.04799986       5.20700026       1.34700007E-04   1.34700007E-04   1.40000004E-04   1.38699994E-04   1.57000002E-04   1.61799995E-04
   100000.000       175.399994       175.399994       172.199997       168.800003       166.100006       166.100006       2.66000009       2.66000009       2.72899985       2.65199995       2.95400000       3.04799986       7.88999969E-05   7.88999969E-05   8.24000017E-05   8.16999964E-05   9.24999986E-05   9.54499992E-05
   0.00000000       735.547363       735.547363    
   20.0000000       735.171265       735.171265    
   40.0000000       735.024048       735.023987    
   60.0000000       734.877930       734.877747    
   80.0000000       734.732788       734.732483    
   100.000000       734.587585       734.587158    
   120.000000       734.442444       734.441833    
   140.000000       734.297302       734.296570    
   160.000000       734.151001       734.150085    
   180.000000       734.001770       734.000671    
   200.000000       733.852600       733.851257    
   220.000000       733.703430       733.701843    
   240.000000       733.554321       733.552490    
   260.000000       733.405151       733.403076    
   280.000000       733.255981       733.253662    
   300.000000       733.106873       733.104248    
   320.000000       732.957886       732.954834    
   340.000000       732.809265       732.805420    
   360.000000       732.660767       732.656006    
   380.000000       732.513916       732.508240    
   400.000000       732.373230       732.367188    
   420.000000       732.232422       732.226074    
   440.000000       732.091675       732.084961    
   460.000000       731.950806       731.943848    
   480.000000       731.809998       731.802734    
   500.000000       731.669128       731.661682    
   520.000000       731.528259       731.520569    
   540.000000       731.387268       731.379456    
   560.000000       731.246277       731.238342    
   580.000000       731.105225       731.097290    
   600.000000       730.964172       730.956177    
   620.000000       730.822998       730.815063    
   640.000000       730.681763       730.673950    
   660.000000       730.540466       730.532837    
   680.000000       730.399170       730.391785    
   700.000000       730.257751       730.250671    
   720.000000       730.116272       730.109558    
   740.000000       729.974670       729.968445    
   760.000000       729.835632       729.827698    
   780.000000       729.703003       729.695801    
   800.000000       729.570374       729.563965    
   820.000000       729.437561       729.432068    
   840.000000       729.304749       729.300232    
   860.000000       729.171753       729.168335    
   880.000000       729.038696       729.036499    
   900.000000       728.905518       728.904602    
   920.000000       728.772278       728.772766    
   940.000000       728.638916       728.640869    
   960.000000       728.505493       728.509033    
   980.000000       728.371887       728.377136    
   1000.00000       728.238220       728.245300    
   1020.00000       728.105286       728.113403    
   1040.00000       727.973206       727.981567    
   1060.00000       727.841003       727.849670    
   1080.00000       727.708923       727.717834    
   1100.00000       727.576721       727.585938    
   1120.00000       727.444641       727.454102    
   1140.00000       727.312500       727.322266    
   1160.00000       727.180298       727.190369    
   1180.00000       727.048218       727.058533    
   1200.00000       726.916077       726.926636    
   1220.00000       726.783936       726.794800    
   1240.00000       726.651733       726.662903    
   1260.00000       726.519653       726.531067    
   1280.00000       726.387512       726.399170    
   1300.00000       726.255371       726.267334    
   1320.00000       726.123291       726.135437    
   1340.00000       725.991150       726.003601    
   1360.00000       725.857056       725.865662    
   1380.00000       725.714661       725.723450    
   1400.00000       725.572266       725.581177    
   1420.00000       725.429871       725.438965    
   1440.00000       725.287415       725.296753    
   1460.00000       725.145081       725.154480    
   1480.00000       725.002686       725.012268    
   1500.00000       724.860291       724.869995    
   1520.00000       724.717896       724.727783    
   1540.00000       724.575500       724.585510    
   1560.00000       724.433167       724.443298    
   1580.00000       724.290771       724.301086    
   1600.00000       724.148376       724.158813    
   1620.00000       724.006042       724.016602    
   1640.00000       723.863647       723.874329    
   1660.00000       723.721313       723.732117    
   1680.00000       723.578979       723.589905    
   1700.00000       723.436646       723.447632    
   1720.00000       723.294312       723.305420    
   1740.00000       723.151978       723.163147    
   1760.00000       723.009644       723.020935    
   1780.00000       722.867310       722.878662    
   1800.00000       722.725159       722.736450    
   1820.00000       722.582947       722.594238    
   1840.00000       722.440796       722.451965    
   1860.00000       722.298584       722.309753    
   1880.00000       722.156372       722.167480    
   1900.00000       722.014221       722.025269    
   1920.00000       721.872070       721.883057    
   1940.00000       721.729858       721.740784    
   1960.00000       721.587708       721.598572    
   1980.00000       721.445557       721.456299    
   2000.00000       721.303406       721.314087    
   2020.00000       721.161255       721.171814    
   2040.00000       721.019104       721.029602    
   2060.00000       720.876892       720.887390    
   2080.00000       720.734741       720.745117    
   2100.00000       720.592590       720.602905    
   2120.00000       720.450439       720.460632    
   2140.00000       720.308289       720.318420    
   2160.00000       720.166077       720.176208    
   2180.00000       720.023926       720.033936    
   2200.00000       719.880005       719.887207    
   2220.00000       719.731812       719.738953    
   2240.00000       719.583618       719.590759    
   2260.00000       719.435486       719.442505    
   2280.00000       719.287231       719.294250    
   2300.00000       719.139099       719.146057    
   2320.00000       718.990906       718.997803    
   2340.00000       718.842712       718.849548    
   2360.00000       718.694519       718.701355    
   2380.00000       718.546326       718.553101    
   2400.00000       718.398132       718.404846    
   2420.00000       718.249939       718.256653    
   2440.00000       718.101746       718.108398    
   2460.00000       717.953552       717.960144    
   2480.00000       717.805359       717.811951    
   2500.00000       717.657227       717.663696    
   2520.00000       717.509033       717.515442    
   2540.00000       717.360840       717.367249    
   2560.00000       717.212646       717.218994    
   2580.00000       717.064392       717.070740    
   2600.00000       716.916199       716.922546    
   2620.00000       716.768066       716.774292    
   2640.00000       716.619812       716.626038    
   2660.00000       716.471680       716.477844    
   2680.00000       716.323425       716.329590    
   2700.00000       716.175232       716.181335    
   2720.00000       716.027039       716.033142    
   2740.00000       715.878845       715.884888    
   2760.00000       715.730652       715.736633    
   2780.00000       715.582458       715.588440    
   2800.00000       715.434265       715.440186    
   2820.00000       715.286072       715.291931    
   2840.00000       715.137878       715.143738    
   2860.00000       714.989685       714.995483    
   2880.00000       714.841431       714.847229    
   2900.00000       714.693237       714.699036    
   2920.00000       714.545044       714.550781    
   2940.00000       714.396851       714.402527    
   2960.00000       714.248657       714.254333    
   2980.00000       714.100464       714.106079    
   3000.00000       713.952209       713.957825    
   3020.00000       713.804077       713.809631    
   3040.00000       713.655823       713.661377    
   3060.00000       713.507629       713.513123    
   3080.00000       713.359436       713.364929    
   3100.00000       713.211243       713.216675    
   3120.00000       713.062988       713.068420    
   3140.00000       712.914856       712.920227    
   3160.00000       712.766663       712.771973    
   3180.00000       712.618408       712.623718    
   3200.00000       712.470215       712.475525    
   3220.00000       712.322021       712.327271    
   3240.00000       712.173767       712.179016    
   3260.00000       712.025574       712.030823    
   3280.00000       711.877380       711.882568    
   3300.00000       711.729248       711.734314    
   3320.00000       711.581360       711.587280    
   3340.00000       711.435547       711.441406    
   3360.00000       711.289673       711.295532    
   3380.00000       711.143860       711.149719    
   3400.00000       710.997986       711.003845    
   3420.00000       710.852173       710.857971    
   3440.00000       710.706299       710.712097    
   3460.00000       710.560486       710.566284    
   3480.00000       710.414612       710.420410    
   3500.00000       710.268738       710.274536    
   3520.00000       710.122925       710.128662    
   3540.00000       709.977112       709.982849    
   3560.00000       709.831238       709.836975    
   3580.00000       709.685425       709.691101    
   3600.00000       709.539612       709.545288    
   3620.00000       709.393738       709.399414    
   3640.00000       709.247864       709.253540    
   3660.00000       709.102051       709.107666    
   3680.00000       708.956177       708.961853    
   3700.00000       708.810364       708.815979    
   3720.00000       708.664490       708.670105    
   3740.00000       708.518677       708.524231    
   3760.00000       708.372864       708.378418    
   3780.00000       708.226990       708.232544    
   3800.00000       708.081177       708.086670    
   3820.00000       707.935364       707.940796    
   3840.00000       707.789490       707.794983    
   3860.00000       707.643616       707.649109    
   3880.00000       707.497803       707.503235    
   3900.00000       707.351990       707.357422    
   3920.00000       707.206116       707.211548    
   3940.00000       707.060303       707.065674    
   3960.00000       706.914490       706.919800    
   3980.00000       706.768616       706.773987    
   4000.00000       706.622803       706.628113    
   4020.00000       706.476990       706.482239    
   4040.00000       706.331116       706.336365    
   4060.00000       706.185303       706.190552    
   4080.00000       706.039429       706.044678    
   4100.00000       705.893555       705.898804    
   4120.00000       705.747803       705.752991    
   4140.00000       705.601929       705.607117    
   4160.00000       705.456116       705.461243    
   4180.00000       705.310242       705.315369    
   4200.00000       705.164429       705.169556    
   4220.00000       705.018616       705.023682    
   4240.00000       704.872742       704.877808    
   4260.00000       704.726929       704.731934    
   4280.00000       704.581055       704.586121    
   4300.00000       704.435242       704.440247    
   4320.00000       704.289429       704.294373    
   4340.00000       704.143616       704.148499    
   4360.00000       703.997742       704.002686    
   4380.00000       703.851929       703.856812    
   4400.00000       703.706055       703.710938    
   4420.00000       703.560242       703.565125    
   4440.00000       703.414429       703.419250    
   4460.00000       703.268555       703.273376    
   4480.00000       703.122742       703.127502    
   4500.00000       702.976929       702.981689    
   4520.00000       702.831116       702.835815    
   4540.00000       702.685303       702.689941    
   4560.00000       702.539429       702.544067    
   4580.00000       702.393555       702.398254    
   4600.00000       702.247742       702.252380    
   4620.00000       702.101929       702.106506    
   4640.00000       701.956116       701.960693    
   4660.00000       701.810303       701.814819    
   4680.00000       701.664429       701.668945    
   4700.00000       701.518616       701.523071    
   4720.00000       701.372803       701.377258    
   4740.00000       701.226929       701.231384    
   4760.00000       701.081116       701.085510    
   4780.00000       700.935303       700.939636    
   4800.00000       700.789429       700.793823    
   4820.00000       700.643127       700.646790    
   4840.00000       700.494507       700.498169    
   4860.00000       700.345947       700.349487    
   4880.00000       700.197266       700.200867    
   4900.00000       700.048706       700.052246    
   4920.00000       699.900085       699.903564    
   4940.00000       699.751465       699.754944    
   4960.00000       699.602844       699.606323    
   4980.00000       699.454285       699.457642    
   5000.00000       699.305603       699.309021    
   5020.00000       699.157043       699.160400    
   5040.00000       699.008423       699.011719    
   5060.00000       698.859802       698.863098    
   5080.00000       698.711243       698.714478    
   5100.00000       698.562561       698.565796    
   5120.00000       698.414001       698.417175    
   5140.00000       698.265381       698.268494    
   5160.00000       698.116760       698.119873    
   5180.00000       697.968140       697.971252    
   5200.00000       697.819580       697.822571    
   5220.00000       697.670898       697.673950    
   5240.00000       697.522339       697.525330    
   5260.00000       697.373718       697.376648    
   5280.00000       697.225098       697.228027    
   5300.00000       697.076477       697.079407    
   5320.00000       696.927917       696.930725    
   5340.00000       696.779236       696.782104    
   5360.00000       696.630676       696.633484    
   5380.00000       696.481995       696.484802    
   5400.00000       696.333435       696.336182    
   5420.00000       696.184814       696.187561    
   5440.00000       696.036255       696.038879    
   5460.00000       695.887573       695.890259    
   5480.00000       695.739014       695.741638    
   5500.00000       695.590393       695.592957    
   5520.00000       695.441772       695.444336    
   5540.00000       695.293152       695.295715    
   5560.00000       695.144592       695.147034    
   5580.00000       694.995972       694.998413    
   5600.00000       694.847290       694.849792    
   5620.00000       694.698730       694.701111    
   5640.00000       694.550110       694.552490    
   5660.00000       694.401489       694.403870    
   5680.00000       694.252930       694.255188    
   5700.00000       694.104248       694.106567    
   5720.00000       693.955688       693.957886    
   5740.00000       693.807068       693.809265    
   5760.00000       693.658447       693.660645    
   5780.00000       693.509827       693.511963    
   5800.00000       693.361267       693.363342    
   5820.00000       693.212585       693.214722    
   5840.00000       693.063965       693.066040    
   5860.00000       692.915405       692.917419    
   5880.00000       692.766785       692.768799    
   5900.00000       692.618164       692.620117    
   5920.00000       692.469543       692.471497    
   5940.00000       692.320923       692.322876    
   5960.00000       692.172363       692.174194    
   5980.00000       692.023743       692.025574    
   6000.00000       691.875122       691.876953    
   6020.00000       691.726501       691.728271    
   6040.00000       691.577881       691.579651    
   6060.00000       691.429260       691.431030    
   6080.00000       691.280640       691.282349    
   6100.00000       691.132080       691.133728    
   6120.00000       690.983459       690.985107    
   6140.00000       690.834839       690.836426    
   6160.00000       690.686218       690.687805    
   6180.00000       690.537598       690.539185    
   6200.00000       690.388977       690.390503    
   6220.00000       690.240356       690.241882    
   6240.00000       690.091736       690.093262    
   6260.00000       689.943176       689.944580    
   6280.00000       689.794556       689.795959    
   6300.00000       689.645935       689.647278    
   6320.00000       689.497314       689.498657    
   6340.00000       689.348694       689.350037    
   6360.00000       689.200073       689.201355    
   6380.00000       689.051453       689.052734    
   6400.00000       688.902832       688.904114    
   6420.00000       688.754211       688.755432    
   6440.00000       688.605591       688.606812    
   6460.00000       688.457031       688.458191    
   6480.00000       688.308411       688.309509    
   6500.00000       688.159790       688.160889    
   6520.00000       688.011169       688.012268    
   6540.00000       687.862549       687.863586    
   6560.00000       687.713928       687.714966    
   6580.00000       687.565308       687.566345    
   6600.00000       687.416748       687.417664    
   6620.00000       687.268066       687.269043    
   6640.00000       687.119507       687.120422    
   6660.00000       686.969299       686.970032    
   6680.00000       686.817993       686.818726    
   6700.00000       686.666809       686.667480    
   6720.00000       686.515564       686.516235    
   6740.00000       686.364258       686.364929    
   6760.00000       686.213074       686.213684    
   6780.00000       686.061768       686.062378    
   6800.00000       685.910522       685.911133    
   6820.00000       685.759338       685.759827    
   6840.00000       685.608032       685.608582    
   6860.00000       685.456787       685.457336    
   6880.00000       685.305542       685.306030    
   6900.00000       685.154297       685.154785    
   6920.00000       685.003052       685.003479    
   6940.00000       684.851807       684.852234    
   6960.00000       684.700500       684.700928    
   6980.00000       684.549316       684.549683    
   7000.00000       684.398010       684.398376    
   7020.00000       684.246826       684.247131    
   7040.00000       684.095520       684.095886    
   7060.00000       683.944275       683.944580    
   7080.00000       683.793030       683.793335    
   7100.00000       683.641785       683.642029    
   7120.00000       683.490540       683.490784    
   7140.00000       683.339294       683.339478    
   7160.00000       683.188049       683.188232    
   7180.00000       683.036804       683.036987    
   7200.00000       682.885498       682.885681    
   7220.00000       682.734314       682.734436    
   7240.00000       682.583008       682.583130    
   7260.00000       682.431763       682.431885    
   7280.00000       682.280579       682.280579    
   7300.00000       682.129272       682.129333    
   7320.00000       681.978027       681.978088    
   7340.00000       681.826721       681.826782    
   7360.00000       681.675537       681.675537    
   7380.00000       681.524292       681.524231    
   7400.00000       681.372986       681.372986    
   7420.00000       681.221741       681.221680    
   7440.00000       681.070557       681.070435    
   7460.00000       680.919250       680.919189    
   7480.00000       680.768005       680.767883    
   7500.00000       680.616760       680.616638    
   7520.00000       680.465454       680.465332    
   7540.00000       680.314270       680.314087    
   7560.00000       680.163025       680.162781    
   7580.00000       680.011780       680.011536    
   7600.00000       679.860535       679.860291    
   7620.00000       679.709229       679.708984    
   7640.00000       679.557983       679.557739    
   7660.00000       679.406738       679.406433    
   7680.00000       679.255493       679.255188    
   7700.00000       679.104248       679.103882    
   7720.00000       678.952942       678.952637    
   7740.00000       678.801697       678.801392    
   7760.00000       678.650452       678.650085    
   7780.00000       678.499207       678.498840    
   7800.00000       678.347961       678.347534    
   7820.00000       678.196716       678.196289    
   7840.00000       678.045471       678.044983    
   7860.00000       677.894226       677.893738    
   7880.00000       677.742981       677.742493    
   7900.00000       677.591736       677.591187    
   7920.00000       677.440491       677.439941    
   7940.00000       677.289246       677.288635    
   7960.00000       677.138000       677.137390    
   7980.00000       676.986694       676.986084    
   8000.00000       676.835449       676.834839    
   8020.00000       676.684204       676.683594    
   8040.00000       676.532959       676.532288    
   8060.00000       676.381714       676.381042    
   8080.00000       676.230469       676.229736    
   8100.00000       676.079163       676.078491    
   8120.00000       675.927917       675.927185    
   8140.00000       675.776672       675.775940    
   8160.00000       675.625427       675.624634    
   8180.00000       675.474121       675.473389    
   8200.00000       675.322937       675.322144    
   8220.00000       675.171692       675.170837    
   8240.00000       675.020386       675.019592    
   8260.00000       674.869141       674.868286    
   8280.00000       674.717896       674.717041    
   8300.00000       674.566650       674.565735    
   8320.00000       674.415405       674.414490    
   8340.00000       674.264099       674.263245    
   8360.00000       674.112854       674.111938    
   8380.00000       673.961670       673.960693    
   8400.00000       673.810364       673.809387    
   8420.00000       673.659119       673.658142    
   8440.00000       673.507874       673.506836    
   8460.00000       673.356628       673.355591    
   8480.00000       673.205322       673.204346    
   8500.00000       673.054138       673.053040    
   8520.00000       672.902832       672.901794    
   8540.00000       672.751526       672.750488    
   8560.00000       672.600342       672.599243    
   8580.00000       672.449036       672.447937    
   8600.00000       672.297852       672.296692    
   8620.00000       672.146545       672.145447    
   8640.00000       671.995300       671.994141    
   8660.00000       671.844055       671.842896    
   8680.00000       671.692810       671.691589    
   8700.00000       671.541504       671.540344    
   8720.00000       671.390320       671.389038    
   8740.00000       671.239014       671.237793    
   8760.00000       671.087769       671.086548    
   8780.00000       670.936523       670.935242    
   8800.00000       670.785278       670.783997    
   8820.00000       670.635925       670.634399    
   8840.00000       670.486877       670.485291    
   8860.00000       670.337769       670.336243    
   8880.00000       670.188660       670.187134    
   8900.00000       670.039612       670.038025    
   8920.00000       669.890564       669.888916    
   8940.00000       669.741516       669.739868    
   8960.00000       669.592407       669.590759    
   8980.00000       669.443359       669.441650    
   9000.00000       669.294312       669.292542    
   9020.00000       669.145142       669.143433    
   9040.00000       668.996094       668.994385    
   9060.00000       668.847046       668.845276    
   9080.00000       668.697937       668.696167    
   9100.00000       668.548889       668.547058    
   9120.00000       668.399841       668.398010    
   9140.00000       668.250732       668.248901    
   9160.00000       668.101685       668.099792    
   9180.00000       667.952576       667.950684    
   9200.00000       667.803528       667.801636    
   9220.00000       667.654480       667.652527    
   9240.00000       667.505371       667.503418    
   9260.00000       667.356323       667.354309    
   9280.00000       667.207214       667.205261    
   9300.00000       667.058167       667.056152    
   9320.00000       666.909119       666.907043    
   9340.00000       666.760010       666.757935    
   9360.00000       666.610962       666.608887    
   9380.00000       666.461853       666.459778    
   9400.00000       666.312805       666.310669    
   9420.00000       666.163696       666.161560    
   9440.00000       666.014648       666.012512    
   9460.00000       665.865540       665.863403    
   9480.00000       665.716492       665.714294    
   9500.00000       665.567383       665.565186    
   9520.00000       665.418335       665.416138    
   9540.00000       665.269287       665.267029    
   9560.00000       665.120239       665.117920    
   9580.00000       664.971130       664.968811    
   9600.00000       664.822021       664.819763    
   9620.00000       664.672974       664.670654    
   9640.00000       664.523865       664.521545    
   9660.00000       664.374817       664.372437    
   9680.00000       664.225769       664.223389    
   9700.00000       664.076660       664.074280    
   9720.00000       663.927612       663.925171    
   9740.00000       663.778503       663.776062    
   9760.00000       663.629395       663.627014    
   9780.00000       663.480408       663.477905    
   9800.00000       663.331299       663.328796    
   9820.00000       663.182190       663.179688    
   9840.00000       663.033142       663.030640    
   9860.00000       662.884094       662.881531    
   9880.00000       662.734985       662.732422    
   9900.00000       662.585876       662.583313    
   9920.00000       662.436829       662.434265    
   9940.00000       662.287781       662.285156    
   9960.00000       662.138672       662.136047    
   9980.00000       661.989563       661.986938    
   10000.0000       661.840515       661.837891    
   10020.0000       661.691467       661.688782    
   10040.0000       661.542419       661.539673    
   10060.0000       661.393311       661.390564    
   10080.0000       661.244202       661.241516    
   10100.0000       661.095154       661.092407    
   10120.0000       660.946045       660.943298    
   10140.0000       660.796997       660.794189    
   10160.0000       660.647888       660.645142    
   10180.0000       660.498840       660.496033    
   10200.0000       660.349731       660.346924    
   10220.0000       660.200745       660.197815    
   10240.0000       660.051636       660.048767    
   10260.0000       659.902588       659.899658    
   10280.0000       659.753418       659.750549    
   10300.0000       659.604370       659.601440    
   10320.0000       659.455261       659.452393    
   10340.0000       659.306213       659.303284    
   10360.0000       659.157166       659.154175    
   10380.0000       659.008057       659.005066    
   10400.0000       658.859009       658.856018    
   10420.0000       658.709900       658.706909    
   10440.0000       658.560852       658.557800    
   10460.0000       658.411743       658.408691    
   10480.0000       658.262634       658.259644    
   10500.0000       658.113586       658.110535    
   10520.0000       657.964539       657.961426    
   10540.0000       657.815491       657.812317    
   10560.0000       657.666321       657.663208    
   10580.0000       657.517273       657.514160    
   10600.0000       657.368225       657.365051    
   10620.0000       657.219116       657.215942    
   10640.0000       657.070068       657.066833    
   10660.0000       656.920959       656.917786    
   10680.0000       656.771851       656.768677    
   10700.0000       656.622803       656.619568    
   10720.0000       656.473755       656.470459    
   10740.0000       656.324646       656.321411    
   10760.0000       656.175598       656.172302    
   10780.0000       656.026489       656.023193    
   10800.0000       655.877441       655.874084    
   10820.0000       655.728333       655.725037    
   10840.0000       655.579285       655.575928    
   10860.0000       655.430176       655.426819    
   10880.0000       655.281128       655.277710    
   10900.0000       655.132019       655.128662    
   10920.0000       654.982910       654.979553    
   10940.0000       654.833862       654.830444    
   10960.0000       654.684753       654.681335    
   10980.0000       654.535645       654.532288    
   11000.0000       654.386658       654.383179    
   11020.0000       654.237549       654.234070    
   11040.0000       654.088440       654.084961    
   11060.0000       653.939331       653.935913    
   11080.0000       653.790283       653.786804    
   11100.0000       653.641235       653.637695    
   11120.0000       653.492126       653.488586    
   11140.0000       653.343018       653.339539    
   11160.0000       653.193909       653.190430    
   11180.0000       653.044861       653.041321    
   11200.0000       652.895813       652.892212    
   11220.0000       652.746704       652.743164    
   11240.0000       652.597656       652.594055    
   11260.0000       652.448547       652.444946    
   11280.0000       652.299500       652.295837    
   11300.0000       652.150391       652.146790    
   11320.0000       652.001343       651.997681    
   11340.0000       651.852356       651.848572    
   11360.0000       651.706604       651.702148    
   11380.0000       651.560852       651.556396    
   11400.0000       651.415100       651.410645    
   11420.0000       651.269409       651.264893    
   11440.0000       651.123718       651.119202    
   11460.0000       650.977966       650.973450    
   11480.0000       650.832214       650.827698    
   11500.0000       650.686462       650.681946    
   11520.0000       650.540771       650.536255    
   11540.0000       650.395020       650.390503    
   11560.0000       650.249268       650.244751    
   11580.0000       650.103577       650.098999    
   11600.0000       649.957825       649.953247    
   11620.0000       649.812073       649.807556    
   11640.0000       649.666382       649.661804    
   11660.0000       649.520569       649.516052    
   11680.0000       649.374878       649.370300    
   11700.0000       649.229126       649.224609    
   11720.0000       649.083435       649.078857    
   11740.0000       648.937683       648.933105    
   11760.0000       648.791931       648.787354    
   11780.0000       648.646240       648.641602    
   11800.0000       648.500488       648.495911    
   11820.0000       648.354736       648.350159    
   11840.0000       648.208984       648.204407    
   11860.0000       648.063293       648.058655    
   11880.0000       647.917542       647.912903    
   11900.0000       647.771851       647.767212    
   11920.0000       647.626038       647.621460    
   11940.0000       647.480347       647.475708    
   11960.0000       647.334595       647.329956    
   11980.0000       647.188904       647.184265    
   12000.0000       647.043152       647.038513    
   12020.0000       646.897400       646.892761    
   12040.0000       646.751648       646.747009    
   12060.0000       646.605896       646.601257    
   12080.0000       646.460144       646.455566    
   12100.0000       646.314453       646.309814    
   12120.0000       646.168701       646.164062    
   12140.0000       646.022949       646.018311    
   12160.0000       645.877197       645.872620    
   12180.0000       645.731506       645.726868    
   12200.0000       645.585815       645.581116    
   12220.0000       645.440063       645.435364    
   12240.0000       645.294312       645.289612    
   12260.0000       645.148560       645.143921    
   12280.0000       645.002808       644.998169    
   12300.0000       644.857056       644.852417    
   12320.0000       644.711365       644.706665    
   12340.0000       644.565613       644.560913    
   12360.0000       644.419861       644.415222    
   12380.0000       644.274109       644.269470    
   12400.0000       644.128418       644.123718    
   12420.0000       643.982666       643.977966    
   12440.0000       643.836853       643.832275    
   12460.0000       643.691162       643.686523    
   12480.0000       643.545410       643.540771    
   12500.0000       643.399719       643.395020    
   12520.0000       643.253906       643.249268    
   12540.0000       643.108215       643.103577    
   12560.0000       642.962463       642.957825    
   12580.0000       642.816711       642.812073    
   12600.0000       642.670959       642.666321    
   12620.0000       642.525269       642.520630    
   12640.0000       642.379456       642.374878    
   12660.0000       642.233765       642.229126    
   12680.0000       642.088013       642.083374    
   12700.0000       641.942261       641.937622    
   12720.0000       641.796509       641.791931    
   12740.0000       641.650818       641.646179    
   12760.0000       641.505066       641.500427    
   12780.0000       641.359253       641.354675    
   12800.0000       641.213562       641.208984    
   12820.0000       641.067810       641.063232    
   12840.0000       640.922058       640.917480    
   12860.0000       640.776367       640.771729    
   12880.0000       640.630615       640.625977    
   12900.0000       640.484802       640.480286    
   12920.0000       640.339050       640.334534    
   12940.0000       640.193298       640.188782    
   12960.0000       640.047607       640.043030    
   12980.0000       639.901855       639.897278    
   13000.0000       639.756104       639.751587    
   13020.0000       639.610352       639.605835    
   13040.0000       639.464661       639.460083    
   13060.0000       639.318909       639.314331    
   13080.0000       639.173157       639.168640    
   13100.0000       639.027405       639.022888    
   13120.0000       638.881653       638.877136    
   13140.0000       638.735901       638.731384    
   13160.0000       638.590149       638.585632    
   13180.0000       638.444458       638.439941    
   13200.0000       638.298645       638.294189    
   13220.0000       638.152893       638.148438    
   13240.0000       638.007141       638.002686    
   13260.0000       637.861450       637.856995    
   13280.0000       637.715637       637.711243    
   13300.0000       637.569885       637.565491    
   13320.0000       637.424194       637.419739    
   13340.0000       637.278442       637.273987    
   13360.0000       637.132690       637.128296    
   13380.0000       636.986938       636.982544    
   13400.0000       636.841187       636.836792    
   13420.0000       636.695435       636.691040    
   13440.0000       636.549744       636.545288    
   13460.0000       636.403931       636.399597    
   13480.0000       636.258240       636.253845    
   13500.0000       636.112427       636.108093    
   13520.0000       635.966675       635.962341    
   13540.0000       635.820923       635.816650    
   13560.0000       635.675171       635.670898    
   13580.0000       635.529480       635.525146    
   13600.0000       635.383667       635.379395    
   13620.0000       635.237915       635.233643    
   13640.0000       635.092224       635.087952    
   13660.0000       634.946472       634.942200    
   13680.0000       634.800659       634.796448    
   13700.0000       634.654907       634.650696    
   13720.0000       634.509216       634.505005    
   13740.0000       634.363464       634.359253    
   13760.0000       634.217712       634.213501    
   13780.0000       634.071960       634.067749    
   13800.0000       633.926147       633.921997    
   13820.0000       633.780396       633.776306    
   13840.0000       633.634644       633.630554    
   13860.0000       633.488892       633.484802    
   13880.0000       633.343140       633.339050    
   13900.0000       633.197388       633.193359    
   13920.0000       633.051636       633.047607    
   13940.0000       632.905884       632.901855    
   13960.0000       632.760132       632.756104    
   13980.0000       632.614441       632.610352    
   14000.0000       632.468689       632.464661    
   14020.0000       632.322937       632.318909    
   14040.0000       632.177185       632.173157    
   14060.0000       632.031372       632.027405    
   14080.0000       631.885620       631.881653    
   14100.0000       631.739929       631.735962    
   14120.0000       631.594177       631.590210    
   14140.0000       631.448364       631.444458    
   14160.0000       631.302612       631.298706    
   14180.0000       631.156921       631.153015    
   14200.0000       631.011108       631.007263    
   14220.0000       630.865356       630.861511    
   14240.0000       630.719666       630.715759    
   14260.0000       630.573853       630.570007    
   14280.0000       630.428284       630.424377    
   14300.0000       630.282776       630.278992    
   14320.0000       630.137329       630.133545    
   14340.0000       629.991943       629.988098    
   14360.0000       629.846497       629.842712    
   14380.0000       629.701050       629.697266    
   14400.0000       629.555603       629.551880    
   14420.0000       629.410095       629.406433    
   14440.0000       629.264709       629.260986    
   14460.0000       629.119263       629.115601    
   14480.0000       628.973816       628.970154    
   14500.0000       628.828369       628.824707    
   14520.0000       628.682922       628.679321    
   14540.0000       628.537476       628.533875    
   14560.0000       628.392029       628.388489    
   14580.0000       628.246582       628.243042    
   14600.0000       628.101135       628.097595    
   14620.0000       627.955688       627.952209    
   14640.0000       627.810242       627.806763    
   14660.0000       627.664795       627.661377    
   14680.0000       627.519348       627.515930    
   14700.0000       627.373901       627.370483    
   14720.0000       627.228516       627.225098    
   14740.0000       627.083008       627.079651    
   14760.0000       626.937561       626.934204    
   14780.0000       626.792114       626.788818    
   14800.0000       626.646667       626.643372    
   14820.0000       626.501221       626.497986    
   14840.0000       626.355774       626.352539    
   14860.0000       626.210327       626.207092    
   14880.0000       626.064880       626.061707    
   14900.0000       625.919434       625.916260    
   14920.0000       625.773987       625.770874    
   14940.0000       625.628540       625.625427    
   14960.0000       625.483093       625.479980    
   14980.0000       625.337646       625.334595    
   15000.0000       625.192200       625.189148    
   15020.0000       625.046753       625.043701    
   15040.0000       624.901306       624.898315    
   15060.0000       624.755859       624.752869    
   15080.0000       624.610413       624.607483    
   15100.0000       624.464966       624.462036    
   15120.0000       624.319519       624.316589    
   15140.0000       624.174072       624.171204    
   15160.0000       624.028625       624.025757    
   15180.0000       623.883179       623.880371    
   15200.0000       623.737732       623.734924    
   15220.0000       623.592285       623.589478    
   15240.0000       623.446838       623.444092    
   15260.0000       623.301392       623.298645    
   15280.0000       623.155884       623.153198    
   15300.0000       623.010498       623.007812    
   15320.0000       622.864990       622.862366    
   15340.0000       622.719604       622.716980    
   15360.0000       622.574158       622.571533    
   15380.0000       622.428650       622.426086    
   15400.0000       622.283264       622.280701    
   15420.0000       622.137756       622.135254    
   15440.0000       621.992371       621.989868    
   15460.0000       621.846924       621.844421    
   15480.0000       621.701416       621.698975    
   15500.0000       621.556030       621.553589    
   15520.0000       621.410522       621.408142    
   15540.0000       621.265076       621.262695    
   15560.0000       621.119690       621.117310    
   15580.0000       620.974182       620.971863    
   15600.0000       620.828735       620.826477    
   15620.0000       620.683350       620.681030    
   15640.0000       620.537842       620.535583    
   15660.0000       620.392395       620.390198    
   15680.0000       620.247009       620.244751    
   15700.0000       620.101501       620.099304    
   15720.0000       619.956055       619.953918    
   15740.0000       619.810608       619.808472    
   15760.0000       619.665161       619.663086    
   15780.0000       619.519714       619.517639    
   15800.0000       619.374268       619.372192    
   15820.0000       619.228821       619.226807    
   15840.0000       619.083374       619.081360    
   15860.0000       618.937927       618.935974    
   15880.0000       618.792419       618.790527    
   15900.0000       618.647034       618.645081    
   15920.0000       618.501587       618.499695    
   15940.0000       618.356140       618.354248    
   15960.0000       618.210632       618.208801    
   15980.0000       618.065247       618.063416    
   16000.0000       617.919800       617.917969    
   16020.0000       617.774292       617.772583    
   16040.0000       617.628845       617.627136    
   16060.0000       617.483398       617.481689    
   16080.0000       617.338013       617.336304    
   16100.0000       617.192505       617.190857    
   16120.0000       617.047058       617.045471    
   16140.0000       616.901611       616.900024    
   16160.0000       616.756226       616.754578    
   16180.0000       616.610718       616.609192    
   16200.0000       616.465271       616.463745    
   16220.0000       616.319824       616.318298    
   16240.0000       616.174377       616.172913    
   16260.0000       616.028931       616.027466    
   16280.0000       615.883484       615.882080    
   16300.0000       615.738037       615.736633    
   16320.0000       615.592590       615.591187    
   16340.0000       615.447083       615.445801    
   16360.0000       615.301636       615.300354    
   16380.0000       615.156250       615.154907    
   16400.0000       615.010803       615.009521    
   16420.0000       614.865356       614.864075    
   16440.0000       614.719849       614.718689    
   16460.0000       614.574402       614.573242    
   16480.0000       614.429016       614.427795    
   16500.0000       614.283569       614.282410    
   16520.0000       614.138062       614.136963    
   16540.0000       613.992615       613.991577    
   16560.0000       613.847168       613.846130    
   16580.0000       613.701721       613.700684    
   16600.0000       613.556335       613.555298    
   16620.0000       613.410828       613.409851    
   16640.0000       613.265381       613.264404    
   16660.0000       613.119934       613.119019    
   16680.0000       612.974487       612.973572    
   16700.0000       612.828979       612.828186    
   16720.0000       612.683594       612.682739    
   16740.0000       612.538147       612.537292    
   16760.0000       612.392700       612.391907    
   16780.0000       612.247192       612.246460    
   16800.0000       612.101746       612.101074    
   16820.0000       611.956360       611.955627    
   16840.0000       611.810913       611.810181    
   16860.0000       611.665405       611.664795    
   16880.0000       611.519958       611.519348    
   16900.0000       611.374512       611.373901    
   16920.0000       611.229065       611.228516    
   16940.0000       611.083618       611.083069    
   16960.0000       610.938171       610.937683    
   16980.0000       610.792725       610.792236    
   17000.0000       610.647278       610.646790    
   17020.0000       610.501831       610.501404    
   17040.0000       610.356384       610.355957    
   17060.0000       610.210938       610.210571    
   17080.0000       610.065491       610.065125    
   17100.0000       609.920044       609.919678    
   17120.0000       609.774536       609.774292    
   17140.0000       609.629150       609.628845    
   17160.0000       609.483704       609.483398    
   17180.0000       609.338257       609.338013    
   17200.0000       609.192749       609.192566    
   17220.0000       609.047363       609.047180    
   17240.0000       608.901917       608.901733    
   17260.0000       608.756409       608.756287    
   17280.0000       608.610962       608.610901    
   17300.0000       608.465576       608.465454    
   17320.0000       608.320129       608.320068    
   17340.0000       608.174622       608.174622    
   17360.0000       608.029175       608.029175    
   17380.0000       607.883789       607.883789    
   17400.0000       607.738281       607.738342    
   17420.0000       607.592834       607.592896    
   17440.0000       607.447388       607.447510    
   17460.0000       607.301941       607.302063    
   17480.0000       607.156494       607.156677    
   17500.0000       607.011047       607.011230    
   17520.0000       606.865601       606.865784    
   17540.0000       606.720154       606.720398    
   17560.0000       606.574707       606.574951    
   17580.0000       606.429260       606.429504    
   17600.0000       606.280762       606.280945    
   17620.0000       606.128418       606.128662    
   17640.0000       605.976074       605.976318    
   17660.0000       605.823853       605.824036    
   17680.0000       605.671509       605.671753    
   17700.0000       605.519226       605.519470    
   17720.0000       605.366943       605.367188    
   17740.0000       605.214600       605.214905    
   17760.0000       605.062317       605.062622    
   17780.0000       604.909973       604.910339    
   17800.0000       604.757690       604.758057    
   17820.0000       604.605408       604.605774    
   17840.0000       604.453064       604.453491    
   17860.0000       604.300781       604.301147    
   17880.0000       604.148438       604.148865    
   17900.0000       603.996155       603.996582    
   17920.0000       603.843872       603.844299    
   17940.0000       603.691589       603.692017    
   17960.0000       603.539246       603.539734    
   17980.0000       603.386963       603.387451    
   18000.0000       603.234680       603.235168    
   18020.0000       603.082336       603.082886    
   18040.0000       602.930054       602.930603    
   18060.0000       602.777710       602.778320    
   18080.0000       602.625427       602.625977    
   18100.0000       602.473083       602.473694    
   18120.0000       602.320862       602.321411    
   18140.0000       602.168579       602.169128    
   18160.0000       602.016235       602.016846    
   18180.0000       601.863953       601.864563    
   18200.0000       601.711670       601.712280    
   18220.0000       601.559326       601.559998    
   18240.0000       601.407043       601.407715    
   18260.0000       601.254761       601.255432    
   18280.0000       601.102417       601.103149    
   18300.0000       600.950134       600.950867    
   18320.0000       600.797852       600.798523    
   18340.0000       600.645508       600.646240    
   18360.0000       600.493164       600.493958    
   18380.0000       600.340881       600.341675    
   18400.0000       600.188599       600.189392    
   18420.0000       600.036316       600.037109    
   18440.0000       599.883972       599.884827    
   18460.0000       599.731689       599.732544    
   18480.0000       599.579407       599.580261    
   18500.0000       599.427124       599.427979    
   18520.0000       599.274780       599.275696    
   18540.0000       599.122498       599.123352    
   18560.0000       598.970154       598.971069    
   18580.0000       598.817871       598.818787    
   18600.0000       598.665527       598.666504    
   18620.0000       598.513245       598.514221    
   18640.0000       598.360962       598.361938    
   18660.0000       598.208679       598.209656    
   18680.0000       598.056396       598.057373    
   18700.0000       597.904053       597.905090    
   18720.0000       597.751770       597.752808    
   18740.0000       597.599487       597.600525    
   18760.0000       597.447144       597.448181    
   18780.0000       597.294861       597.295898    
   18800.0000       597.142578       597.143616    
   18820.0000       596.990234       596.991333    
   18840.0000       596.837952       596.839050    
   18860.0000       596.685669       596.686768    
   18880.0000       596.533325       596.534485    
   18900.0000       596.381042       596.382202    
   18920.0000       596.228760       596.229919    
   18940.0000       596.076477       596.077637    
   18960.0000       595.924194       595.925354    
   18980.0000       595.771851       595.773010    
   19000.0000       595.619568       595.620728    
   19020.0000       595.467224       595.468445    
   19040.0000       595.315002       595.316162    
   19060.0000       595.162659       595.163879    
   19080.0000       595.010376       595.011597    
   19100.0000       594.858032       594.859314    
   19120.0000       594.705811       594.707031    
   19140.0000       594.553467       594.554749    
   19160.0000       594.401184       594.402466    
   19180.0000       594.248840       594.250183    
   19200.0000       594.096558       594.097839    
   19220.0000       593.944275       593.945557    
   19240.0000       593.791931       593.793274    
   19260.0000       593.639709       593.640991    
   19280.0000       593.487366       593.488708    
   19300.0000       593.335083       593.336426    
   19320.0000       593.182739       593.184143    
   19340.0000       593.030457       593.031860    
   19360.0000       592.878174       592.879578    
   19380.0000       592.725830       592.727295    
   19400.0000       592.573547       592.575012    
   19420.0000       592.421265       592.422729    
   19440.0000       592.268982       592.270386    
   19460.0000       592.116638       592.118103    
   19480.0000       591.964355       591.965820    
   19500.0000       591.812012       591.813538    
   19520.0000       591.659790       591.661255    
   19540.0000       591.507507       591.508972    
   19560.0000       591.355164       591.356689    
   19580.0000       591.202881       591.204407    
   19600.0000       591.050537       591.052124    
   19620.0000       590.898254       590.899841    
   19640.0000       590.745972       590.747559    
   19660.0000       590.593689       590.595215    
   19680.0000       590.441406       590.442932    
   19700.0000       590.289062       590.290649    
   19720.0000       590.136780       590.138367    
   19740.0000       589.984497       589.986084    
   19760.0000       589.832214       589.833801    
   19780.0000       589.679932       589.681519    
   19800.0000       589.527649       589.529236    
   19820.0000       589.375244       589.376953    
   19840.0000       589.223022       589.224670    
   19860.0000       589.070679       589.072388    
   19880.0000       588.918396       588.920044    
   19900.0000       588.766113       588.767761    
   19920.0000       588.613831       588.615479    
   19940.0000       588.461548       588.463196    
   19960.0000       588.309265       588.310913    
   19980.0000       588.156921       588.158630    
   20000.0000       588.004578       588.006348    
   20020.0000       587.852295       587.854065    
   20040.0000       587.700012       587.701782    
   20060.0000       587.547729       587.549500    
   20080.0000       587.395386       587.397217    
   20100.0000       587.243103       587.244873    
   20120.0000       587.090881       587.092590    
   20140.0000       586.938538       586.940308    
   20160.0000       586.786255       586.788025    
   20180.0000       586.633972       586.635742    
   20200.0000       586.481689       586.483459    
   20220.0000       586.329346       586.331177    
   20240.0000       586.177063       586.178894    
   20260.0000       586.024719       586.026611    
   20280.0000       585.872498       585.874329    
   20300.0000       585.720154       585.722046    
   20320.0000       585.567871       585.569702    
   20340.0000       585.415588       585.417419    
   20360.0000       585.263306       585.265137    
   20380.0000       585.111023       585.112854    
   20400.0000       584.958679       584.960571    
   20420.0000       584.806458       584.808289    
   20440.0000       584.654114       584.656006    
   20460.0000       584.501770       584.503723    
   20480.0000       584.349548       584.351440    
   20500.0000       584.197205       584.199158    
   20520.0000       584.044922       584.046875    
   20540.0000       583.892639       583.894531    
   20560.0000       583.740295       583.742249    
   20580.0000       583.588074       583.589966    
   20600.0000       583.435730       583.437683    
   20620.0000       583.283447       583.285400    
   20640.0000       583.131104       583.133118    
   20660.0000       582.978882       582.980835    
   20680.0000       582.826599       582.828552    
   20700.0000       582.674255       582.676270    
   20720.0000       582.521973       582.523987    
   20740.0000       582.369690       582.371704    
   20760.0000       582.217407       582.219360    
   20780.0000       582.065125       582.067078    
   20800.0000       581.912781       581.914795    
   20820.0000       581.760498       581.762512    
   20840.0000       581.608215       581.610229    
   20860.0000       581.455872       581.457947    
   20880.0000       581.303589       581.305664    
   20900.0000       581.151367       581.153381    
   20920.0000       580.999023       581.001099    
   20940.0000       580.846802       580.848816    
   20960.0000       580.694397       580.696533    
   20980.0000       580.542175       580.544250    
   21000.0000       580.389893       580.391907    
   21020.0000       580.237549       580.239624    
   21040.0000       580.085327       580.087341    
   21060.0000       579.932983       579.935059    
   21080.0000       579.780701       579.782776    
   21100.0000       579.628418       579.630493    
   21120.0000       579.476135       579.478210    
   21140.0000       579.323853       579.325928    
   21160.0000       579.171570       579.173645    
   21180.0000       579.019226       579.021362    
   21200.0000       578.866943       578.869080    
   21220.0000       578.714661       578.716736    
   21240.0000       578.562378       578.564453    
   21260.0000       578.410095       578.412170    
   21280.0000       578.257751       578.259399    
   21300.0000       578.096802       578.097107    
   21320.0000       577.934509       577.934814    
   21340.0000       577.772156       577.772522    
   21360.0000       577.609863       577.610229    
   21380.0000       577.447571       577.447937    
   21400.0000       577.285339       577.285583    
   21420.0000       577.123047       577.123291    
   21440.0000       576.960693       576.960999    
   21460.0000       576.798401       576.798706    
   21480.0000       576.636108       576.636414    
   21500.0000       576.473755       576.474121    
   21520.0000       576.311523       576.311829    
   21540.0000       576.149231       576.149536    
   21560.0000       575.986877       575.987244    
   21580.0000       575.824585       575.824951    
   21600.0000       575.662292       575.662598    
   21620.0000       575.500000       575.500305    
   21640.0000       575.337646       575.338013    
   21660.0000       575.175415       575.175720    
   21680.0000       575.013123       575.013428    
   21700.0000       574.850830       574.851135    
   21720.0000       574.688538       574.688843    
   21740.0000       574.526184       574.526550    
   21760.0000       574.363892       574.364258    
   21780.0000       574.201599       574.201904    
   21800.0000       574.039307       574.039612    
   21820.0000       573.876953       573.877319    
   21840.0000       573.714722       573.715027    
   21860.0000       573.552429       573.552734    
   21880.0000       573.390076       573.390442    
   21900.0000       573.227844       573.228149    
   21920.0000       573.065491       573.065857    
   21940.0000       572.903198       572.903564    
   21960.0000       572.740967       572.741211    
   21980.0000       572.578613       572.578918    
   22000.0000       572.416321       572.416626    
   22020.0000       572.254028       572.254333    
   22040.0000       572.091675       572.092041    
   22060.0000       571.929382       571.929749    
   22080.0000       571.767090       571.767456    
   22100.0000       571.604858       571.605164    
   22120.0000       571.442566       571.442871    
   22140.0000       571.280212       571.280579    
   22160.0000       571.117920       571.118225    
   22180.0000       570.955627       570.955933    
   22200.0000       570.793335       570.793640    
   22220.0000       570.631042       570.631348    
   22240.0000       570.468750       570.469055    
   22260.0000       570.306458       570.306763    
   22280.0000       570.144104       570.144470    
   22300.0000       569.981812       569.982178    
   22320.0000       569.819519       569.819885    
   22340.0000       569.657227       569.657532    
   22360.0000       569.494934       569.495239    
   22380.0000       569.332642       569.332947    
   22400.0000       569.170349       569.170654    
   22420.0000       569.007996       569.008362    
   22440.0000       568.845703       568.846069    
   22460.0000       568.683472       568.683777    
   22480.0000       568.521179       568.521484    
   22500.0000       568.358826       568.359192    
   22520.0000       568.196533       568.196838    
   22540.0000       568.034241       568.034546    
   22560.0000       567.871948       567.872253    
   22580.0000       567.709656       567.709961    
   22600.0000       567.547363       567.547668    
   22620.0000       567.385010       567.385376    
   22640.0000       567.222778       567.223083    
   22660.0000       567.060425       567.060791    
   22680.0000       566.898193       566.898499    
   22700.0000       566.735840       566.736206    
   22720.0000       566.573547       566.573853    
   22740.0000       566.411255       566.411560    
   22760.0000       566.248962       566.249268    
   22780.0000       566.086670       566.086975    
   22800.0000       565.924377       565.924683    
   22820.0000       565.762085       565.762390    
   22840.0000       565.599731       565.600098    
   22860.0000       565.437500       565.437805    
   22880.0000       565.275146       565.275513    
   22900.0000       565.112854       565.113159    
   22920.0000       564.950562       564.950867    
   22940.0000       564.788269       564.788574    
   22960.0000       564.625977       564.626282    
   22980.0000       564.463684       564.463989    
   23000.0000       564.301392       564.301697    
   23020.0000       564.139099       564.139404    
   23040.0000       563.976746       563.977112    
   23060.0000       563.814453       563.814819    
   23080.0000       563.652161       563.652466    
   23100.0000       563.489868       563.490173    
   23120.0000       563.327637       563.327881    
   23140.0000       563.165283       563.165588    
   23160.0000       563.002991       563.003296    
   23180.0000       562.840698       562.841003    
   23200.0000       562.678406       562.678711    
   23220.0000       562.516113       562.516418    
   23240.0000       562.353821       562.354126    
   23260.0000       562.191528       562.191833    
   23280.0000       562.029236       562.029480    
   23300.0000       561.866882       561.867188    
   23320.0000       561.704590       561.704895    
   23340.0000       561.542297       561.542603    
   23360.0000       561.379944       561.380310    
   23380.0000       561.217712       561.218018    
   23400.0000       561.055420       561.055725    
   23420.0000       560.893127       560.893433    
   23440.0000       560.730835       560.731140    
   23460.0000       560.568542       560.568787    
   23480.0000       560.406189       560.406494    
   23500.0000       560.243896       560.244202    
   23520.0000       560.081604       560.081909    
   23540.0000       559.919312       559.919617    
   23560.0000       559.757019       559.757324    
   23580.0000       559.594727       559.595032    
   23600.0000       559.432434       559.432739    
   23620.0000       559.270081       559.270447    
   23640.0000       559.107849       559.108093    
   23660.0000       558.945557       558.945801    
   23680.0000       558.783203       558.783508    
   23700.0000       558.620972       558.621216    
   23720.0000       558.458618       558.458923    
   23740.0000       558.296326       558.296631    
   23760.0000       558.134033       558.134338    
   23780.0000       557.971741       557.972046    
   23800.0000       557.809448       557.809753    
   23820.0000       557.647156       557.647461    
   23840.0000       557.484802       557.485107    
   23860.0000       557.322571       557.322815    
   23880.0000       557.160217       557.160522    
   23900.0000       556.997925       556.998230    
   23920.0000       556.835632       556.835938    
   23940.0000       556.673340       556.673645    
   23960.0000       556.511047       556.511353    
   23980.0000       556.348755       556.349060    
   24000.0000       556.186462       556.186768    
   24020.0000       556.024170       556.024414    
   24040.0000       555.861877       555.862122    
   24060.0000       555.699524       555.699829    
   24080.0000       555.537231       555.537537    
   24100.0000       555.375000       555.375244    
   24120.0000       555.212708       555.212952    
   24140.0000       555.050354       555.050659    
   24160.0000       554.888062       554.888367    
   24180.0000       554.725769       554.726074    
   24200.0000       554.563477       554.563721    
   24220.0000       554.401184       554.401428    
   24240.0000       554.238892       554.239136    
   24260.0000       554.076599       554.076843    
   24280.0000       553.914307       553.914551    
   24300.0000       553.751953       553.752258    
   24320.0000       553.589661       553.589966    
   24340.0000       553.427368       553.427673    
   24360.0000       553.265076       553.265381    
   24380.0000       553.102783       553.103088    
   24400.0000       552.940491       552.940735    
   24420.0000       552.778198       552.778442    
   24440.0000       552.615906       552.616150    
   24460.0000       552.453613       552.453857    
   24480.0000       552.291321       552.291565    
   24500.0000       552.129028       552.129272    
   24520.0000       551.966736       551.966980    
   24540.0000       551.804443       551.804688    
   24560.0000       551.642151       551.642395    
   24580.0000       551.479858       551.480042    
   24600.0000       551.317505       551.317749    
   24620.0000       551.155212       551.155457    
   24640.0000       550.992920       550.993164    
   24660.0000       550.830627       550.830872    
   24680.0000       550.668335       550.668579    
   24700.0000       550.505981       550.506287    
   24720.0000       550.343750       550.343994    
   24740.0000       550.181458       550.181702    
   24760.0000       550.019165       550.019348    
   24780.0000       549.856812       549.857056    
   24800.0000       549.694519       549.694763    
   24820.0000       549.532288       549.532471    
   24840.0000       549.369934       549.370178    
   24860.0000       549.207642       549.207886    
   24880.0000       549.045349       549.045593    
   24900.0000       548.883057       548.883301    
   24920.0000       548.720764       548.721008    
   24940.0000       548.558411       548.558716    
   24960.0000       548.396179       548.396362    
   24980.0000       548.233887       548.234070    
   25000.0000       548.071533       548.071777    
   25020.0000       547.909302       547.909485    
   25040.0000       547.747009       547.747192    
   25060.0000       547.584656       547.584900    
   25080.0000       547.422363       547.422607    
   25100.0000       547.260071       547.260315    
   25120.0000       547.097778       547.098022    
   25140.0000       546.935486       546.935669    
   25160.0000       546.773193       546.773376    
   25180.0000       546.610901       546.611084    
   25200.0000       546.448608       546.448792    
   25220.0000       546.284973       546.284729    
   25240.0000       546.119263       546.119080    
   25260.0000       545.953613       545.953430    
   25280.0000       545.787964       545.787781    
   25300.0000       545.622375       545.622131    
   25320.0000       545.456665       545.456482    
   25340.0000       545.291077       545.290833    
   25360.0000       545.125366       545.125183    
   25380.0000       544.959717       544.959534    
   25400.0000       544.794067       544.793884    
   25420.0000       544.628418       544.628235    
   25440.0000       544.462708       544.462585    
   25460.0000       544.297119       544.296936    
   25480.0000       544.131470       544.131287    
   25500.0000       543.965820       543.965637    
   25520.0000       543.800171       543.799988    
   25540.0000       543.634460       543.634338    
   25560.0000       543.468872       543.468689    
   25580.0000       543.303223       543.303040    
   25600.0000       543.137512       543.137390    
   25620.0000       542.971863       542.971741    
   25640.0000       542.806274       542.806091    
   25660.0000       542.640564       542.640442    
   25680.0000       542.474915       542.474792    
   25700.0000       542.309265       542.309143    
   25720.0000       542.143677       542.143494    
   25740.0000       541.977966       541.977844    
   25760.0000       541.812317       541.812195    
   25780.0000       541.646667       541.646545    
   25800.0000       541.481079       541.480896    
   25820.0000       541.315369       541.315247    
   25840.0000       541.149719       541.149597    
   25860.0000       540.984070       540.983948    
   25880.0000       540.818420       540.818298    
   25900.0000       540.652771       540.652649    
   25920.0000       540.487122       540.487000    
   25940.0000       540.321472       540.321350    
   25960.0000       540.155823       540.155701    
   25980.0000       539.990173       539.989990    
   26000.0000       539.824524       539.824341    
   26020.0000       539.658875       539.658691    
   26040.0000       539.493225       539.493042    
   26060.0000       539.327576       539.327393    
   26080.0000       539.161926       539.161743    
   26100.0000       538.996277       538.996094    
   26120.0000       538.830566       538.830444    
   26140.0000       538.664917       538.664795    
   26160.0000       538.499268       538.499146    
   26180.0000       538.333618       538.333496    
   26200.0000       538.167969       538.167847    
   26220.0000       538.002319       538.002197    
   26240.0000       537.836670       537.836548    
   26260.0000       537.671021       537.670898    
   26280.0000       537.505371       537.505249    
   26300.0000       537.339722       537.339600    
   26320.0000       537.174011       537.173950    
   26340.0000       537.008362       537.008301    
   26360.0000       536.842712       536.842651    
   26380.0000       536.677063       536.677002    
   26400.0000       536.511414       536.511353    
   26420.0000       536.345825       536.345703    
   26440.0000       536.180176       536.180054    
   26460.0000       536.014526       536.014404    
   26480.0000       535.848877       535.848755    
   26500.0000       535.683228       535.683105    
   26520.0000       535.517517       535.517456    
   26540.0000       535.351868       535.351807    
   26560.0000       535.186218       535.186157    
   26580.0000       535.020569       535.020508    
   26600.0000       534.854919       534.854858    
   26620.0000       534.689270       534.689209    
   26640.0000       534.523621       534.523560    
   26660.0000       534.357971       534.357910    
   26680.0000       534.192322       534.192261    
   26700.0000       534.026672       534.026611    
   26720.0000       533.860962       533.860962    
   26740.0000       533.695312       533.695312    
   26760.0000       533.529724       533.529663    
   26780.0000       533.364075       533.364014    
   26800.0000       533.198425       533.198364    
   26820.0000       533.032715       533.032715    
   26840.0000       532.867065       532.867065    
   26860.0000       532.701477       532.701416    
   26880.0000       532.535767       532.535767    
   26900.0000       532.370117       532.370056    
   26920.0000       532.204468       532.204407    
   26940.0000       532.038818       532.038757    
   26960.0000       531.873169       531.873108    
   26980.0000       531.707520       531.707458    
   27000.0000       531.541870       531.541809    
   27020.0000       531.376221       531.376160    
   27040.0000       531.210571       531.210510    
   27060.0000       531.044922       531.044861    
   27080.0000       530.879272       530.879211    
   27100.0000       530.713562       530.713562    
   27120.0000       530.547974       530.547913    
   27140.0000       530.382324       530.382263    
   27160.0000       530.216675       530.216614    
   27180.0000       530.050964       530.050964    
   27200.0000       529.885376       529.885315    
   27220.0000       529.719666       529.719666    
   27240.0000       529.554016       529.554016    
   27260.0000       529.388367       529.388367    
   27280.0000       529.222778       529.222717    
   27300.0000       529.057068       529.057068    
   27320.0000       528.891418       528.891418    
   27340.0000       528.725708       528.725769    
   27360.0000       528.560120       528.560120    
   27380.0000       528.394470       528.394470    
   27400.0000       528.228821       528.228821    
   27420.0000       528.063171       528.063171    
   27440.0000       527.897522       527.897522    
   27460.0000       527.731812       527.731873    
   27480.0000       527.566162       527.566223    
   27500.0000       527.400574       527.400574    
   27520.0000       527.234924       527.234924    
   27540.0000       527.069214       527.069275    
   27560.0000       526.903625       526.903625    
   27580.0000       526.737915       526.737976    
   27600.0000       526.572266       526.572327    
   27620.0000       526.406677       526.406677    
   27640.0000       526.240967       526.241028    
   27660.0000       526.075317       526.075378    
   27680.0000       525.909668       525.909729    
   27700.0000       525.744019       525.744080    
   27720.0000       525.578369       525.578430    
   27740.0000       525.412720       525.412781    
   27760.0000       525.247070       525.247070    
   27780.0000       525.081421       525.081421    
   27800.0000       524.915771       524.915771    
   27820.0000       524.750061       524.750122    
   27840.0000       524.584473       524.584473    
   27860.0000       524.418762       524.418823    
   27880.0000       524.253113       524.253174    
   27900.0000       524.087524       524.087524    
   27920.0000       523.921875       523.921875    
   27940.0000       523.756165       523.756226    
   27960.0000       523.590515       523.590576    
   27980.0000       523.424866       523.424927    
   28000.0000       523.259216       523.259277    
   28020.0000       523.093567       523.093628    
   28040.0000       522.927979       522.927979    
   28060.0000       522.762268       522.762329    
   28080.0000       522.596619       522.596680    
   28100.0000       522.430969       522.431030    
   28120.0000       522.265320       522.265381    
   28140.0000       522.099670       522.099731    
   28160.0000       521.934021       521.934082    
   28180.0000       521.768311       521.768433    
   28200.0000       521.602722       521.602783    
   28220.0000       521.437073       521.437134    
   28240.0000       521.271362       521.271484    
   28260.0000       521.105713       521.105835    
   28280.0000       520.940125       520.940186    
   28300.0000       520.774475       520.774536    
   28320.0000       520.608765       520.608887    
   28340.0000       520.443115       520.443237    
   28360.0000       520.277466       520.277588    
   28380.0000       520.111877       520.111938    
   28400.0000       519.946167       519.946289    
   28420.0000       519.780518       519.780640    
   28440.0000       519.614868       519.614990    
   28460.0000       519.449158       519.449341    
   28480.0000       519.283569       519.283691    
   28500.0000       519.117920       519.118042    
   28520.0000       518.952271       518.952393    
   28540.0000       518.786621       518.786743    
   28560.0000       518.620911       518.621094    
   28580.0000       518.455261       518.455444    
   28600.0000       518.289673       518.289795    
   28620.0000       518.124023       518.124146    
   28640.0000       517.958374       517.958496    
   28660.0000       517.792664       517.792847    
   28680.0000       517.627014       517.627136    
   28700.0000       517.461365       517.461487    
   28720.0000       517.295715       517.295837    
   28740.0000       517.130066       517.130188    
   28760.0000       516.964478       516.964539    
   28780.0000       516.798767       516.798889    
   28800.0000       516.633118       516.633240    
   28820.0000       516.467468       516.467590    
   28840.0000       516.301819       516.301941    
   28860.0000       516.136169       516.136292    
   28880.0000       515.970520       515.970642    
   28900.0000       515.804871       515.804993    
   28920.0000       515.639221       515.639343    
   28940.0000       515.473572       515.473694    
   28960.0000       515.307861       515.308044    
   28980.0000       515.142212       515.142395    
   29000.0000       514.976624       514.976746    
   29020.0000       514.810913       514.811096    
   29040.0000       514.645264       514.645447    
   29060.0000       514.479614       514.479797    
   29080.0000       514.313965       514.314148    
   29100.0000       514.148071       514.148499    
   29120.0000       513.977600       513.978271    
   29140.0000       513.807129       513.807800    
   29160.0000       513.636658       513.637329    
   29180.0000       513.466248       513.466919    
   29200.0000       513.295776       513.296448    
   29220.0000       513.125305       513.125977    
   29240.0000       512.954834       512.955566    
   29260.0000       512.784424       512.785095    
   29280.0000       512.613953       512.614624    
   29300.0000       512.443420       512.444214    
   29320.0000       512.272949       512.273743    
   29340.0000       512.102539       512.103271    
   29360.0000       511.932068       511.932831    
   29380.0000       511.761627       511.762390    
   29400.0000       511.591156       511.591919    
   29420.0000       511.420685       511.421478    
   29440.0000       511.250244       511.251038    
   29460.0000       511.079803       511.080566    
   29480.0000       510.909302       510.910126    
   29500.0000       510.738861       510.739685    
   29520.0000       510.568420       510.569214    
   29540.0000       510.397949       510.398773    
   29560.0000       510.227509       510.228333    
   29580.0000       510.057037       510.057861    
   29600.0000       509.886597       509.887421    
   29620.0000       509.716095       509.716949    
   29640.0000       509.545685       509.546509    
   29660.0000       509.375183       509.376068    
   29680.0000       509.204742       509.205597    
   29700.0000       509.034302       509.035156    
   29720.0000       508.863831       508.864716    
   29740.0000       508.693359       508.694244    
   29760.0000       508.522919       508.523804    
   29780.0000       508.352448       508.353363    
   29800.0000       508.182007       508.182892    
   29820.0000       508.011536       508.012451    
   29840.0000       507.841064       507.841980    
   29860.0000       507.670593       507.671539    
   29880.0000       507.500153       507.501099    
   29900.0000       507.329712       507.330627    
   29920.0000       507.159271       507.160187    
   29940.0000       506.988800       506.989746    
   29960.0000       506.818329       506.819275    
   29980.0000       506.647888       506.648834    
   30000.0000       506.477417       506.478394    
   30020.0000       506.306976       506.307922    
   30040.0000       506.136505       506.137482    
   30060.0000       505.966034       505.967010    
   30080.0000       505.795593       505.796570    
   30100.0000       505.625122       505.626129    
   30120.0000       505.454651       505.455658    
   30140.0000       505.284210       505.285217    
   30160.0000       505.113770       505.114777    
   30180.0000       504.943298       504.944305    
   30200.0000       504.772827       504.773865    
   30220.0000       504.602386       504.603424    
   30240.0000       504.431915       504.432953    
   30260.0000       504.261444       504.262512    
   30280.0000       504.091003       504.092041    
   30300.0000       503.920532       503.921600    
   30320.0000       503.750092       503.751160    
   30340.0000       503.579651       503.580688    
   30360.0000       503.409180       503.410248    
   30380.0000       503.238708       503.239807    
   30400.0000       503.068268       503.069336    
   30420.0000       502.897797       502.898895    
   30440.0000       502.727356       502.728455    
   30460.0000       502.556885       502.557983    
   30480.0000       502.386414       502.387543    
   30500.0000       502.215973       502.217102    
   30520.0000       502.045532       502.046631    
   30540.0000       501.875061       501.876190    
   30560.0000       501.704620       501.705719    
   30580.0000       501.534149       501.535278    
   30600.0000       501.363678       501.364838    
   30620.0000       501.193237       501.194366    
   30640.0000       501.022766       501.023926    
   30660.0000       500.852325       500.853485    
   30680.0000       500.681854       500.683014    
   30700.0000       500.511414       500.512573    
   30720.0000       500.340942       500.342102    
   30740.0000       500.170502       500.171661    
   30760.0000       500.000061       500.001221    
   30780.0000       499.829559       499.830750    
   30800.0000       499.659119       499.660309    
   30820.0000       499.488678       499.489868    
   30840.0000       499.318237       499.319397    
   30860.0000       499.147766       499.148956    
   30880.0000       498.977295       498.978516    
   30900.0000       498.806854       498.808044    
   30920.0000       498.636414       498.637604    
   30940.0000       498.465912       498.467133    
   30960.0000       498.295502       498.296692    
   30980.0000       498.125031       498.126251    
   31000.0000       497.954590       497.955780    
   31020.0000       497.784119       497.785339    
   31040.0000       497.613647       497.614899    
   31060.0000       497.443237       497.444427    
   31080.0000       497.272766       497.273987    
   31100.0000       497.102295       497.103546    
   31120.0000       496.931854       496.933075    
   31140.0000       496.761383       496.762634    
   31160.0000       496.590912       496.592163    
   31180.0000       496.420471       496.421722    
   31200.0000       496.250000       496.251282    
   31220.0000       496.079559       496.080811    
   31240.0000       495.909088       495.910370    
   31260.0000       495.738647       495.739929    
   31280.0000       495.568207       495.569458    
   31300.0000       495.397766       495.399017    
   31320.0000       495.227264       495.228577    
   31340.0000       495.056824       495.058105    
   31360.0000       494.886383       494.887665    
   31380.0000       494.715912       494.717224    
   31400.0000       494.545471       494.546753    
   31420.0000       494.375031       494.376312    
   31440.0000       494.204559       494.205841    
   31460.0000       494.034119       494.035400    
   31480.0000       493.863647       493.864960    
   31500.0000       493.693176       493.694489    
   31520.0000       493.522736       493.524048    
   31540.0000       493.352295       493.353607    
   31560.0000       493.181824       493.183136    
   31580.0000       493.011383       493.012695    
   31600.0000       492.840912       492.842224    
   31620.0000       492.670471       492.671783    
   31640.0000       492.500000       492.501343    
   31660.0000       492.329559       492.330872    
   31680.0000       492.159088       492.160431    
   31700.0000       491.988647       491.989990    
   31720.0000       491.818207       491.819519    
   31740.0000       491.647736       491.649078    
   31760.0000       491.477295       491.478638    
   31780.0000       491.306854       491.308167    
   31800.0000       491.136383       491.137726    
   31820.0000       490.965942       490.967285    
   31840.0000       490.795471       490.796814    
   31860.0000       490.625000       490.626373    
   31880.0000       490.454559       490.455902    
   31900.0000       490.284119       490.285461    
   31920.0000       490.113678       490.115021    
   31940.0000       489.943237       489.944550    
   31960.0000       489.772766       489.774109    
   31980.0000       489.602295       489.603668    
   32000.0000       489.431854       489.433197    
   32020.0000       489.261383       489.262756    
   32040.0000       489.090942       489.092316    
   32060.0000       488.920471       488.921844    
   32080.0000       488.750061       488.751404    
   32100.0000       488.579590       488.580933    
   32120.0000       488.409119       488.410492    
   32140.0000       488.238678       488.240051    
   32160.0000       488.068237       488.069580    
   32180.0000       487.897766       487.899139    
   32200.0000       487.727325       487.728699    
   32220.0000       487.556854       487.558228    
   32240.0000       487.386414       487.387787    
   32260.0000       487.215973       487.217346    
   32280.0000       487.045502       487.046875    
   32300.0000       486.875031       486.876434    
   32320.0000       486.704620       486.705963    
   32340.0000       486.534149       486.535522    
   32360.0000       486.363708       486.365082    
   32380.0000       486.193237       486.194611    
   32400.0000       486.022797       486.024170    
   32420.0000       485.852325       485.853729    
   32440.0000       485.681915       485.683258    
   32460.0000       485.511444       485.512817    
   32480.0000       485.340973       485.342377    
   32500.0000       485.170502       485.171906    
   32520.0000       485.000092       485.001465    
   32540.0000       484.829651       484.830994    
   32560.0000       484.659180       484.660553    
   32580.0000       484.488708       484.490112    
   32600.0000       484.318268       484.319641    
   32620.0000       484.147827       484.149200    
   32640.0000       483.977386       483.978760    
   32660.0000       483.806885       483.808289    
   32680.0000       483.636475       483.637848    
   32700.0000       483.466003       483.467407    
   32720.0000       483.295563       483.296936    
   32740.0000       483.125092       483.126495    
   32760.0000       482.954651       482.956024    
   32780.0000       482.783020       482.785217    
   32800.0000       482.608582       482.610809    
   32820.0000       482.434174       482.436401    
   32840.0000       482.259766       482.261993    
   32860.0000       482.085388       482.087585    
   32880.0000       481.910950       481.913177    
   32900.0000       481.736572       481.738770    
   32920.0000       481.562134       481.564362    
   32940.0000       481.387726       481.389954    
   32960.0000       481.213318       481.215546    
   32980.0000       481.038971       481.041138    
   33000.0000       480.864532       480.866730    
   33020.0000       480.690125       480.692352    
   33040.0000       480.515717       480.517944    
   33060.0000       480.341309       480.343536    
   33080.0000       480.166901       480.169128    
   33100.0000       479.992493       479.994720    
   33120.0000       479.818085       479.820312    
   33140.0000       479.643707       479.645905    
   33160.0000       479.469299       479.471497    
   33180.0000       479.294891       479.297089    
   33200.0000       479.120483       479.122681    
   33220.0000       478.946075       478.948273    
   33240.0000       478.771667       478.773865    
   33260.0000       478.597260       478.599457    
   33280.0000       478.422852       478.425049    
   33300.0000       478.248474       478.250641    
   33320.0000       478.074036       478.076233    
   33340.0000       477.899628       477.901825    
   33360.0000       477.725250       477.727417    
   33380.0000       477.550842       477.553009    
   33400.0000       477.376434       477.378601    
   33420.0000       477.202026       477.204224    
   33440.0000       477.027649       477.029816    
   33460.0000       476.853241       476.855408    
   33480.0000       476.678802       476.681000    
   33500.0000       476.504425       476.506592    
   33520.0000       476.330048       476.332184    
   33540.0000       476.155640       476.157776    
   33560.0000       475.981232       475.983368    
   33580.0000       475.806854       475.808960    
   33600.0000       475.632446       475.634552    
   33620.0000       475.458038       475.460144    
   33640.0000       475.283630       475.285736    
   33660.0000       475.109222       475.111328    
   33680.0000       474.934814       474.936920    
   33700.0000       474.760406       474.762512    
   33720.0000       474.585968       474.588104    
   33740.0000       474.411591       474.413696    
   33760.0000       474.237244       474.239288    
   33780.0000       474.062836       474.064880    
   33800.0000       473.888428       473.890503    
   33820.0000       473.713989       473.716095    
   33840.0000       473.539551       473.541687    
   33860.0000       473.365234       473.367279    
   33880.0000       473.190796       473.192871    
   33900.0000       473.016388       473.018463    
   33920.0000       472.842010       472.844055    
   33940.0000       472.667603       472.669647    
   33960.0000       472.493195       472.495239    
   33980.0000       472.318817       472.320831    
   34000.0000       472.144379       472.146423    
   34020.0000       471.970032       471.972015    
   34040.0000       471.795593       471.797607    
   34060.0000       471.621216       471.623199    
   34080.0000       471.446777       471.448792    
   34100.0000       471.272430       471.274384    
   34120.0000       471.097992       471.099976    
   34140.0000       470.923584       470.925568    
   34160.0000       470.749237       470.751160    
   34180.0000       470.574799       470.576782    
   34200.0000       470.400421       470.402374    
   34220.0000       470.225983       470.227966    
   34240.0000       470.051575       470.053558    
   34260.0000       469.877228       469.879150    
   34280.0000       469.702850       469.704742    
   34300.0000       469.528381       469.530334    
   34320.0000       469.353973       469.355927    
   34340.0000       469.179626       469.181519    
   34360.0000       469.005219       469.007111    
   34380.0000       468.830841       468.832703    
   34400.0000       468.656372       468.658295    
   34420.0000       468.481995       468.483887    
   34440.0000       468.307587       468.309479    
   34460.0000       468.133209       468.135071    
   34480.0000       467.958801       467.960663    
   34500.0000       467.784424       467.786255    
   34520.0000       467.610016       467.611847    
   34540.0000       467.435608       467.437439    
   34560.0000       467.261200       467.263062    
   34580.0000       467.086823       467.088654    
   34600.0000       466.912384       466.914246    
   34620.0000       466.738007       466.739838    
   34640.0000       466.563690       466.565430    
   34660.0000       466.389252       466.391022    
   34680.0000       466.214874       466.216614    
   34700.0000       466.040436       466.042206    
   34720.0000       465.866028       465.867798    
   34740.0000       465.691620       465.693390    
   34760.0000       465.517273       465.518982    
   34780.0000       465.342834       465.344574    
   34800.0000       465.168427       465.170166    
   34820.0000       464.994110       464.995758    
   34840.0000       464.819672       464.821350    
   34860.0000       464.645264       464.646942    
   34880.0000       464.470886       464.472534    
   34900.0000       464.296478       464.298126    
   34920.0000       464.122070       464.123718    
   34940.0000       463.947693       463.949341    
   34960.0000       463.773285       463.774933    
   34980.0000       463.598907       463.600525    
   35000.0000       463.424469       463.426117    
   35020.0000       463.250122       463.251709    
   35040.0000       463.075684       463.077301    
   35060.0000       462.901306       462.902893    
   35080.0000       462.726898       462.728485    
   35100.0000       462.552521       462.554077    
   35120.0000       462.378082       462.379669    
   35140.0000       462.203735       462.205261    
   35160.0000       462.029327       462.030853    
   35180.0000       461.854889       461.856445    
   35200.0000       461.680542       461.682037    
   35220.0000       461.506134       461.507629    
   35240.0000       461.331696       461.333221    
   35260.0000       461.157349       461.158813    
   35280.0000       460.982941       460.984406    
   35300.0000       460.808563       460.809998    
   35320.0000       460.634125       460.635620    
   35340.0000       460.459717       460.461212    
   35360.0000       460.285370       460.286804    
   35380.0000       460.110992       460.112396    
   35400.0000       459.936615       459.937988    
   35420.0000       459.762207       459.763580    
   35440.0000       459.587799       459.589172    
   35460.0000       459.413361       459.414764    
   35480.0000       459.238953       459.240356    
   35500.0000       459.064575       459.065948    
   35520.0000       458.890198       458.891541    
   35540.0000       458.715820       458.717133    
   35560.0000       458.541382       458.542725    
   35580.0000       458.367004       458.368317    
   35600.0000       458.192627       458.193909    
   35620.0000       458.018219       458.019501    
   35640.0000       457.843811       457.845093    
   35660.0000       457.669464       457.670685    
   35680.0000       457.495087       457.496277    
   35700.0000       457.320679       457.321899    
   35720.0000       457.146301       457.147491    
   35740.0000       456.971863       456.973083    
   35760.0000       456.797455       456.798676    
   35780.0000       456.623077       456.624268    
   35800.0000       456.448730       456.449860    
   35820.0000       456.274323       456.275452    
   35840.0000       456.099884       456.101044    
   35860.0000       455.925507       455.926636    
   35880.0000       455.751160       455.752228    
   35900.0000       455.576752       455.577820    
   35920.0000       455.402344       455.403412    
   35940.0000       455.227905       455.229004    
   35960.0000       455.053558       455.054596    
   35980.0000       454.879150       454.880188    
   36000.0000       454.704742       454.705780    
   36020.0000       454.530396       454.531372    
   36040.0000       454.355988       454.356964    
   36060.0000       454.181641       454.182556    
   36080.0000       454.007202       454.008179    
   36100.0000       453.832764       453.833771    
   36120.0000       453.658417       453.659363    
   36140.0000       453.484009       453.484955    
   36160.0000       453.309662       453.310547    
   36180.0000       453.135193       453.136139    
   36200.0000       452.960846       452.961731    
   36220.0000       452.786438       452.787323    
   36240.0000       452.612061       452.612915    
   36260.0000       452.443512       452.443787    
   36280.0000       452.275970       452.276245    
   36300.0000       452.108368       452.108673    
   36320.0000       451.940857       451.941101    
   36340.0000       451.773254       451.773560    
   36360.0000       451.605743       451.605988    
   36380.0000       451.438202       451.438446    
   36400.0000       451.270599       451.270874    
   36420.0000       451.103088       451.103302    
   36440.0000       450.935486       450.935760    
   36460.0000       450.767975       450.768188    
   36480.0000       450.600433       450.600647    
   36500.0000       450.432831       450.433075    
   36520.0000       450.265289       450.265533    
   36540.0000       450.097778       450.097961    
   36560.0000       449.930237       449.930389    
   36580.0000       449.762634       449.762848    
   36600.0000       449.595093       449.595276    
   36620.0000       449.427551       449.427734    
   36640.0000       449.259979       449.260162    
   36660.0000       449.092438       449.092590    
   36680.0000       448.924896       448.925049    
   36700.0000       448.757355       448.757477    
   36720.0000       448.589813       448.589935    
   36740.0000       448.422180       448.422363    
   36760.0000       448.254639       448.254822    
   36780.0000       448.087097       448.087250    
   36800.0000       447.919556       447.919678    
   36820.0000       447.752014       447.752136    
   36840.0000       447.584473       447.584564    
   36860.0000       447.416840       447.417023    
   36880.0000       447.249298       447.249451    
   36900.0000       447.081757       447.081909    
   36920.0000       446.914215       446.914337    
   36940.0000       446.746674       446.746765    
   36960.0000       446.579132       446.579224    
   36980.0000       446.411560       446.411652    
   37000.0000       446.244019       446.244110    
   37020.0000       446.076477       446.076538    
   37040.0000       445.908905       445.908966    
   37060.0000       445.741364       445.741425    
   37080.0000       445.573822       445.573853    
   37100.0000       445.406281       445.406311    
   37120.0000       445.238708       445.238739    
   37140.0000       445.071167       445.071198    
   37160.0000       444.903595       444.903625    
   37180.0000       444.736053       444.736053    
   37200.0000       444.568512       444.568512    
   37220.0000       444.400940       444.400940    
   37240.0000       444.233398       444.233398    
   37260.0000       444.065826       444.065826    
   37280.0000       443.898285       443.898254    
   37300.0000       443.730713       443.730713    
   37320.0000       443.563171       443.563141    
   37340.0000       443.395599       443.395599    
   37360.0000       443.228058       443.228027    
   37380.0000       443.060486       443.060486    
   37400.0000       442.892914       442.892914    
   37420.0000       442.725372       442.725342    
   37440.0000       442.557800       442.557800    
   37460.0000       442.390259       442.390228    
   37480.0000       442.222687       442.222687    
   37500.0000       442.055206       442.055115    
   37520.0000       441.887634       441.887573    
   37540.0000       441.720062       441.720001    
   37560.0000       441.552521       441.552429    
   37580.0000       441.384949       441.384888    
   37600.0000       441.217377       441.217316    
   37620.0000       441.049835       441.049774    
   37640.0000       440.882263       440.882202    
   37660.0000       440.714752       440.714630    
   37680.0000       440.547211       440.547089    
   37700.0000       440.379639       440.379517    
   37720.0000       440.212067       440.211975    
   37740.0000       440.044495       440.044403    
   37760.0000       439.876953       439.876862    
   37780.0000       439.709381       439.709290    
   37800.0000       439.541901       439.541718    
   37820.0000       439.374329       439.374176    
   37840.0000       439.206787       439.206604    
   37860.0000       439.039215       439.039062    
   37880.0000       438.871643       438.871490    
   37900.0000       438.704102       438.703918    
   37920.0000       438.536591       438.536377    
   37940.0000       438.369019       438.368805    
   37960.0000       438.201447       438.201263    
   37980.0000       438.033875       438.033691    
   38000.0000       437.866333       437.866150    
   38020.0000       437.698822       437.698578    
   38040.0000       437.531250       437.531006    
   38060.0000       437.363678       437.363464    
   38080.0000       437.196136       437.195892    
   38100.0000       437.028564       437.028351    
   38120.0000       436.860992       436.860779    
   38140.0000       436.693481       436.693207    
   38160.0000       436.525940       436.525665    
   38180.0000       436.358368       436.358093    
   38200.0000       436.190796       436.190552    
   38220.0000       436.023224       436.022980    
   38240.0000       435.855652       435.855438    
   38260.0000       435.688171       435.687866    
   38280.0000       435.520599       435.520294    
   38300.0000       435.353027       435.352753    
   38320.0000       435.185455       435.185181    
   38340.0000       435.017914       435.017639    
   38360.0000       434.850342       434.850067    
   38380.0000       434.682831       434.682526    
   38400.0000       434.515289       434.514954    
   38420.0000       434.347717       434.347382    
   38440.0000       434.180145       434.179840    
   38460.0000       434.012573       434.012268    
   38480.0000       433.845032       433.844727    
   38500.0000       433.677521       433.677155    
   38520.0000       433.509949       433.509583    
   38540.0000       433.342407       433.342041    
   38560.0000       433.174835       433.174469    
   38580.0000       433.007263       433.006927    
   38600.0000       432.839722       432.839355    
   38620.0000       432.672150       432.671814    
   38640.0000       432.504578       432.504242    
   38660.0000       432.337097       432.336670    
   38680.0000       432.169556       432.169128    
   38700.0000       432.001984       432.001556    
   38720.0000       431.834442       431.834015    
   38740.0000       431.666840       431.666443    
   38760.0000       431.499329       431.498901    
   38780.0000       431.331726       431.331329    
   38800.0000       431.164215       431.163757    
   38820.0000       430.996613       430.996216    
   38840.0000       430.829102       430.828644    
   38860.0000       430.661499       430.661102    
   38880.0000       430.493988       430.493530    
   38900.0000       430.326385       430.325958    
   38920.0000       430.158875       430.158417    
   38940.0000       429.991272       429.990845    
   38960.0000       429.823761       429.823303    
   38980.0000       429.656189       429.655731    
   39000.0000       429.488647       429.488190    
   39020.0000       429.321075       429.320618    
   39040.0000       429.153534       429.153046    
   39060.0000       428.985962       428.985504    
   39080.0000       428.818420       428.817932    
   39100.0000       428.650848       428.650391    
   39120.0000       428.483307       428.482819    
   39140.0000       428.315765       428.315247    
   39160.0000       428.148224       428.147705    
   39180.0000       427.980652       427.980133    
   39200.0000       427.813110       427.812592    
   39220.0000       427.645569       427.645020    
   39240.0000       427.478027       427.477478    
   39260.0000       427.310486       427.309906    
   39280.0000       427.142883       427.142334    
   39300.0000       426.975311       426.974792    
   39320.0000       426.807770       426.807220    
   39340.0000       426.640228       426.639679    
   39360.0000       426.472687       426.472107    
   39380.0000       426.305145       426.304565    
   39400.0000       426.137543       426.136993    
   39420.0000       425.970001       425.969421    
   39440.0000       425.802460       425.801880    
   39460.0000       425.634949       425.634308    
   39480.0000       425.467407       425.466766    
   39500.0000       425.300903       425.304077    
   39520.0000       425.155640       425.158844    
   39540.0000       425.010376       425.013611    
   39560.0000       424.865173       424.868408    
   39580.0000       424.719849       424.723175    
   39600.0000       424.574646       424.577942    
   39620.0000       424.429352       424.432709    
   39640.0000       424.284149       424.287476    
   39660.0000       424.138855       424.142273    
   39680.0000       423.993652       423.997040    
   39700.0000       423.848389       423.851807    
   39720.0000       423.703125       423.706573    
   39740.0000       423.557861       423.561340    
   39760.0000       423.412598       423.416138    
   39780.0000       423.267395       423.270905    
   39800.0000       423.122101       423.125671    
   39820.0000       422.976837       422.980438    
   39840.0000       422.831635       422.835236    
   39860.0000       422.686371       422.690002    
   39880.0000       422.541077       422.544769    
   39900.0000       422.395844       422.399536    
   39920.0000       422.250641       422.254303    
   39940.0000       422.105377       422.109100    
   39960.0000       421.960083       421.963867    
   39980.0000       421.814850       421.818634    
   40000.0000       421.669586       421.673401    
   40020.0000       421.524384       421.528168    
   40040.0000       421.379120       421.382965    
   40060.0000       421.233856       421.237732    
   40080.0000       421.088623       421.092499    
   40100.0000       420.943359       420.947266    
   40120.0000       420.798126       420.802063    
   40140.0000       420.652863       420.656830    
   40160.0000       420.507599       420.511597    
   40180.0000       420.362366       420.366364    
   40200.0000       420.217133       420.221130    
   40220.0000       420.071899       420.075928    
   40240.0000       419.926605       419.930695    
   40260.0000       419.781372       419.785461    
   40280.0000       419.636139       419.640228    
   40300.0000       419.490906       419.494995    
   40320.0000       419.345612       419.349792    
   40340.0000       419.200348       419.204559    
   40360.0000       419.055115       419.059326    
   40380.0000       418.909912       418.914093    
   40400.0000       418.764679       418.768890    
   40420.0000       418.619385       418.623657    
   40440.0000       418.474152       418.478424    
   40460.0000       418.328888       418.333191    
   40480.0000       418.183685       418.187958    
   40500.0000       418.038391       418.042755    
   40520.0000       417.893188       417.897522    
   40540.0000       417.747955       417.752289    
   40560.0000       417.602692       417.607056    
   40580.0000       417.457428       417.461823    
   40600.0000       417.312164       417.316620    
   40620.0000       417.166962       417.171387    
   40640.0000       417.021667       417.026154    
   40660.0000       416.876465       416.880920    
   40680.0000       416.731201       416.735718    
   40700.0000       416.585999       416.590485    
   40720.0000       416.440704       416.445251    
   40740.0000       416.295502       416.300018    
   40760.0000       416.150238       416.154785    
   40780.0000       416.004974       416.009583    
   40800.0000       415.859772       415.864349    
   40820.0000       415.714508       415.719116    
   40840.0000       415.569244       415.573883    
   40860.0000       415.423981       415.428650    
   40880.0000       415.278778       415.283447    
   40900.0000       415.133514       415.138214    
   40920.0000       414.988251       414.992981    
   40940.0000       414.843018       414.847748    
   40960.0000       414.697754       414.702515    
   40980.0000       414.552582       414.557312    
   41000.0000       414.407349       414.412079    
   41020.0000       414.262085       414.266846    
   41040.0000       414.116852       414.121613    
   41060.0000       413.971619       413.976410    
   41080.0000       413.826355       413.831177    
   41100.0000       413.681122       413.685944    
   41120.0000       413.535858       413.540710    
   41140.0000       413.390625       413.395477    
   41160.0000       413.245392       413.250275    
   41180.0000       413.100098       413.105042    
   41200.0000       412.954865       412.959808    
   41220.0000       412.809631       412.814575    
   41240.0000       412.664429       412.669342    
   41260.0000       412.519196       412.524139    
   41280.0000       412.373901       412.378906    
   41300.0000       412.228699       412.233673    
   41320.0000       412.083466       412.088440    
   41340.0000       411.938263       411.943237    
   41360.0000       411.792969       411.798004    
   41380.0000       411.647766       411.652771    
   41400.0000       411.502472       411.507538    
   41420.0000       411.357269       411.362305    
   41440.0000       411.212067       411.217102    
   41460.0000       411.066803       411.071869    
   41480.0000       410.921600       410.926636    
   41500.0000       410.776306       410.781403    
   41520.0000       410.631042       410.636169    
   41540.0000       410.485840       410.490967    
   41560.0000       410.340607       410.345734    
   41580.0000       410.195404       410.200500    
   41600.0000       410.050140       410.055267    
   41620.0000       409.904877       409.910065    
   41640.0000       409.759674       409.764832    
   41660.0000       409.614441       409.619598    
   41680.0000       409.469177       409.474365    
   41700.0000       409.323944       409.329132    
   41720.0000       409.178680       409.183929    
   41740.0000       409.033508       409.038696    
   41760.0000       408.888245       408.893463    
   41780.0000       408.743042       408.748230    
   41800.0000       408.597809       408.602997    
   41820.0000       408.452576       408.457794    
   41840.0000       408.307343       408.312561    
   41860.0000       408.162109       408.167328    
   41880.0000       408.016876       408.022095    
   41900.0000       407.871643       407.876892    
   41920.0000       407.726410       407.731659    
   41940.0000       407.581177       407.586426    
   41960.0000       407.435883       407.441193    
   41980.0000       407.290649       407.295959    
   42000.0000       407.145447       407.150757    
   42020.0000       407.000214       407.005524    
   42040.0000       406.854980       406.860291    
   42060.0000       406.709747       406.715057    
   42080.0000       406.564545       406.569824    
   42100.0000       406.419250       406.424622    
   42120.0000       406.274048       406.279388    
   42140.0000       406.128845       406.134155    
   42160.0000       405.983582       405.988922    
   42180.0000       405.838409       405.843689    
   42200.0000       405.693146       405.698486    
   42220.0000       405.547913       405.553253    
   42240.0000       405.402679       405.408020    
   42260.0000       405.257477       405.262787    
   42280.0000       405.112213       405.117584    
   42300.0000       404.966949       404.972351    
   42320.0000       404.821777       404.827118    
   42340.0000       404.676544       404.681885    
   42360.0000       404.531281       404.536652    
   42380.0000       404.386108       404.391449    
   42400.0000       404.240845       404.246216    
   42420.0000       404.095642       404.100983    
   42440.0000       403.950378       403.955750    
   42460.0000       403.805145       403.810516    
   42480.0000       403.659912       403.665314    
   42500.0000       403.514679       403.520081    
   42520.0000       403.369507       403.374847    
   42540.0000       403.224304       403.237793    
   42560.0000       403.108124       403.121918    
   42580.0000       402.992249       403.006042    
   42600.0000       402.876404       402.890198    
   42620.0000       402.760559       402.774323    
   42640.0000       402.644714       402.658478    
   42660.0000       402.528809       402.542603    
   42680.0000       402.412994       402.426758    
   42700.0000       402.297119       402.310883    
   42720.0000       402.181244       402.195038    
   42740.0000       402.065430       402.079163    
   42760.0000       401.949585       401.963318    
   42780.0000       401.833710       401.847443    
   42800.0000       401.717896       401.731567    
   42820.0000       401.602020       401.615723    
   42840.0000       401.486176       401.499847    
   42860.0000       401.370300       401.384003    
   42880.0000       401.254456       401.268127    
   42900.0000       401.138580       401.152283    
   42920.0000       401.022736       401.036407    
   42940.0000       400.906921       400.920563    
   42960.0000       400.791046       400.804688    
   42980.0000       400.675201       400.688843    
   43000.0000       400.559387       400.572968    
   43020.0000       400.443512       400.457092    
   43040.0000       400.327667       400.341248    
   43060.0000       400.211823       400.225372    
   43080.0000       400.095947       400.109528    
   43100.0000       399.980103       399.993652    
   43120.0000       399.864258       399.877808    
   43140.0000       399.748474       399.761932    
   43160.0000       399.632599       399.646088    
   43180.0000       399.516754       399.530212    
   43200.0000       399.400909       399.414368    
   43220.0000       399.285065       399.298492    
   43240.0000       399.169220       399.182617    
   43260.0000       399.053375       399.066772    
   43280.0000       398.937561       398.950897    
   43300.0000       398.821716       398.835052    
   43320.0000       398.705902       398.719177    
   43340.0000       398.590057       398.603333    
   43360.0000       398.474182       398.487457    
   43380.0000       398.358337       398.371613    
   43400.0000       398.242523       398.255737    
   43420.0000       398.126678       398.139893    
   43440.0000       398.010864       398.024017    
   43460.0000       397.895050       397.908142    
   43480.0000       397.779175       397.792297    
   43500.0000       397.663361       397.676422    
   43520.0000       397.547516       397.560577    
   43540.0000       397.431702       397.444702    
   43560.0000       397.315826       397.328857    
   43580.0000       397.200043       397.212982    
   43600.0000       397.084167       397.097137    
   43620.0000       396.968353       396.981262    
   43640.0000       396.852539       396.865417    
   43660.0000       396.736664       396.749542    
   43680.0000       396.620880       396.633698    
   43700.0000       396.505035       396.517822    
   43720.0000       396.389191       396.401947    
   43740.0000       396.273376       396.286102    
   43760.0000       396.157532       396.170227    
   43780.0000       396.041718       396.054382    
   43800.0000       395.925903       395.938507    
   43820.0000       395.810059       395.822662    
   43840.0000       395.694244       395.706787    
   43860.0000       395.578400       395.590942    
   43880.0000       395.462585       395.475067    
   43900.0000       395.346771       395.359222    
   43920.0000       395.230957       395.243347    
   43940.0000       395.115112       395.127472    
   43960.0000       394.999298       395.011627    
   43980.0000       394.883484       394.895752    
   44000.0000       394.767670       394.779907    
   44020.0000       394.651855       394.664032    
   44040.0000       394.535980       394.548187    
   44060.0000       394.420197       394.432312    
   44080.0000       394.304382       394.316467    
   44100.0000       394.188568       394.200592    
   44120.0000       394.072723       394.084747    
   44140.0000       393.956909       393.968872    
   44160.0000       393.841125       393.852997    
   44180.0000       393.725281       393.737152    
   44200.0000       393.609467       393.621277    
   44220.0000       393.493683       393.505432    
   44240.0000       393.377838       393.389557    
   44260.0000       393.262024       393.273712    
   44280.0000       393.146210       393.157837    
   44300.0000       393.030426       393.041992    
   44320.0000       392.914581       392.926117    
   44340.0000       392.798798       392.810272    
   44360.0000       392.682953       392.694397    
   44380.0000       392.567108       392.578522    
   44400.0000       392.451355       392.462677    
   44420.0000       392.335541       392.346802    
   44440.0000       392.219696       392.230957    
   44460.0000       392.103912       392.115082    
   44480.0000       391.988098       391.999237    
   44500.0000       391.872253       391.883362    
   44520.0000       391.756439       391.767517    
   44540.0000       391.640686       391.651642    
   44560.0000       391.524872       391.535797    
   44580.0000       391.409058       391.419922    
   44600.0000       391.293243       391.304047    
   44620.0000       391.177429       391.188202    
   44640.0000       391.061615       391.072327    
   44660.0000       390.945831       390.956482    
   44680.0000       390.830017       390.840607    
   44700.0000       390.714203       390.724762    
   44720.0000       390.598419       390.608887    
   44740.0000       390.482605       390.493042    
   44760.0000       390.366791       390.377167    
   44780.0000       390.251007       390.261322    
   44800.0000       390.135223       390.145447    
   44820.0000       390.019409       390.029572    
   44840.0000       389.903625       389.913727    
   44860.0000       389.787750       389.797852    
   44880.0000       389.671967       389.682007    
   44900.0000       389.556183       389.566132    
   44920.0000       389.440399       389.450287    
   44940.0000       389.324585       389.334412    
   44960.0000       389.208801       389.218567    
   44980.0000       389.093018       389.102692    
   45000.0000       388.977173       388.986847    
   45020.0000       388.861389       388.870972    
   45040.0000       388.745605       388.755096    
   45060.0000       388.629791       388.639252    
   45080.0000       388.514008       388.523376    
   45100.0000       388.398193       388.407532    
   45120.0000       388.282410       388.291656    
   45140.0000       388.166595       388.175812    
   45160.0000       388.050842       388.059937    
   45180.0000       387.934998       387.944092    
   45200.0000       387.819275       387.828217    
   45220.0000       387.703430       387.712372    
   45240.0000       387.587677       387.596497    
   45260.0000       387.471863       387.480621    
   45280.0000       387.356049       387.364777    
   45300.0000       387.240295       387.248901    
   45320.0000       387.124481       387.133057    
   45340.0000       387.008667       387.017181    
   45360.0000       386.892883       386.901337    
   45380.0000       386.777130       386.785461    
   45400.0000       386.661316       386.669617    
   45420.0000       386.548981       386.558777    
   45440.0000       386.442200       386.451874    
   45460.0000       386.335388       386.344971    
   45480.0000       386.228577       386.238098    
   45500.0000       386.121765       386.131195    
   45520.0000       386.014954       386.024292    
   45540.0000       385.908142       385.917389    
   45560.0000       385.801300       385.810516    
   45580.0000       385.694489       385.703613    
   45600.0000       385.587708       385.596710    
   45620.0000       385.480896       385.489807    
   45640.0000       385.374084       385.382935    
   45660.0000       385.267273       385.276031    
   45680.0000       385.160461       385.169128    
   45700.0000       385.053650       385.062225    
   45720.0000       384.946838       384.955353    
   45740.0000       384.840057       384.848450    
   45760.0000       384.733215       384.741547    
   45780.0000       384.626404       384.634644    
   45800.0000       384.519623       384.527771    
   45820.0000       384.412811       384.420868    
   45840.0000       384.306030       384.313965    
   45860.0000       384.199219       384.207062    
   45880.0000       384.092407       384.100189    
   45900.0000       383.985626       383.993286    
   45920.0000       383.878845       383.886383    
   45940.0000       383.771973       383.779480    
   45960.0000       383.665192       383.672607    
   45980.0000       383.558411       383.565704    
   46000.0000       383.451599       383.458801    
   46020.0000       383.344818       383.351898    
   46040.0000       383.238007       383.245026    
   46060.0000       383.131195       383.138123    
   46080.0000       383.024414       383.031219    
   46100.0000       382.917603       382.924316    
   46120.0000       382.810791       382.817444    
   46140.0000       382.704010       382.710541    
   46160.0000       382.597198       382.603638    
   46180.0000       382.490387       382.496735    
   46200.0000       382.383606       382.389862    
   46220.0000       382.276825       382.282959    
   46240.0000       382.170013       382.176056    
   46260.0000       382.063232       382.069153    
   46280.0000       381.956421       381.962280    
   46300.0000       381.849640       381.855377    
   46320.0000       381.742859       381.748474    
   46340.0000       381.636017       381.641571    
   46360.0000       381.529266       381.534698    
   46380.0000       381.422455       381.427795    
   46400.0000       381.315643       381.320892    
   46420.0000       381.208862       381.213989    
   46440.0000       381.102081       381.107117    
   46460.0000       380.995300       381.000214    
   46480.0000       380.888489       380.893311    
   46500.0000       380.781677       380.786407    
   46520.0000       380.674927       380.679535    
   46540.0000       380.568115       380.572632    
   46560.0000       380.461304       380.465729    
   46580.0000       380.354553       380.358826    
   46600.0000       380.247742       380.251953    
   46620.0000       380.140961       380.145050    
   46640.0000       380.034149       380.038147    
   46660.0000       379.927399       379.931244    
   46680.0000       379.820587       379.824371    
   46700.0000       379.713806       379.717468    
   46720.0000       379.606995       379.610565    
   46740.0000       379.500183       379.503662    
   46760.0000       379.393433       379.396790    
   46780.0000       379.286682       379.289886    
   46800.0000       379.179871       379.182983    
   46820.0000       379.073059       379.076080    
   46840.0000       378.966278       378.969208    
   46860.0000       378.859467       378.862305    
   46880.0000       378.752716       378.755402    
   46900.0000       378.645905       378.648499    
   46920.0000       378.539154       378.541626    
   46940.0000       378.432373       378.434723    
   46960.0000       378.325592       378.327820    
   46980.0000       378.218811       378.220917    
   47000.0000       378.112000       378.114044    
   47020.0000       378.005219       378.007141    
   47040.0000       377.898438       377.900238    
   47060.0000       377.791656       377.793335    
   47080.0000       377.684875       377.686462    
   47100.0000       377.578125       377.579559    
   47120.0000       377.471313       377.472656    
   47140.0000       377.364532       377.365753    
   47160.0000       377.257751       377.258881    
   47180.0000       377.150970       377.151978    
   47200.0000       377.044159       377.045074    
   47220.0000       376.937378       376.938171    
   47240.0000       376.830597       376.831299    
   47260.0000       376.723816       376.724396    
   47280.0000       376.617035       376.617493    
   47300.0000       376.510254       376.510590    
   47320.0000       376.403503       376.403717    
   47340.0000       376.296692       376.296814    
   47360.0000       376.189911       376.189911    
   47380.0000       376.083130       376.083008    
   47400.0000       375.976349       375.976135    
   47420.0000       375.869568       375.869232    
   47440.0000       375.762787       375.762329    
   47460.0000       375.656006       375.655426    
   47480.0000       375.549255       375.548553    
   47500.0000       375.442474       375.441650    
   47520.0000       375.335663       375.334747    
   47540.0000       375.228882       375.227844    
   47560.0000       375.122131       375.120972    
   47580.0000       375.015350       375.014069    
   47600.0000       374.908569       374.907166    
   47620.0000       374.801758       374.800262    
   47640.0000       374.694977       374.693390    
   47660.0000       374.588196       374.586487    
   47680.0000       374.481445       374.479584    
   47700.0000       374.374634       374.372681    
   47720.0000       374.267853       374.265808    
   47740.0000       374.161102       374.158905    
   47760.0000       374.054321       374.052002    
   47780.0000       373.947571       373.945099    
   47800.0000       373.840759       373.838226    
   47820.0000       373.733978       373.731323    
   47840.0000       373.627197       373.624420    
   47860.0000       373.520447       373.517517    
   47880.0000       373.413635       373.410645    
   47900.0000       373.306854       373.303741    
   47920.0000       373.200104       373.196838    
   47940.0000       373.093323       373.089935    
   47960.0000       372.986511       372.983063    
   47980.0000       372.879761       372.876160    
   48000.0000       372.772980       372.769257    
   48020.0000       372.666199       372.662354    
   48040.0000       372.559387       372.555481    
   48060.0000       372.452637       372.448578    
   48080.0000       372.345856       372.341675    
   48100.0000       372.239136       372.234772    
   48120.0000       372.132324       372.127899    
   48140.0000       372.025543       372.020996    
   48160.0000       371.918762       371.914093    
   48180.0000       371.778992       371.778900    
   48200.0000       371.615326       371.615265    
   48220.0000       371.451721       371.451660    
   48240.0000       371.288147       371.288055    
   48260.0000       371.124481       371.124451    
   48280.0000       370.960876       370.960846    
   48300.0000       370.797272       370.797241    
   48320.0000       370.633698       370.633606    
   48340.0000       370.470032       370.470001    
   48360.0000       370.306427       370.306396    
   48380.0000       370.142853       370.142792    
   48400.0000       369.979248       369.979187    
   48420.0000       369.815582       369.815582    
   48440.0000       369.652008       369.651947    
   48460.0000       369.488403       369.488342    
   48480.0000       369.324829       369.324738    
   48500.0000       369.161163       369.161133    
   48520.0000       368.997559       368.997528    
   48540.0000       368.833954       368.833923    
   48560.0000       368.670380       368.670288    
   48580.0000       368.506775       368.506683    
   48600.0000       368.343109       368.343079    
   48620.0000       368.179535       368.179474    
   48640.0000       368.015930       368.015869    
   48660.0000       367.852356       367.852234    
   48680.0000       367.688751       367.688629    
   48700.0000       367.525085       367.525024    
   48720.0000       367.361481       367.361420    
   48740.0000       367.197876       367.197815    
   48760.0000       367.034271       367.034210    
   48780.0000       366.870697       366.870575    
   48800.0000       366.707092       366.706970    
   48820.0000       366.543427       366.543365    
   48840.0000       366.379822       366.379761    
   48860.0000       366.216217       366.216156    
   48880.0000       366.052612       366.052551    
   48900.0000       365.889038       365.888916    
   48920.0000       365.725403       365.725311    
   48940.0000       365.561798       365.561707    
   48960.0000       365.398224       365.398102    
   48980.0000       365.234589       365.234497    
   49000.0000       365.070923       365.070892    
   49020.0000       364.907349       364.907257    
   49040.0000       364.743713       364.743652    
   49060.0000       364.580109       364.580048    
   49080.0000       364.416504       364.416443    
   49100.0000       364.252899       364.252838    
   49120.0000       364.089264       364.089233    
   49140.0000       363.925690       363.925598    
   49160.0000       363.762054       363.761993    
   49180.0000       363.598480       363.598389    
   49200.0000       363.434845       363.434784    
   49220.0000       363.271240       363.271179    
   49240.0000       363.107635       363.107544    
   49260.0000       362.944061       362.943939    
   49280.0000       362.780457       362.780334    
   49300.0000       362.616852       362.616730    
   49320.0000       362.453217       362.453125    
   49340.0000       362.289581       362.289520    
   49360.0000       362.126007       362.125885    
   49380.0000       361.962372       361.962280    
   49400.0000       361.798767       361.798676    
   49420.0000       361.635193       361.635071    
   49440.0000       361.471558       361.471466    
   49460.0000       361.307953       361.307861    
   49480.0000       361.144318       361.144226    
   49500.0000       360.980682       360.980621    
   49520.0000       360.817139       360.817017    
   49540.0000       360.653503       360.653412    
   49560.0000       360.489899       360.489807    
   49580.0000       360.326324       360.326202    
   49600.0000       360.162689       360.162567    
   49620.0000       359.999054       359.998962    
   49640.0000       359.835480       359.835358    
   49660.0000       359.671875       359.671753    
   49680.0000       359.508240       359.508148    
   49700.0000       359.344635       359.344543    
   49720.0000       359.181030       359.180908    
   49740.0000       359.017426       359.017303    
   49760.0000       358.853821       358.853699    
   49780.0000       358.690186       358.690094    
   49800.0000       358.526581       358.526489    
   49820.0000       358.362946       358.362885    
   49840.0000       358.199371       358.199249    
   49860.0000       358.035797       358.035645    
   49880.0000       357.872131       357.872040    
   49900.0000       357.708557       357.708435    
   49920.0000       357.544922       357.544830    
   49940.0000       357.381317       357.381226    
   49960.0000       357.217743       357.217590    
   49980.0000       357.054077       357.053986    
   50000.0000       356.890533       356.890381    
   50020.0000       356.726929       356.726776    
   50040.0000       356.563263       356.563171    
   50060.0000       356.399658       356.399536    
   50080.0000       356.236053       356.235931    
   50100.0000       356.072479       356.072327    
   50120.0000       355.908813       355.908722    
   50140.0000       355.745209       355.745117    
   50160.0000       355.581604       355.581512    
   50180.0000       355.417999       355.417877    
   50200.0000       355.254425       355.254272    
   50220.0000       355.090790       355.090668    
   50240.0000       354.927216       354.927063    
   50260.0000       354.763580       354.763458    
   50280.0000       354.600006       354.599854    
   50300.0000       354.436371       354.436218    
   50320.0000       354.272766       354.272614    
   50340.0000       354.109161       354.109009    
   50360.0000       353.945526       353.945404    
   50380.0000       353.781921       353.781799    
   50400.0000       353.618286       353.618164    
   50420.0000       353.454681       353.454559    
   50440.0000       353.291046       353.290955    
   50460.0000       353.127502       353.127350    
   50480.0000       352.963867       352.963745    
   50500.0000       352.800262       352.800140    
   50520.0000       352.636627       352.636536    
   50540.0000       352.473083       352.472900    
   50560.0000       352.309418       352.309296    
   50580.0000       352.145813       352.145691    
   50600.0000       351.982239       351.982086    
   50620.0000       351.818604       351.818481    
   50640.0000       351.655029       351.654846    
   50660.0000       351.491394       351.491241    
   50680.0000       351.327789       351.327637    
   50700.0000       351.164185       351.164032    
   50720.0000       351.000580       351.000427    
   50740.0000       350.836945       350.836823    
   50760.0000       350.673340       350.673187    
   50780.0000       350.509705       350.509583    
   50800.0000       350.338531       350.345978    
   50820.0000       350.146393       350.155365    
   50840.0000       349.954163       349.963226    
   50860.0000       349.761993       349.771057    
   50880.0000       349.569733       349.578888    
   50900.0000       349.377563       349.386749    
   50920.0000       349.185394       349.194580    
   50940.0000       348.993225       349.002411    
   50960.0000       348.800995       348.810272    
   50980.0000       348.608795       348.618103    
   51000.0000       348.416626       348.425934    
   51020.0000       348.224426       348.233795    
   51040.0000       348.032227       348.041626    
   51060.0000       347.840057       347.849457    
   51080.0000       347.647797       347.657318    
   51100.0000       347.455627       347.465149    
   51120.0000       347.263428       347.272980    
   51140.0000       347.071228       347.080841    
   51160.0000       346.879028       346.888672    
   51180.0000       346.686890       346.696503    
   51200.0000       346.494720       346.504364    
   51220.0000       346.302521       346.312195    
   51240.0000       346.110291       346.120026    
   51260.0000       345.918091       345.927887    
   51280.0000       345.725891       345.735718    
   51300.0000       345.533752       345.543549    
   51320.0000       345.341553       345.351410    
   51340.0000       345.149323       345.159241    
   51360.0000       344.957214       344.967072    
   51380.0000       344.764984       344.774933    
   51400.0000       344.572845       344.582764    
   51420.0000       344.380615       344.390594    
   51440.0000       344.188385       344.198456    
   51460.0000       343.996216       344.006287    
   51480.0000       343.804077       343.814117    
   51500.0000       343.611847       343.621979    
   51520.0000       343.419678       343.429810    
   51540.0000       343.227448       343.237640    
   51560.0000       343.035278       343.045502    
   51580.0000       342.843140       342.853333    
   51600.0000       342.650970       342.661163    
   51620.0000       342.458710       342.469025    
   51640.0000       342.266571       342.276855    
   51660.0000       342.074371       342.084686    
   51680.0000       341.882202       341.892548    
   51700.0000       341.690033       341.700378    
   51720.0000       341.497833       341.508209    
   51740.0000       341.305695       341.316071    
   51760.0000       341.113495       341.123901    
   51780.0000       340.921326       340.931732    
   51800.0000       340.729126       340.739594    
   51820.0000       340.536926       340.547424    
   51840.0000       340.344727       340.355255    
   51860.0000       340.152618       340.163116    
   51880.0000       339.960419       339.970947    
   51900.0000       339.768219       339.778778    
   51920.0000       339.576080       339.586639    
   51940.0000       339.383881       339.394470    
   51960.0000       339.191681       339.202301    
   51980.0000       338.999542       339.010162    
   52000.0000       338.807343       338.817993    
   52020.0000       338.615173       338.625824    
   52040.0000       338.422974       338.433685    
   52060.0000       338.230835       338.241516    
   52080.0000       338.038696       338.049347    
   52100.0000       337.846466       337.857208    
   52120.0000       337.654327       337.665039    
   52140.0000       337.462158       337.472870    
   52160.0000       337.269928       337.280731    
   52180.0000       337.077759       337.088562    
   52200.0000       336.885620       336.896393    
   52220.0000       336.693451       336.704254    
   52240.0000       336.501282       336.512085    
   52260.0000       336.309113       336.319916    
   52280.0000       336.116943       336.127777    
   52300.0000       335.924774       335.935608    
   52320.0000       335.732605       335.743439    
   52340.0000       335.540405       335.551300    
   52360.0000       335.348236       335.359131    
   52380.0000       335.156067       335.166962    
   52400.0000       334.963928       334.974823    
   52420.0000       334.771759       334.782654    
   52440.0000       334.579559       334.590485    
   52460.0000       334.387451       334.398346    
   52480.0000       334.195251       334.206177    
   52500.0000       334.003052       334.014008    
   52520.0000       333.810913       333.821869    
   52540.0000       333.618713       333.629700    
   52560.0000       333.426575       333.437531    
   52580.0000       333.234467       333.245392    
   52600.0000       333.042267       333.053223    
   52620.0000       332.850128       332.861053    
   52640.0000       332.657959       332.668915    
   52660.0000       332.465759       332.476746    
   52680.0000       332.273590       332.284576    
   52700.0000       332.081482       332.092438    
   52720.0000       331.889313       331.900269    
   52740.0000       331.697144       331.708099    
   52760.0000       331.505005       331.515961    
   52780.0000       331.312836       331.323792    
   52800.0000       331.120697       331.131622    
   52820.0000       330.928528       330.939484    
   52840.0000       330.736359       330.747314    
   52860.0000       330.544159       330.555145    
   52880.0000       330.352020       330.363007    
   52900.0000       330.159912       330.170837    
   52920.0000       329.967743       329.978668    
   52940.0000       329.775543       329.786530    
   52960.0000       329.583435       329.594360    
   52980.0000       329.391235       329.402191    
   53000.0000       329.199066       329.210052    
   53020.0000       329.006958       329.017883    
   53040.0000       328.814758       328.825714    
   53060.0000       328.622650       328.633575    
   53080.0000       328.430542       328.441406    
   53100.0000       328.238312       328.249237    
   53120.0000       328.046204       328.057098    
   53140.0000       327.854034       327.864929    
   53160.0000       327.661926       327.672760    
   53180.0000       327.469727       327.480621    
   53200.0000       327.277557       327.288452    
   53220.0000       327.085419       327.096283    
   53240.0000       326.893280       326.904144    
   53260.0000       326.701141       326.711975    
   53280.0000       326.506012       326.518066    
   53300.0000       326.310669       326.322723    
   53320.0000       326.115326       326.127350    
   53340.0000       325.919952       325.931976    
   53360.0000       325.724579       325.736603    
   53380.0000       325.529205       325.541229    
   53400.0000       325.333923       325.345856    
   53420.0000       325.138550       325.150482    
   53440.0000       324.943176       324.955139    
   53460.0000       324.747864       324.759766    
   53480.0000       324.552490       324.564392    
   53500.0000       324.357086       324.369019    
   53520.0000       324.161774       324.173645    
   53540.0000       323.966400       323.978271    
   53560.0000       323.771088       323.782898    
   53580.0000       323.575714       323.587555    
   53600.0000       323.380371       323.392181    
   53620.0000       323.185059       323.196808    
   53640.0000       322.989655       323.001434    
   53660.0000       322.794312       322.806061    
   53680.0000       322.598999       322.610687    
   53700.0000       322.403656       322.415314    
   53720.0000       322.208313       322.219971    
   53740.0000       322.012970       322.024597    
   53760.0000       321.817657       321.829224    
   53780.0000       321.622284       321.633850    
   53800.0000       321.426941       321.438477    
   53820.0000       321.231598       321.243103    
   53840.0000       321.036224       321.047729    
   53860.0000       320.840881       320.852356    
   53880.0000       320.645508       320.657013    
   53900.0000       320.450165       320.461639    
   53920.0000       320.254852       320.266266    
   53940.0000       320.059509       320.070892    
   53960.0000       319.864166       319.875519    
   53980.0000       319.668823       319.680145    
   54000.0000       319.473450       319.484772    
   54020.0000       319.278168       319.289429    
   54040.0000       319.082794       319.094055    
   54060.0000       318.887482       318.898682    
   54080.0000       318.692169       318.703308    
   54100.0000       318.496765       318.507935    
   54120.0000       318.301453       318.312561    
   54140.0000       318.106171       318.117188    
   54160.0000       317.910828       317.921844    
   54180.0000       317.715454       317.726471    
   54200.0000       317.520111       317.531097    
   54220.0000       317.324799       317.335724    
   54240.0000       317.129425       317.140350    
   54260.0000       316.934113       316.944977    
   54280.0000       316.738800       316.749603    
   54300.0000       316.543427       316.554260    
   54320.0000       316.348175       316.358887    
   54340.0000       316.152832       316.163513    
   54360.0000       315.957489       315.968140    
   54380.0000       315.762115       315.772766    
   54400.0000       315.566772       315.577393    
   54420.0000       315.371490       315.382019    
   54440.0000       315.176147       315.186646    
   54460.0000       314.980865       314.991302    
   54480.0000       314.785522       314.795929    
   54500.0000       314.590210       314.600555    
   54520.0000       314.394836       314.405182    
   54540.0000       314.199554       314.209808    
   54560.0000       314.004181       314.014435    
   54580.0000       313.808868       313.819092    
   54600.0000       313.613556       313.623718    
   54620.0000       313.418213       313.428345    
   54640.0000       313.222900       313.232971    
   54660.0000       313.027588       313.037598    
   54680.0000       312.832306       312.842224    
   54700.0000       312.636963       312.646851    
   54720.0000       312.441650       312.451477    
   54740.0000       312.246338       312.256134    
   54760.0000       312.050995       312.060760    
   54780.0000       311.855682       311.865387    
   54800.0000       311.660339       311.670013    
   54820.0000       311.465027       311.474640    
   54840.0000       311.269714       311.279266    
   54860.0000       311.074371       311.083893    
   54880.0000       310.879089       310.888550    
   54900.0000       310.683777       310.693176    
   54920.0000       310.488434       310.497803    
   54940.0000       310.293152       310.302429    
   54960.0000       310.097809       310.107056    
   54980.0000       309.902527       309.911682    
   55000.0000       309.707184       309.716309    
   55020.0000       309.511902       309.520935    
   55040.0000       309.316559       309.325592    
   55060.0000       309.121277       309.130219    
   55080.0000       308.925903       308.934845    
   55100.0000       308.730591       308.739471    
   55120.0000       308.535339       308.544098    
   55140.0000       308.339966       308.348724    
   55160.0000       308.144684       308.153381    
   55180.0000       307.949371       307.958008    
   55200.0000       307.754059       307.762634    
   55220.0000       307.558777       307.567261    
   55240.0000       307.363495       307.371887    
   55260.0000       307.168152       307.176514    
   55280.0000       306.972870       306.981140    
   55300.0000       306.777527       306.785767    
   55320.0000       306.582214       306.590424    
   55340.0000       306.386932       306.395050    
   55360.0000       306.191589       306.199677    
   55380.0000       305.996277       306.004303    
   55400.0000       305.800964       305.808929    
   55420.0000       305.605713       305.613556    
   55440.0000       305.410370       305.418182    
   55460.0000       305.215057       305.222839    
   55480.0000       305.019806       305.027466    
   55500.0000       304.824463       304.832092    
   55520.0000       304.629150       304.636719    
   55540.0000       304.433868       304.441345    
   55560.0000       304.238525       304.245972    
   55580.0000       304.042603       304.050171    
   55600.0000       303.846313       303.853851    
   55620.0000       303.650085       303.657501    
   55640.0000       303.453796       303.461182    
   55660.0000       303.257568       303.264862    
   55680.0000       303.061279       303.068512    
   55700.0000       302.865051       302.872192    
   55720.0000       302.668823       302.675873    
   55740.0000       302.472504       302.479553    
   55760.0000       302.276276       302.283203    
   55780.0000       302.080017       302.086884    
   55800.0000       301.883789       301.890564    
   55820.0000       301.687500       301.694214    
   55840.0000       301.491211       301.497894    
   55860.0000       301.294983       301.301575    
   55880.0000       301.098724       301.105255    
   55900.0000       300.902496       300.908905    
   55920.0000       300.706238       300.712585    
   55940.0000       300.509979       300.516266    
   55960.0000       300.313721       300.319916    
   55980.0000       300.117462       300.123596    
   56000.0000       299.921204       299.927277    
   56020.0000       299.724945       299.730957    
   56040.0000       299.528778       299.534607    
   56060.0000       299.332489       299.338287    
   56080.0000       299.136200       299.141968    
   56100.0000       298.939941       298.945648    
   56120.0000       298.743744       298.749298    
   56140.0000       298.547485       298.552979    
   56160.0000       298.351196       298.356659    
   56180.0000       298.154999       298.160309    
   56200.0000       297.958710       297.963989    
   56220.0000       297.762512       297.767670    
   56240.0000       297.566223       297.571350    
   56260.0000       297.370026       297.375000    
   56280.0000       297.173737       297.178680    
   56300.0000       296.977539       296.982361    
   56320.0000       296.781250       296.786011    
   56340.0000       296.585022       296.589691    
   56360.0000       296.388794       296.393372    
   56380.0000       296.192505       296.197052    
   56400.0000       295.996277       296.000702    
   56420.0000       295.800079       295.804382    
   56440.0000       295.603851       295.608063    
   56460.0000       295.407532       295.411713    
   56480.0000       295.211304       295.215393    
   56500.0000       295.015076       295.019073    
   56520.0000       294.818848       294.822754    
   56540.0000       294.622620       294.626404    
   56560.0000       294.426361       294.430084    
   56580.0000       294.230164       294.233765    
   56600.0000       294.033905       294.037415    
   56620.0000       293.837646       293.841095    
   56640.0000       293.641388       293.644775    
   56660.0000       293.445190       293.448456    
   56680.0000       293.248932       293.252106    
   56700.0000       293.052673       293.055786    
   56720.0000       292.856445       292.859467    
   56740.0000       292.660187       292.663147    
   56760.0000       292.464020       292.466797    
   56780.0000       292.267761       292.270477    
   56800.0000       292.071472       292.074158    
   56820.0000       291.875244       291.877808    
   56840.0000       291.679077       291.681488    
   56860.0000       291.482819       291.485168    
   56880.0000       291.286530       291.288849    
   56900.0000       291.090363       291.092499    
   56920.0000       290.894073       290.896179    
   56940.0000       290.697845       290.699860    
   56960.0000       290.501617       290.503510    
   56980.0000       290.305389       290.307190    
   57000.0000       290.109192       290.110870    
   57020.0000       289.912903       289.914551    
   57040.0000       289.716644       289.718201    
   57060.0000       289.520447       289.521881    
   57080.0000       289.324249       289.325562    
   57100.0000       289.127960       289.129211    
   57120.0000       288.931763       288.932892    
   57140.0000       288.735504       288.736572    
   57160.0000       288.539307       288.540253    
   57180.0000       288.343018       288.343903    
   57200.0000       288.146820       288.147583    
   57220.0000       287.950623       287.951263    
   57240.0000       287.754303       287.754944    
   57260.0000       287.558105       287.558594    
   57280.0000       287.361908       287.362274    
   57300.0000       287.165619       287.165955    
   57320.0000       286.969421       286.969604    
   57340.0000       286.773193       286.773285    
   57360.0000       286.576996       286.576965    
   57380.0000       286.380707       286.380615    
   57400.0000       286.184479       286.184296    
   57420.0000       285.988281       285.987976    
   57440.0000       285.792084       285.791656    
   57460.0000       285.595825       285.595306    
   57480.0000       285.399628       285.398987    
   57500.0000       285.203308       285.202667    
   57520.0000       285.007111       285.006348    
   57540.0000       284.810883       284.809998    
   57560.0000       284.614685       284.613678    
   57580.0000       284.418457       284.417358    
   57600.0000       284.222229       284.221008    
   57620.0000       284.026001       284.024689    
   57640.0000       283.829773       283.828369    
   57660.0000       283.633545       283.632050    
   57680.0000       283.437347       283.435699    
   57700.0000       283.241119       283.239380    
   57720.0000       283.058044       283.059998    
   57740.0000       282.929779       282.931854    
   57760.0000       282.801544       282.803711    
   57780.0000       282.673279       282.675537    
   57800.0000       282.545013       282.547394    
   57820.0000       282.416748       282.419250    
   57840.0000       282.288483       282.291107    
   57860.0000       282.160217       282.162964    
   57880.0000       282.031952       282.034821    
   57900.0000       281.903687       281.906677    
   57920.0000       281.775421       281.778534    
   57940.0000       281.647156       281.650360    
   57960.0000       281.518890       281.522217    
   57980.0000       281.390625       281.394073    
   58000.0000       281.262390       281.265930    
   58020.0000       281.134125       281.137787    
   58040.0000       281.005859       281.009644    
   58060.0000       280.877594       280.881500    
   58080.0000       280.749329       280.753357    
   58100.0000       280.621063       280.625214    
   58120.0000       280.492798       280.497040    
   58140.0000       280.364532       280.368896    
   58160.0000       280.236328       280.240753    
   58180.0000       280.108063       280.112610    
   58200.0000       279.979767       279.984467    
   58220.0000       279.851501       279.856323    
   58240.0000       279.723236       279.728180    
   58260.0000       279.594971       279.600037    
   58280.0000       279.466766       279.471863    
   58300.0000       279.338501       279.343719    
   58320.0000       279.210236       279.215576    
   58340.0000       279.081940       279.087433    
   58360.0000       278.953674       278.959290    
   58380.0000       278.825409       278.831146    
   58400.0000       278.697174       278.703003    
   58420.0000       278.568909       278.574860    
   58440.0000       278.440643       278.446716    
   58460.0000       278.312378       278.318542    
   58480.0000       278.184082       278.190399    
   58500.0000       278.055817       278.062256    
   58520.0000       277.927612       277.934113    
   58540.0000       277.799347       277.805969    
   58560.0000       277.671082       277.677826    
   58580.0000       277.542816       277.549683    
   58600.0000       277.414551       277.421539    
   58620.0000       277.286285       277.293365    
   58640.0000       277.157990       277.165222    
   58660.0000       277.029785       277.037079    
   58680.0000       276.901520       276.908936    
   58700.0000       276.773254       276.780792    
   58720.0000       276.644989       276.652649    
   58740.0000       276.516724       276.524506    
   58760.0000       276.388458       276.396362    
   58780.0000       276.260193       276.268219    
   58800.0000       276.131927       276.140045    
   58820.0000       276.003662       276.011902    
   58840.0000       275.875427       275.883759    
   58860.0000       275.747162       275.755615    
   58880.0000       275.618896       275.627472    
   58900.0000       275.490631       275.499329    
   58920.0000       275.362396       275.371185    
   58940.0000       275.234131       275.243042    
   58960.0000       275.105865       275.114868    
   58980.0000       274.977600       274.986725    
   59000.0000       274.849335       274.858582    
   59020.0000       274.721069       274.730438    
   59040.0000       274.592834       274.602295    
   59060.0000       274.464569       274.474152    
   59080.0000       274.336304       274.346008    
   59100.0000       274.208069       274.217865    
   59120.0000       274.079803       274.089722    
   59140.0000       273.951538       273.961548    
   59160.0000       273.823273       273.833405    
   59180.0000       273.695007       273.705261    
   59200.0000       273.566772       273.577118    
   59220.0000       273.438507       273.448975    
   59240.0000       273.310272       273.320831    
   59260.0000       273.182007       273.192688    
   59280.0000       273.053772       273.064545    
   59300.0000       272.925476       272.936371    
   59320.0000       272.797211       272.808228    
   59340.0000       272.668976       272.680084    
   59360.0000       272.540741       272.551941    
   59380.0000       272.412445       272.423798    
   59400.0000       272.284210       272.295654    
   59420.0000       272.155975       272.167511    
   59440.0000       272.027679       272.039368    
   59460.0000       271.899445       271.911224    
   59480.0000       271.771210       271.783051    
   59500.0000       271.642914       271.654907    
   59520.0000       271.514679       271.526764    
   59540.0000       271.386444       271.398621    
   59560.0000       271.258179       271.270477    
   59580.0000       271.129944       271.142334    
   59600.0000       271.001648       271.014191    
   59620.0000       270.873444       270.886047    
   59640.0000       270.745148       270.757874    
   59660.0000       270.616943       270.629730    
   59680.0000       270.488678       270.501587    
   59700.0000       270.360382       270.373444    
   59720.0000       270.232178       270.245300    
   59740.0000       270.103912       270.126465    
   59760.0000       270.024292       270.060974    
   59780.0000       269.958496       269.995453    
   59800.0000       269.892700       269.929962    
   59820.0000       269.826904       269.864471    
   59840.0000       269.761139       269.798950    
   59860.0000       269.695343       269.733459    
   59880.0000       269.629517       269.667969    
   59900.0000       269.563782       269.602448    
   59920.0000       269.497986       269.536957    
   59940.0000       269.432220       269.471466    
   59960.0000       269.366425       269.405945    
   59980.0000       269.300629       269.340454    
   60000.0000       269.234833       269.274963    
   60020.0000       269.169098       269.209442    
   60040.0000       269.103302       269.143951    
   60060.0000       269.037537       269.078461    
   60080.0000       268.971741       269.012939    
   60100.0000       268.905975       268.947449    
   60120.0000       268.840179       268.881958    
   60140.0000       268.774445       268.816437    
   60160.0000       268.708649       268.750946    
   60180.0000       268.642914       268.685455    
   60200.0000       268.577118       268.619934    
   60220.0000       268.511353       268.554443    
   60240.0000       268.445618       268.488953    
   60260.0000       268.379791       268.423462    
   60280.0000       268.314056       268.357941    
   60300.0000       268.248260       268.292450    
   60320.0000       268.182526       268.226959    
   60340.0000       268.116760       268.161438    
   60360.0000       268.050995       268.095947    
   60380.0000       267.985260       268.030457    
   60400.0000       267.919464       267.964935    
   60420.0000       267.853760       267.899445    
   60440.0000       267.787964       267.833954    
   60460.0000       267.722229       267.768433    
   60480.0000       267.656464       267.702942    
   60500.0000       267.590698       267.637451    
   60520.0000       267.524963       267.571930    
   60540.0000       267.459198       267.506439    
   60560.0000       267.393463       267.440948    
   60580.0000       267.327728       267.375427    
   60600.0000       267.261963       267.309937    
   60620.0000       267.196228       267.244446    
   60640.0000       267.130524       267.178925    
   60660.0000       267.064728       267.113434    
   60680.0000       266.998993       267.047943    
   60700.0000       266.933258       266.982422    
   60720.0000       266.867554       266.916931    
   60740.0000       266.801788       266.851440    
   60760.0000       266.736053       266.785919    
   60780.0000       266.670319       266.720428    
   60800.0000       266.604584       266.654938    
   60820.0000       266.538879       266.589417    
   60840.0000       266.473145       266.523926    
   60860.0000       266.407410       266.458435    
   60880.0000       266.341705       266.392914    
   60900.0000       266.276001       266.327423    
   60920.0000       266.210236       266.261932    
   60940.0000       266.144531       266.196411    
   60960.0000       266.078827       266.130920    
   60980.0000       266.013092       266.065430    
   61000.0000       265.947388       265.999908    
   61020.0000       265.881683       265.934418    
   61040.0000       265.815948       265.868927    
   61060.0000       265.750244       265.803406    
   61080.0000       265.684540       265.737915    
   61100.0000       265.618835       265.672424    
   61120.0000       265.553131       265.606903    
   61140.0000       265.487427       265.541412    
   61160.0000       265.421722       265.475922    
   61180.0000       265.356018       265.410400    
   61200.0000       265.290344       265.344910    
   61220.0000       265.224640       265.279419    
   61240.0000       265.158936       265.213928    
   61260.0000       265.093231       265.148407    
   61280.0000       265.027527       265.082916    
   61300.0000       264.961853       265.017426    
   61320.0000       264.896179       264.951904    
   61340.0000       264.830505       264.886414    
   61360.0000       264.764801       264.820923    
   61380.0000       264.699127       264.755402    
   61400.0000       264.633453       264.689911    
   61420.0000       264.567780       264.624420    
   61440.0000       264.502106       264.558899    
   61460.0000       264.436432       264.493408    
   61480.0000       264.370728       264.427917    
   61500.0000       264.305054       264.362396    
   61520.0000       264.239410       264.296906    
   61540.0000       264.173737       264.231415    
   61560.0000       264.108063       264.165894    
   61580.0000       264.042389       264.100403    
   61600.0000       263.976746       264.034912    
   61620.0000       263.911102       263.969391    
   61640.0000       263.845459       263.903900    
   61660.0000       263.779785       263.838409    
   61680.0000       263.714142       263.772888    
   61700.0000       263.648499       263.713348    
   61720.0000       263.593506       263.659607    
   61740.0000       263.539551       263.605865    
   61760.0000       263.485657       263.552124    
   61780.0000       263.431732       263.498383    
   61800.0000       263.377808       263.444611    
   61820.0000       263.323914       263.390869    
   61840.0000       263.269989       263.337128    
   61860.0000       263.216064       263.283386    
   61880.0000       263.162170       263.229645    
   61900.0000       263.108276       263.175903    
   61920.0000       263.054382       263.122162    
   61940.0000       263.000458       263.068420    
   61960.0000       262.946564       263.014679    
   61980.0000       262.892700       262.960907    
   62000.0000       262.838806       262.907166    
   62020.0000       262.784912       262.853424    
   62040.0000       262.731018       262.799683    
   62060.0000       262.677124       262.745941    
   62080.0000       262.623230       262.692200    
   62100.0000       262.569366       262.638458    
   62120.0000       262.515472       262.584717    
   62140.0000       262.461609       262.530945    
   62160.0000       262.407745       262.477203    
   62180.0000       262.353882       262.423462    
   62200.0000       262.300018       262.369720    
   62220.0000       262.246155       262.315979    
   62240.0000       262.192291       262.262238    
   62260.0000       262.138428       262.208496    
   62280.0000       262.084595       262.154755    
   62300.0000       262.030731       262.101013    
   62320.0000       261.976837       262.047241    
   62340.0000       261.923004       261.993500    
   62360.0000       261.869202       261.939758    
   62380.0000       261.815338       261.886017    
   62400.0000       261.761505       261.832275    
   62420.0000       261.707672       261.778534    
   62440.0000       261.653809       261.724792    
   62460.0000       261.600006       261.671051    
   62480.0000       261.546173       261.617279    
   62500.0000       261.492340       261.563538    
   62520.0000       261.438507       261.509796    
   62540.0000       261.384705       261.456055    
   62560.0000       261.330872       261.402313    
   62580.0000       261.277100       261.348572    
   62600.0000       261.223236       261.294830    
   62620.0000       261.169434       261.241089    
   62640.0000       261.115631       261.187317    
   62660.0000       261.061798       261.133575    
   62680.0000       261.008057       261.079834    
   62700.0000       260.954224       261.026093    
   62720.0000       260.900452       260.972351    
   62740.0000       260.846619       260.918610    
   62760.0000       260.792847       260.864868    
   62780.0000       260.739075       260.811127    
   62800.0000       260.685272       260.757385    
   62820.0000       260.631500       260.703613    
   62840.0000       260.577728       260.649872    
   62860.0000       260.523926       260.596130    
   62880.0000       260.470184       260.542389    
   62900.0000       260.416412       260.488647    
   62920.0000       260.362640       260.434906    
   62940.0000       260.308899       260.381165    
   62960.0000       260.255127       260.327423    
   62980.0000       260.201385       260.273651    
   63000.0000       260.147583       260.219910    
   63020.0000       260.093872       260.166168    
   63040.0000       260.040131       260.112427    
   63060.0000       259.986389       260.058685    
   63080.0000       259.932648       260.004944    
   63100.0000       259.878876       259.951202    
   63120.0000       259.825165       259.897461    
   63140.0000       259.771423       259.843719    
   63160.0000       259.717682       259.789948    
   63180.0000       259.663971       259.736206    
   63200.0000       259.610260       259.682465    
   63220.0000       259.556519       259.628723    
   63240.0000       259.502777       259.574982    
   63260.0000       259.449097       259.521240    
   63280.0000       259.395355       259.467499    
   63300.0000       259.341644       259.413757    
   63320.0000       259.287933       259.359985    
   63340.0000       259.234253       259.306244    
   63360.0000       259.180542       259.252502    
   63380.0000       259.126862       259.198761    
   63400.0000       259.073151       259.145020    
   63420.0000       259.019470       259.091278    
   63440.0000       258.965790       259.037537    
   63460.0000       258.912109       258.983795    
   63480.0000       258.858429       258.930054    
   63500.0000       258.804749       258.876282    
   63520.0000       258.751068       258.822540    
   63540.0000       258.697388       258.768799    
   63560.0000       258.643707       258.715057    
   63580.0000       258.590057       258.661316    
   63600.0000       258.536407       258.607574    
   63620.0000       258.479156       258.541443    
   63640.0000       258.411926       258.474091    
   63660.0000       258.344696       258.406769    
   63680.0000       258.277466       258.339417    
   63700.0000       258.210236       258.272095    
   63720.0000       258.143005       258.204773    
   63740.0000       258.075806       258.137421    
   63760.0000       258.008606       258.070099    
   63780.0000       257.941406       258.002777    
   63800.0000       257.874176       257.935425    
   63820.0000       257.806976       257.868103    
   63840.0000       257.739777       257.800751    
   63860.0000       257.672577       257.733429    
   63880.0000       257.605377       257.666107    
   63900.0000       257.538208       257.598755    
   63920.0000       257.471008       257.531433    
   63940.0000       257.403809       257.464111    
   63960.0000       257.336609       257.396759    
   63980.0000       257.269440       257.329437    
   64000.0000       257.202271       257.262115    
   64020.0000       257.135101       257.194763    
   64040.0000       257.067932       257.127441    
   64060.0000       257.000732       257.060089    
   64080.0000       256.933563       256.992767    
   64100.0000       256.866425       256.925446    
   64120.0000       256.799225       256.858093    
   64140.0000       256.732086       256.790771    
   64160.0000       256.664917       256.723450    
   64180.0000       256.597778       256.656097    
   64200.0000       256.530640       256.588776    
   64220.0000       256.463470       256.521423    
   64240.0000       256.396332       256.454102    
   64260.0000       256.329193       256.386780    
   64280.0000       256.262024       256.319427    
   64300.0000       256.194916       256.252106    
   64320.0000       256.127747       256.184784    
   64340.0000       256.060608       256.117432    
   64360.0000       255.993500       256.050110    
   64380.0000       255.926346       255.982773    
   64400.0000       255.859238       255.915436    
   64420.0000       255.792099       255.848114    
   64440.0000       255.725006       255.780777    
   64460.0000       255.657867       255.713440    
   64480.0000       255.590744       255.646103    
   64500.0000       255.523621       255.578781    
   64520.0000       255.456543       255.511444    
   64540.0000       255.389435       255.444107    
   64560.0000       255.322327       255.376770    
   64580.0000       255.255203       255.309448    
   64600.0000       255.188110       255.242111    
   64620.0000       255.121017       255.174774    
   64640.0000       255.053940       255.107452    
   64660.0000       254.986832       255.040115    
   64680.0000       254.919754       254.972778    
   64700.0000       254.852646       254.905441    
   64720.0000       254.785583       254.838120    
   64740.0000       254.718491       254.770782    
   64760.0000       254.651398       254.703445    
   64780.0000       254.584335       254.636108    
   64800.0000       254.517258       254.568787    
   64820.0000       254.450195       254.501450    
   64840.0000       254.383133       254.434113    
   64860.0000       254.316055       254.366776    
   64880.0000       254.248993       254.299454    
   64900.0000       254.181931       254.232117    
   64920.0000       254.114868       254.164780    
   64940.0000       254.047821       254.097443    
   64960.0000       253.980759       254.030121    
   64980.0000       253.913727       253.962784    
   65000.0000       253.846649       253.895447    
   65020.0000       253.779617       253.828125    
   65040.0000       253.712570       253.760788    
   65060.0000       253.645523       253.693451    
   65080.0000       253.578522       253.626114    
   65100.0000       253.511475       253.558792    
   65120.0000       253.444443       253.491455    
   65140.0000       253.377411       253.424118    
   65160.0000       253.310394       253.356781    
   65180.0000       253.243332       253.289459    
   65200.0000       253.176315       253.222122    
   65220.0000       253.109299       253.154785    
   65240.0000       253.042297       253.087448    
   65260.0000       252.975250       253.020126    
   65280.0000       252.908264       252.952789    
   65300.0000       252.841232       252.885452    
   65320.0000       252.774246       252.818115    
   65340.0000       252.707230       252.750793    
   65360.0000       252.640213       252.683456    
   65380.0000       252.573227       252.616119    
   65400.0000       252.506226       252.548798    
   65420.0000       252.439240       252.481461    
   65440.0000       252.372238       252.414124    
   65460.0000       252.305237       252.346786    
   65480.0000       252.238266       252.277390    
   65500.0000       252.165848       252.204254    
   65520.0000       252.093018       252.131104    
   65540.0000       252.020203       252.057953    
   65560.0000       251.947403       251.984818    
   65580.0000       251.874573       251.911667    
   65600.0000       251.801788       251.838531    
   65620.0000       251.728943       251.765381    
   65640.0000       251.656174       251.692230    
   65660.0000       251.583344       251.619095    
   65680.0000       251.510544       251.545944    
   65700.0000       251.437775       251.472809    
   65720.0000       251.364960       251.399658    
   65740.0000       251.292160       251.326523    
   65760.0000       251.219376       251.253372    
   65780.0000       251.146591       251.180222    
   65800.0000       251.073792       251.107086    
   65820.0000       251.001007       251.033936    
   65840.0000       250.928238       250.960800    
   65860.0000       250.855453       250.887650    
   65880.0000       250.782654       250.814514    
   65900.0000       250.709885       250.741364    
   65920.0000       250.637131       250.668213    
   65940.0000       250.564331       250.595078    
   65960.0000       250.491577       250.521927    
   65980.0000       250.418793       250.448792    
   66000.0000       250.346024       250.375641    
   66020.0000       250.273254       250.302490    
   66040.0000       250.200485       250.229355    
   66060.0000       250.127731       250.156204    
   66080.0000       250.054962       250.083069    
   66100.0000       249.982239       250.009918    
   66120.0000       249.909470       249.936783    
   66140.0000       249.836716       249.863632    
   66160.0000       249.763962       249.790482    
   66180.0000       249.691223       249.717346    
   66200.0000       249.618454       249.644196    
   66220.0000       249.545715       249.571060    
   66240.0000       249.472961       249.497910    
   66260.0000       249.400223       249.424774    
   66280.0000       249.327469       249.351624    
   66300.0000       249.254745       249.278473    
   66320.0000       249.181992       249.205338    
   66340.0000       249.109268       249.132187    
   66360.0000       249.036530       249.059052    
   66380.0000       248.963821       248.985901    
   66400.0000       248.891083       248.912750    
   66420.0000       248.818329       248.839615    
   66440.0000       248.745621       248.766464    
   66460.0000       248.672897       248.693329    
   66480.0000       248.600159       248.620178    
   66500.0000       248.527435       248.547043    
   66520.0000       248.454727       248.473892    
   66540.0000       248.382004       248.400742    
   66560.0000       248.309296       248.327606    
   66580.0000       248.236572       248.254456    
   66600.0000       248.163864       248.181320    
   66620.0000       248.091156       248.108170    
   66640.0000       248.018433       248.035034    
   66660.0000       247.945724       247.961884    
   66680.0000       247.873032       247.888733    
   66700.0000       247.800308       247.815598    
   66720.0000       247.727615       247.742447    
   66740.0000       247.654922       247.669312    
   66760.0000       247.582199       247.596161    
   66780.0000       247.509521       247.523010    
   66800.0000       247.436813       247.449875    
   66820.0000       247.364105       247.376724    
   66840.0000       247.291428       247.303589    
   66860.0000       247.218719       247.230438    
   66880.0000       247.146027       247.157303    
   66900.0000       247.073349       247.084152    
   66920.0000       247.000656       247.011002    
   66940.0000       246.927963       246.937866    
   66960.0000       246.855270       246.864716    
   66980.0000       246.782578       246.791580    
   67000.0000       246.709900       246.718430    
   67020.0000       246.637222       246.645294    
   67040.0000       246.564545       246.572144    
   67060.0000       246.491867       246.498993    
   67080.0000       246.419189       246.425858    
   67100.0000       246.346512       246.352707    
   67120.0000       246.273834       246.279572    
   67140.0000       246.201141       246.206421    
   67160.0000       246.128464       246.133270    
   67180.0000       246.055801       246.060135    
   67200.0000       245.983139       245.986984    
   67220.0000       245.910461       245.913849    
   67240.0000       245.837799       245.840698    
   67260.0000       245.765121       245.767563    
   67280.0000       245.692459       245.694412    
   67300.0000       245.622620       245.624512    
   67320.0000       245.576981       245.578278    
   67340.0000       245.531372       245.532028    
   67360.0000       245.485748       245.485794    
   67380.0000       245.440125       245.439545    
   67400.0000       245.394516       245.393311    
   67420.0000       245.348907       245.347061    
   67440.0000       245.303284       245.300812    
   67460.0000       245.257690       245.254578    
   67480.0000       245.212082       245.208328    
   67500.0000       245.166458       245.162094    
   67520.0000       245.120850       245.115845    
   67540.0000       245.075256       245.069611    
   67560.0000       245.029648       245.023361    
   67580.0000       244.984055       244.977127    
   67600.0000       244.938446       244.930878    
   67620.0000       244.892853       244.884644    
   67640.0000       244.847260       244.838394    
   67660.0000       244.801666       244.792160    
   67680.0000       244.756073       244.745911    
   67700.0000       244.710480       244.699677    
   67720.0000       244.664902       244.653427    
   67740.0000       244.619293       244.607193    
   67760.0000       244.573715       244.560944    
   67780.0000       244.528137       244.514694    
   67800.0000       244.482559       244.468460    
   67820.0000       244.436951       244.422211    
   67840.0000       244.391373       244.375977    
   67860.0000       244.345810       244.329727    
   67880.0000       244.300217       244.283493    
   67900.0000       244.254654       244.237244    
   67920.0000       244.209045       244.191010    
   67940.0000       244.163483       244.144760    
   67960.0000       244.117905       244.098526    
   67980.0000       244.072342       244.052277    
   68000.0000       244.026764       244.006042    
   68020.0000       243.981201       243.959793    
   68040.0000       243.935623       243.913559    
   68060.0000       243.890060       243.867310    
   68080.0000       243.844482       243.821060    
   68100.0000       243.798920       243.774826    
   68120.0000       243.753357       243.728577    
   68140.0000       243.707779       243.682343    
   68160.0000       243.662216       243.636093    
   68180.0000       243.616653       243.589859    
   68200.0000       243.571091       243.543610    
   68220.0000       243.525513       243.497375    
   68240.0000       243.479950       243.451126    
   68260.0000       243.434402       243.404892    
   68280.0000       243.388855       243.358643    
   68300.0000       243.343277       243.312408    
   68320.0000       243.297714       243.266159    
   68340.0000       243.252167       243.219925    
   68360.0000       243.206589       243.173676    
   68380.0000       243.161026       243.127426    
   68400.0000       243.115494       243.081192    
   68420.0000       243.069931       243.034943    
   68440.0000       243.024368       242.988708    
   68460.0000       242.978806       242.942459    
   68480.0000       242.933258       242.896225    
   68500.0000       242.887711       242.849976    
   68520.0000       242.842133       242.803741    
   68540.0000       242.796585       242.757492    
   68560.0000       242.751038       242.711258    
   68580.0000       242.705475       242.665009    
   68600.0000       242.659927       242.618774    
   68620.0000       242.614365       242.572525    
   68640.0000       242.568817       242.526291    
   68660.0000       242.523254       242.480042    
   68680.0000       242.477707       242.433807    
   68700.0000       242.432159       242.387558    
   68720.0000       242.386597       242.341309    
   68740.0000       242.341049       242.295074    
   68760.0000       242.295502       242.248825    
   68780.0000       242.249939       242.202591    
   68800.0000       242.204376       242.156342    
   68820.0000       242.158844       242.110107    
   68840.0000       242.113297       242.063858    
   68860.0000       242.067749       242.017624    
   68880.0000       242.022186       241.971375    
   68900.0000       241.976639       241.925140    
   68920.0000       241.931076       241.878891    
   68940.0000       241.885513       241.832657    
   68960.0000       241.839966       241.786407    
   68980.0000       241.794418       241.740173    
   69000.0000       241.748856       241.693924    
   69020.0000       241.703293       241.647675    
   69040.0000       241.657745       241.601440    
   69060.0000       241.612183       241.555191    
   69080.0000       241.569839       241.508957    
   69100.0000       241.535126       241.471420    
   69120.0000       241.500412       241.435928    
   69140.0000       241.465683       241.400452    
   69160.0000       241.430954       241.364960    
   69180.0000       241.396225       241.329483    
   69200.0000       241.361511       241.293991    
   69220.0000       241.326797       241.258514    
   69240.0000       241.292068       241.223022    
   69260.0000       241.257355       241.187531    
   69280.0000       241.222626       241.152054    
   69300.0000       241.187912       241.116562    
   69320.0000       241.153183       241.081085    
   69340.0000       241.118469       241.045593    
   69360.0000       241.083725       241.010117    
   69380.0000       241.049011       240.974625    
   69400.0000       241.014282       240.939148    
   69420.0000       240.979568       240.903656    
   69440.0000       240.944839       240.868179    
   69460.0000       240.910095       240.832687    
   69480.0000       240.875381       240.797211    
   69500.0000       240.840652       240.761719    
   69520.0000       240.805923       240.726242    
   69540.0000       240.771194       240.690750    
   69560.0000       240.736465       240.655273    
   69580.0000       240.701736       240.619781    
   69600.0000       240.666992       240.584305    
   69620.0000       240.632248       240.548813    
   69640.0000       240.597519       240.513336    
   69660.0000       240.562790       240.477844    
   69680.0000       240.528046       240.442368    
   69700.0000       240.493317       240.406876    
   69720.0000       240.458572       240.371384    
   69740.0000       240.423828       240.335907    
   69760.0000       240.389084       240.300415    
   69780.0000       240.354340       240.264938    
   69800.0000       240.319595       240.229446    
   69820.0000       240.284866       240.193970    
   69840.0000       240.250092       240.158478    
   69860.0000       240.215347       240.123001    
   69880.0000       240.180603       240.087509    
   69900.0000       240.145844       240.052032    
   69920.0000       240.111099       240.016541    
   69940.0000       240.076340       239.981064    
   69960.0000       240.041580       239.945572    
   69980.0000       240.006821       239.910095    
   70000.0000       239.972061       239.874603    
   70020.0000       239.937302       239.839127    
   70040.0000       239.902542       239.803635    
   70060.0000       239.867767       239.768158    
   70080.0000       239.832993       239.732666    
   70100.0000       239.798233       239.697189    
   70120.0000       239.763474       239.661697    
   70140.0000       239.728683       239.626205    
   70160.0000       239.693909       239.590729    
   70180.0000       239.659134       239.555237    
   70200.0000       239.624359       239.519760    
   70220.0000       239.589569       239.484268    
   70240.0000       239.554779       239.448792    
   70260.0000       239.520004       239.413300    
   70280.0000       239.485229       239.377823    
   70300.0000       239.450424       239.342331    
   70320.0000       239.415634       239.306854    
   70340.0000       239.380829       239.271362    
   70360.0000       239.346054       239.235886    
   70380.0000       239.311234       239.200394    
   70400.0000       239.276428       239.164917    
   70420.0000       239.241638       239.129425    
   70440.0000       239.206833       239.093948    
   70460.0000       239.172012       239.058456    
   70480.0000       239.137207       239.022980    
   70500.0000       239.102386       238.987488    
   70520.0000       239.067566       238.952011    
   70540.0000       239.032761       238.916519    
   70560.0000       238.997925       238.881027    
   70580.0000       238.963089       238.845551    
   70600.0000       238.928268       238.810059    
   70620.0000       238.893448       238.774582    
   70640.0000       238.858597       238.739090    
   70660.0000       238.823761       238.703613    
   70680.0000       238.788940       238.668121    
   70700.0000       238.754089       238.632645    
   70720.0000       238.719238       238.597153    
   70740.0000       238.684387       238.561676    
   70760.0000       238.649536       238.526184    
   70780.0000       238.614685       238.490707    
   70800.0000       238.579834       238.455215    
   70820.0000       238.544952       238.419739    
   70840.0000       238.461197       238.384247    
   70860.0000       238.361191       238.298523    
   70880.0000       238.261139       238.198181    
   70900.0000       238.161118       238.097855    
   70920.0000       238.061081       237.997513    
   70940.0000       237.961029       237.897171    
   70960.0000       237.860992       237.796829    
   70980.0000       237.760956       237.696487    
   71000.0000       237.660919       237.596146    
   71020.0000       237.560867       237.495819    
   71040.0000       237.460831       237.395477    
   71060.0000       237.360809       237.295135    
   71080.0000       237.260742       237.194794    
   71100.0000       237.160675       237.094452    
   71120.0000       237.060654       236.994110    
   71140.0000       236.960571       236.893784    
   71160.0000       236.860535       236.793442    
   71180.0000       236.760483       236.693100    
   71200.0000       236.660416       236.592758    
   71220.0000       236.560364       236.492416    
   71240.0000       236.460281       236.392075    
   71260.0000       236.360214       236.291748    
   71280.0000       236.260147       236.191406    
   71300.0000       236.160080       236.091064    
   71320.0000       236.059998       235.990723    
   71340.0000       235.959961       235.890381    
   71360.0000       235.859863       235.790039    
   71380.0000       235.759811       235.689697    
   71400.0000       235.659698       235.589371    
   71420.0000       235.559631       235.489029    
   71440.0000       235.459564       235.388687    
   71460.0000       235.359451       235.288345    
   71480.0000       235.259354       235.188004    
   71500.0000       235.159271       235.087662    
   71520.0000       235.059174       234.987335    
   71540.0000       234.959106       234.886993    
   71560.0000       234.859009       234.786652    
   71580.0000       234.758881       234.686310    
   71600.0000       234.658798       234.585968    
   71620.0000       234.558685       234.485626    
   71640.0000       234.458588       234.385300    
   71660.0000       234.358490       234.284958    
   71680.0000       234.258377       234.184616    
   71700.0000       234.158218       234.084274    
   71720.0000       234.058151       233.983932    
   71740.0000       233.958023       233.883591    
   71760.0000       233.857895       233.783264    
   71780.0000       233.757751       233.682922    
   71800.0000       233.657654       233.582581    
   71820.0000       233.557510       233.482239    
   71840.0000       233.457382       233.381897    
   71860.0000       233.357254       233.281555    
   71880.0000       233.257095       233.181213    
   71900.0000       233.156952       233.080887    
   71920.0000       233.056808       232.980545    
   71940.0000       232.956696       232.880203    
   71960.0000       232.856537       232.779861    
   71980.0000       232.756363       232.679520    
   72000.0000       232.656250       232.579178    
   72020.0000       232.556061       232.478851    
   72040.0000       232.455917       232.378510    
   72060.0000       232.355774       232.278168    
   72080.0000       232.255615       232.177826    
   72100.0000       232.155441       232.077484    
   72120.0000       232.055267       231.977142    
   72140.0000       231.955078       231.876816    
   72160.0000       231.854935       231.776474    
   72180.0000       231.754730       231.676132    
   72200.0000       231.654572       231.575790    
   72220.0000       231.554352       231.475449    
   72240.0000       231.454178       231.375107    
   72260.0000       231.354004       231.274780    
   72280.0000       231.253799       231.174438    
   72300.0000       231.153595       231.074097    
   72320.0000       231.053436       230.973755    
   72340.0000       230.953201       230.873413    
   72360.0000       230.853027       230.773071    
   72380.0000       230.752792       230.672729    
   72400.0000       230.652603       230.572403    
   72420.0000       230.552383       230.472061    
   72440.0000       230.452164       230.371719    
   72460.0000       230.351944       230.271378    
   72480.0000       230.251709       230.171036    
   72500.0000       230.151520       230.070709    
   72520.0000       230.051254       229.970367    
   72540.0000       229.952713       229.870026    
   72560.0000       229.865784       229.769684    
   72580.0000       229.778854       229.680679    
   72600.0000       229.691971       229.593628    
   72620.0000       229.605057       229.506577    
   72640.0000       229.518097       229.419525    
   72660.0000       229.431183       229.332489    
   72680.0000       229.344254       229.245438    
   72700.0000       229.257355       229.158386    
   72720.0000       229.170395       229.071335    
   72740.0000       229.083435       228.984299    
   72760.0000       228.996506       228.897247    
   72780.0000       228.909561       228.810196    
   72800.0000       228.822617       228.723160    
   72820.0000       228.735657       228.636108    
   72840.0000       228.648682       228.549057    
   72860.0000       228.561722       228.462006    
   72880.0000       228.474777       228.374969    
   72900.0000       228.387772       228.287918    
   72920.0000       228.300812       228.200867    
   72940.0000       228.213837       228.113815    
   72960.0000       228.126801       228.026779    
   72980.0000       228.039841       227.939728    
   73000.0000       227.952850       227.852676    
   73020.0000       227.865845       227.765640    
   73040.0000       227.778854       227.678589    
   73060.0000       227.691833       227.591537    
   73080.0000       227.604828       227.504486    
   73100.0000       227.517807       227.417450    
   73120.0000       227.430786       227.330399    
   73140.0000       227.343765       227.243347    
   73160.0000       227.256744       227.156296    
   73180.0000       227.169693       227.069260    
   73200.0000       227.082687       226.982208    
   73220.0000       226.995651       226.895157    
   73240.0000       226.908600       226.808105    
   73260.0000       226.821548       226.721069    
   73280.0000       226.734497       226.634018    
   73300.0000       226.647415       226.546967    
   73320.0000       226.560364       226.459930    
   73340.0000       226.473282       226.372879    
   73360.0000       226.386215       226.285828    
   73380.0000       226.299149       226.198776    
   73400.0000       226.212051       226.111740    
   73420.0000       226.124969       226.024689    
   73440.0000       226.037888       225.937637    
   73460.0000       225.950790       225.850586    
   73480.0000       225.863708       225.763550    
   73500.0000       225.776596       225.676498    
   73520.0000       225.689499       225.589447    
   73540.0000       225.602386       225.502411    
   73560.0000       225.515259       225.415359    
   73580.0000       225.428162       225.328308    
   73600.0000       225.341003       225.241257    
   73620.0000       225.253876       225.154221    
   73640.0000       225.166748       225.067169    
   73660.0000       225.079605       224.980118    
   73680.0000       224.992447       224.893066    
   73700.0000       224.905319       224.806030    
   73720.0000       224.818146       224.718979    
   73740.0000       224.731003       224.631927    
   73760.0000       224.643860       224.544876    
   73780.0000       224.556686       224.457840    
   73800.0000       224.469498       224.370789    
   73820.0000       224.382309       224.283737    
   73840.0000       224.295135       224.196701    
   73860.0000       224.207977       224.109650    
   73880.0000       224.120758       224.022598    
   73900.0000       224.033569       223.935547    
   73920.0000       223.946350       223.848511    
   73940.0000       223.859177       223.761459    
   73960.0000       223.771942       223.674408    
   73980.0000       223.684753       223.587357    
   74000.0000       223.597504       223.500320    
   74020.0000       223.510284       223.413269    
   74040.0000       223.423035       223.326218    
   74060.0000       223.335831       223.239166    
   74080.0000       223.248581       223.152130    
   74100.0000       223.161362       223.065079    
   74120.0000       223.074081       222.978027    
   74140.0000       222.986832       222.890991    
   74160.0000       222.899567       222.803940    
   74180.0000       222.812302       222.716888    
   74200.0000       222.724945       222.629837    
   74220.0000       222.634018       222.542801    
   74240.0000       222.543137       222.452866    
   74260.0000       222.452209       222.362167    
   74280.0000       222.361313       222.271484    
   74300.0000       222.270386       222.180786    
   74320.0000       222.179459       222.090103    
   74340.0000       222.088531       221.999405    
   74360.0000       221.997635       221.908707    
   74380.0000       221.906677       221.818024    
   74400.0000       221.815735       221.727325    
   74420.0000       221.724792       221.636627    
   74440.0000       221.633835       221.545944    
   74460.0000       221.542892       221.455246    
   74480.0000       221.451904       221.364548    
   74500.0000       221.360947       221.273865    
   74520.0000       221.269974       221.183167    
   74540.0000       221.178986       221.092468    
   74560.0000       221.088013       221.001785    
   74580.0000       220.997055       220.911087    
   74600.0000       220.906052       220.820404    
   74620.0000       220.815063       220.729706    
   74640.0000       220.724045       220.639008    
   74660.0000       220.633057       220.548325    
   74680.0000       220.542038       220.457626    
   74700.0000       220.451004       220.366928    
   74720.0000       220.360016       220.276245    
   74740.0000       220.268982       220.185547    
   74760.0000       220.177963       220.094849    
   74780.0000       220.086929       220.004166    
   74800.0000       219.995880       219.913467    
   74820.0000       219.904831       219.822784    
   74840.0000       219.813797       219.732086    
   74860.0000       219.722733       219.641388    
   74880.0000       219.631683       219.550705    
   74900.0000       219.540619       219.460007    
   74920.0000       219.449554       219.369308    
   74940.0000       219.358459       219.278625    
   74960.0000       219.267410       219.187927    
   74980.0000       219.176315       219.097229    
   75000.0000       219.085236       219.006546    
   75020.0000       218.994141       218.915848    
   75040.0000       218.903030       218.825150    
   75060.0000       218.811920       218.734467    
   75080.0000       218.720840       218.643768    
   75100.0000       218.629700       218.553085    
   75120.0000       218.538589       218.462387    
   75140.0000       218.447495       218.371689    
   75160.0000       218.356354       218.281006    
   75180.0000       218.265244       218.190308    
   75200.0000       218.174103       218.099609    
   75220.0000       218.082962       218.008926    
   75240.0000       217.991791       217.918228    
   75260.0000       217.900650       217.827530    
   75280.0000       217.809525       217.736847    
   75300.0000       217.718353       217.646149    
   75320.0000       217.627167       217.555450    
   75340.0000       217.535995       217.464767    
   75360.0000       217.444839       217.374069    
   75380.0000       217.353668       217.283386    
   75400.0000       217.262482       217.192688    
   75420.0000       217.171280       217.101990    
   75440.0000       217.080093       217.011307    
   75460.0000       216.988876       216.920609    
   75480.0000       216.897675       216.829910    
   75500.0000       216.806473       216.739227    
   75520.0000       216.715256       216.648529    
   75540.0000       216.624069       216.557831    
   75560.0000       216.532822       216.467148    
   75580.0000       216.441605       216.376450    
   75600.0000       216.350388       216.285767    
   75620.0000       216.259140       216.195068    
   75640.0000       216.167892       216.104370    
   75660.0000       216.076630       216.013687    
   75680.0000       215.985413       215.922989    
   75700.0000       215.894119       215.832291    
   75720.0000       215.802872       215.741608    
   75740.0000       215.711609       215.650909    
   75760.0000       215.620331       215.560211    
   75780.0000       215.529083       215.469528    
   75800.0000       215.437790       215.378830    
   75820.0000       215.346451       215.288132    
   75840.0000       215.254822       215.197327    
   75860.0000       215.163208       215.106293    
   75880.0000       215.071579       215.015259    
   75900.0000       214.979950       214.924225    
   75920.0000       214.888290       214.833191    
   75940.0000       214.796677       214.742157    
   75960.0000       214.705017       214.651123    
   75980.0000       214.613373       214.560074    
   76000.0000       214.521713       214.469040    
   76020.0000       214.430054       214.378006    
   76040.0000       214.338379       214.286972    
   76060.0000       214.246704       214.195938    
   76080.0000       214.155029       214.104904    
   76100.0000       214.063324       214.013870    
   76120.0000       213.971649       213.922836    
   76140.0000       213.879959       213.831802    
   76160.0000       213.788269       213.740768    
   76180.0000       213.696594       213.649734    
   76200.0000       213.604858       213.558701    
   76220.0000       213.513168       213.467667    
   76240.0000       213.421463       213.376633    
   76260.0000       213.329712       213.285599    
   76280.0000       213.238022       213.194565    
   76300.0000       213.146286       213.103516    
   76320.0000       213.054550       213.012482    
   76340.0000       212.962814       212.921448    
   76360.0000       212.871078       212.830414    
   76380.0000       212.779343       212.739380    
   76400.0000       212.687592       212.648346    
   76420.0000       212.595840       212.557312    
   76440.0000       212.504059       212.466278    
   76460.0000       212.412308       212.375244    
   76480.0000       212.320526       212.284210    
   76500.0000       212.228760       212.193176    
   76520.0000       212.136993       212.102142    
   76540.0000       212.045197       212.011108    
   76560.0000       211.953430       211.920074    
   76580.0000       211.861633       211.829041    
   76600.0000       211.769852       211.738007    
   76620.0000       211.678055       211.646957    
   76640.0000       211.586227       211.555923    
   76660.0000       211.494431       211.464890    
   76680.0000       211.402649       211.373856    
   76700.0000       211.310822       211.282822    
   76720.0000       211.218979       211.191788    
   76740.0000       211.127167       211.100754    
   76760.0000       211.035355       211.009720    
   76780.0000       210.943527       210.918686    
   76800.0000       210.851685       210.827652    
   76820.0000       210.759842       210.736618    
   76840.0000       210.667984       210.645584    
   76860.0000       210.576157       210.554550    
   76880.0000       210.484329       210.463516    
   76900.0000       210.392441       210.372482    
   76920.0000       210.300568       210.281448    
   76940.0000       210.208710       210.190399    
   76960.0000       210.116852       210.099365    
   76980.0000       210.024994       210.008331    
   77000.0000       209.933105       209.917297    
   77020.0000       209.841248       209.826263    
   77040.0000       209.749374       209.735229    
   77060.0000       209.657455       209.644196    
   77080.0000       209.565567       209.553162    
   77100.0000       209.473694       209.462128    
   77120.0000       209.381790       209.371094    
   77140.0000       209.289886       209.280060    
   77160.0000       209.197998       209.189026    
   77180.0000       209.106064       209.097992    
   77200.0000       209.014160       209.006958    
   77220.0000       208.922241       208.915924    
   77240.0000       208.830322       208.824890    
   77260.0000       208.738403       208.733856    
   77280.0000       208.646469       208.642807    
   77300.0000       208.554550       208.551773    
   77320.0000       208.462616       208.460739    
   77340.0000       208.370682       208.369705    
   77360.0000       208.278763       208.278671    
   77380.0000       208.186813       208.187637    
   77400.0000       208.112534       208.115143    
   77420.0000       208.056046       208.060013    
   77440.0000       207.999527       208.004883    
   77460.0000       207.943008       207.949753    
   77480.0000       207.886505       207.894623    
   77500.0000       207.829987       207.839493    
   77520.0000       207.773453       207.784363    
   77540.0000       207.716934       207.729233    
   77560.0000       207.660400       207.674103    
   77580.0000       207.603867       207.618973    
   77600.0000       207.547302       207.563828    
   77620.0000       207.490768       207.508698    
   77640.0000       207.434204       207.453568    
   77660.0000       207.377655       207.398438    
   77680.0000       207.321091       207.343307    
   77700.0000       207.264511       207.288177    
   77720.0000       207.207947       207.233047    
   77740.0000       207.151367       207.177917    
   77760.0000       207.094788       207.122787    
   77780.0000       207.038193       207.067657    
   77800.0000       206.981598       207.012527    
   77820.0000       206.925003       206.957397    
   77840.0000       206.868393       206.902267    
   77860.0000       206.811783       206.847137    
   77880.0000       206.755188       206.791992    
   77900.0000       206.698578       206.736862    
   77920.0000       206.641953       206.681732    
   77940.0000       206.585327       206.626602    
   77960.0000       206.528702       206.571472    
   77980.0000       206.472046       206.516342    
   78000.0000       206.415436       206.461212    
   78020.0000       206.358780       206.406082    
   78040.0000       206.302139       206.350952    
   78060.0000       206.245468       206.295822    
   78080.0000       206.188828       206.240692    
   78100.0000       206.132187       206.185562    
   78120.0000       206.075531       206.130432    
   78140.0000       206.018845       206.075302    
   78160.0000       205.962189       206.020157    
   78180.0000       205.905502       205.965027    
   78200.0000       205.848846       205.909897    
   78220.0000       205.792160       205.854767    
   78240.0000       205.735489       205.799637    
   78260.0000       205.678802       205.744507    
   78280.0000       205.622116       205.689377    
   78300.0000       205.565430       205.634247    
   78320.0000       205.508713       205.579117    
   78340.0000       205.452011       205.523987    
   78360.0000       205.395309       205.468857    
   78380.0000       205.338608       205.413727    
   78400.0000       205.281891       205.358597    
   78420.0000       205.225174       205.303467    
   78440.0000       205.168488       205.248322    
   78460.0000       205.111755       205.193192    
   78480.0000       205.055023       205.138062    
   78500.0000       204.998322       205.082932    
   78520.0000       204.941589       205.027802    
   78540.0000       204.884872       204.972672    
   78560.0000       204.828125       204.917542    
   78580.0000       204.771393       204.862411    
   78600.0000       204.714676       204.807281    
   78620.0000       204.657928       204.752151    
   78640.0000       204.601181       204.697021    
   78660.0000       204.544434       204.641891    
   78680.0000       204.487701       204.586761    
   78700.0000       204.430939       204.531631    
   78720.0000       204.374207       204.476486    
   78740.0000       204.317444       204.421356    
   78760.0000       204.260712       204.366226    
   78780.0000       204.203949       204.311096    
   78800.0000       204.147186       204.255966    
   78820.0000       204.090424       204.200836    
   78840.0000       204.033661       204.145706    
   78860.0000       203.976929       204.090576    
   78880.0000       203.920135       204.035446    
   78900.0000       203.863388       203.980316    
   78920.0000       203.806595       203.946579    
   78940.0000       203.768066       203.921555    
   78960.0000       203.740921       203.896530    
   78980.0000       203.713776       203.871506    
   79000.0000       203.686630       203.846497    
   79020.0000       203.659500       203.821472    
   79040.0000       203.632339       203.796448    
   79060.0000       203.605209       203.771423    
   79080.0000       203.578049       203.746399    
   79100.0000       203.550888       203.721390    
   79120.0000       203.523743       203.696365    
   79140.0000       203.496582       203.671341    
   79160.0000       203.469421       203.646317    
   79180.0000       203.442261       203.621307    
   79200.0000       203.415100       203.596283    
   79220.0000       203.387939       203.571259    
   79240.0000       203.360779       203.546234    
   79260.0000       203.333618       203.521210    
   79280.0000       203.306442       203.496201    
   79300.0000       203.279282       203.471176    
   79320.0000       203.252121       203.446152    
   79340.0000       203.224960       203.421127    
   79360.0000       203.197784       203.396103    
   79380.0000       203.170624       203.371094    
   79400.0000       203.143433       203.346069    
   79420.0000       203.116272       203.321045    
   79440.0000       203.089096       203.296021    
   79460.0000       203.061935       203.270996    
   79480.0000       203.034775       203.245987    
   79500.0000       203.007599       203.220963    
   79520.0000       202.980438       203.195938    
   79540.0000       202.953262       203.170914    
   79560.0000       202.926102       203.145889    
   79580.0000       202.898926       203.120880    
   79600.0000       202.871765       203.095856    
   79620.0000       202.844589       203.070831    
   79640.0000       202.817429       203.045807    
   79660.0000       202.790253       203.020782    
   79680.0000       202.763092       202.995773    
   79700.0000       202.735931       202.970749    
   79720.0000       202.708771       202.945724    
   79740.0000       202.681595       202.920700    
   79760.0000       202.654449       202.895691    
   79780.0000       202.627289       202.870667    
   79800.0000       202.600128       202.845642    
   79820.0000       202.572983       202.820618    
   79840.0000       202.545822       202.795593    
   79860.0000       202.518677       202.770584    
   79880.0000       202.491531       202.745560    
   79900.0000       202.464371       202.720535    
   79920.0000       202.437241       202.695511    
   79940.0000       202.410095       202.670486    
   79960.0000       202.382950       202.645477    
   79980.0000       202.355804       202.620453    
   80000.0000       202.328690       202.595428    
   80020.0000       202.301544       202.570404    
   80040.0000       202.274414       202.545380    
   80060.0000       202.247299       202.520370    
   80080.0000       202.220169       202.495346    
   80100.0000       202.193039       202.470322    
   80120.0000       202.165924       202.445297    
   80140.0000       202.138824       202.420273    
   80160.0000       202.111710       202.395264    
   80180.0000       202.084595       202.370239    
   80200.0000       202.057495       202.345215    
   80220.0000       202.030396       202.320190    
   80240.0000       202.003296       202.295166    
   80260.0000       201.976212       202.270157    
   80280.0000       201.949112       202.245132    
   80300.0000       201.922043       202.220108    
   80320.0000       201.894958       202.195084    
   80340.0000       201.867889       202.170059    
   80360.0000       201.840820       202.145050    
   80380.0000       201.813751       202.120026    
   80400.0000       201.786697       202.095001    
   80420.0000       201.759628       202.065521    
   80440.0000       201.732574       202.035950    
   80460.0000       201.702255       202.006393    
   80480.0000       201.670731       201.976822    
   80500.0000       201.639206       201.947266    
   80520.0000       201.607712       201.917694    
   80540.0000       201.576187       201.888123    
   80560.0000       201.544693       201.858566    
   80580.0000       201.513199       201.828995    
   80600.0000       201.481705       201.799438    
   80620.0000       201.450211       201.769867    
   80640.0000       201.418732       201.740295    
   80660.0000       201.387268       201.710739    
   80680.0000       201.355804       201.681168    
   80700.0000       201.324326       201.651611    
   80720.0000       201.292877       201.622040    
   80740.0000       201.261429       201.592468    
   80760.0000       201.229980       201.562912    
   80780.0000       201.198547       201.533340    
   80800.0000       201.167130       201.503784    
   80820.0000       201.135712       201.474213    
   80840.0000       201.104294       201.444641    
   80860.0000       201.072891       201.415085    
   80880.0000       201.041473       201.385513    
   80900.0000       201.010086       201.355957    
   80920.0000       200.978699       201.326385    
   80940.0000       200.947311       201.296814    
   80960.0000       200.915955       201.267258    
   80980.0000       200.884583       201.237686    
   81000.0000       200.853241       201.208130    
   81020.0000       200.821899       201.178558    
   81040.0000       200.790558       201.148987    
   81060.0000       200.759216       201.119431    
   81080.0000       200.727905       201.089859    
   81100.0000       200.696594       201.060303    
   81120.0000       200.665283       201.030731    
   81140.0000       200.633987       201.001160    
   81160.0000       200.602707       200.971603    
   81180.0000       200.571411       200.942032    
   81200.0000       200.540161       200.912476    
   81220.0000       200.508896       200.882904    
   81240.0000       200.477646       200.853333    
   81260.0000       200.446411       200.823776    
   81280.0000       200.415176       200.794205    
   81300.0000       200.383957       200.764648    
   81320.0000       200.352753       200.735077    
   81340.0000       200.321548       200.705505    
   81360.0000       200.290344       200.675949    
   81380.0000       200.259171       200.646378    
   81400.0000       200.227997       200.616821    
   81420.0000       200.196838       200.587250    
   81440.0000       200.165680       200.557678    
   81460.0000       200.134552       200.528122    
   81480.0000       200.103424       200.498550    
   81500.0000       200.072296       200.468994    
   81520.0000       200.041183       200.439423    
   81540.0000       200.010101       200.409851    
   81560.0000       199.979004       200.380295    
   81580.0000       199.947937       200.350723    
   81600.0000       199.916885       200.321167    
   81620.0000       199.885834       200.291595    
   81640.0000       199.854797       200.262024    
   81660.0000       199.823761       200.232468    
   81680.0000       199.792740       200.202896    
   81700.0000       199.761749       200.173340    
   81720.0000       199.730759       200.143768    
   81740.0000       199.699783       200.114197    
   81760.0000       199.668808       200.084641    
   81780.0000       199.637848       200.055069    
   81800.0000       199.606918       200.025513    
   81820.0000       199.575989       199.995941    
   81840.0000       199.545074       199.966370    
   81860.0000       199.514160       199.936813    
   81880.0000       199.483276       199.907242    
   81900.0000       199.452316       199.866486    
   81920.0000       199.421356       199.825333    
   81940.0000       199.390427       199.784195    
   81960.0000       199.350571       199.743042    
   81980.0000       199.308182       199.701889    
   82000.0000       199.265808       199.660751    
   82020.0000       199.223480       199.619598    
   82040.0000       199.181122       199.578461    
   82060.0000       199.138794       199.537308    
   82080.0000       199.096497       199.496155    
   82100.0000       199.054184       199.455017    
   82120.0000       199.011871       199.413864    
   82140.0000       198.969604       199.372711    
   82160.0000       198.927338       199.331573    
   82180.0000       198.885086       199.290421    
   82200.0000       198.842865       199.249283    
   82220.0000       198.800629       199.208130    
   82240.0000       198.758423       199.166977    
   82260.0000       198.716217       199.125839    
   82280.0000       198.674026       199.084686    
   82300.0000       198.631866       199.043549    
   82320.0000       198.589722       199.002396    
   82340.0000       198.547562       198.961243    
   82360.0000       198.505447       198.920105    
   82380.0000       198.463318       198.878952    
   82400.0000       198.421234       198.837799    
   82420.0000       198.379135       198.796661    
   82440.0000       198.337082       198.755508    
   82460.0000       198.295013       198.714371    
   82480.0000       198.252960       198.673218    
   82500.0000       198.210938       198.632065    
   82520.0000       198.168930       198.590927    
   82540.0000       198.126938       198.549774    
   82560.0000       198.084961       198.508621    
   82580.0000       198.042984       198.467484    
   82600.0000       198.001038       198.426331    
   82620.0000       197.959106       198.385193    
   82640.0000       197.917206       198.344040    
   82660.0000       197.875290       198.302887    
   82680.0000       197.833405       198.261749    
   82700.0000       197.791534       198.220596    
   82720.0000       197.749680       198.179443    
   82740.0000       197.707840       198.138306    
   82760.0000       197.666031       198.097153    
   82780.0000       197.624222       198.056015    
   82800.0000       197.582428       198.014862    
   82820.0000       197.540649       197.973709    
   82840.0000       197.498901       197.932571    
   82860.0000       197.457153       197.891418    
   82880.0000       197.415436       197.850266    
   82900.0000       197.373749       197.809128    
   82920.0000       197.332047       197.767975    
   82940.0000       197.290390       197.726837    
   82960.0000       197.248734       197.685684    
   82980.0000       197.207092       197.644531    
   83000.0000       197.165482       197.603394    
   83020.0000       197.123886       197.562241    
   83040.0000       197.082291       197.521088    
   83060.0000       197.040726       197.479950    
   83080.0000       196.999191       197.438797    
   83100.0000       196.957657       197.397659    
   83120.0000       196.916153       197.356506    
   83140.0000       196.874649       197.315353    
   83160.0000       196.833191       197.274216    
   83180.0000       196.791733       197.233063    
   83200.0000       196.750305       197.191910    
   83220.0000       196.708893       197.150772    
   83240.0000       196.667496       197.109619    
   83260.0000       196.626129       197.068481    
   83280.0000       196.584747       197.027328    
   83300.0000       196.543411       196.986176    
   83320.0000       196.502090       196.945038    
   83340.0000       196.460800       196.903885    
   83360.0000       196.419373       196.864975    
   83380.0000       196.377991       196.826401    
   83400.0000       196.336609       196.787811    
   83420.0000       196.295898       196.749237    
   83440.0000       196.257111       196.710648    
   83460.0000       196.218353       196.672058    
   83480.0000       196.179611       196.633484    
   83500.0000       196.140884       196.594894    
   83520.0000       196.102173       196.556320    
   83540.0000       196.063492       196.517731    
   83560.0000       196.024841       196.479141    
   83580.0000       195.986191       196.440567    
   83600.0000       195.947556       196.401978    
   83620.0000       195.908981       196.363403    
   83640.0000       195.870392       196.324814    
   83660.0000       195.831833       196.286224    
   83680.0000       195.793304       196.247650    
   83700.0000       195.754791       196.209061    
   83720.0000       195.716293       196.170486    
   83740.0000       195.677811       196.131897    
   83760.0000       195.639389       196.093307    
   83780.0000       195.600937       196.054733    
   83800.0000       195.562561       196.016144    
   83820.0000       195.524170       195.977554    
   83840.0000       195.485809       195.938980    
   83860.0000       195.447479       195.900391    
   83880.0000       195.409149       195.861816    
   83900.0000       195.370865       195.823227    
   83920.0000       195.332596       195.784637    
   83940.0000       195.294357       195.746063    
   83960.0000       195.256134       195.707474    
   83980.0000       195.217941       195.668900    
   84000.0000       195.179749       195.630310    
   84020.0000       195.141632       195.591721    
   84040.0000       195.103485       195.553146    
   84060.0000       195.065399       195.514557    
   84080.0000       195.027298       195.475983    
   84100.0000       194.989258       195.437393    
   84120.0000       194.951202       195.398804    
   84140.0000       194.913208       195.360229    
   84160.0000       194.875214       195.321640    
   84180.0000       194.837265       195.283066    
   84200.0000       194.799316       195.244476    
   84220.0000       194.761414       195.205887    
   84240.0000       194.723526       195.167313    
   84260.0000       194.685669       195.128723    
   84280.0000       194.647842       195.090134    
   84300.0000       194.610016       195.051559    
   84320.0000       194.572235       195.012970    
   84340.0000       194.534470       194.974396    
   84360.0000       194.496719       194.935806    
   84380.0000       194.459015       194.897217    
   84400.0000       194.421326       194.858643    
   84420.0000       194.383667       194.820053    
   84440.0000       194.346024       194.781479    
   84460.0000       194.308411       194.742889    
   84480.0000       194.270828       194.704300    
   84500.0000       194.233261       194.665726    
   84520.0000       194.195724       194.627136    
   84540.0000       194.158218       194.588562    
   84560.0000       194.120758       194.549973    
   84580.0000       194.083282       194.511383    
   84600.0000       194.045853       194.472809    
   84620.0000       194.008453       194.434219    
   84640.0000       193.971054       194.395645    
   84660.0000       193.933716       194.357056    
   84680.0000       193.896408       194.318466    
   84700.0000       193.859085       194.279892    
   84720.0000       193.821823       194.241302    
   84740.0000       193.784576       194.202713    
   84760.0000       193.747360       194.164139    
   84780.0000       193.710159       194.125549    
   84800.0000       193.672791       194.105835    
   84820.0000       193.635406       194.090332    
   84840.0000       193.598022       194.074829    
   84860.0000       193.573257       194.059326    
   84880.0000       193.559265       194.043823    
   84900.0000       193.545319       194.028336    
   84920.0000       193.531387       194.012833    
   84940.0000       193.517502       193.997330    
   84960.0000       193.503647       193.981827    
   84980.0000       193.489838       193.966324    
   85000.0000       193.476044       193.950821    
   85020.0000       193.462296       193.935318    
   85040.0000       193.448563       193.919830    
   85060.0000       193.434891       193.904327    
   85080.0000       193.421249       193.888824    
   85100.0000       193.407639       193.873322    
   85120.0000       193.394058       193.857819    
   85140.0000       193.380508       193.842316    
   85160.0000       193.367004       193.826828    
   85180.0000       193.353531       193.811325    
   85200.0000       193.340088       193.795822    
   85220.0000       193.326691       193.780319    
   85240.0000       193.313339       193.764816    
   85260.0000       193.300003       193.749313    
   85280.0000       193.286713       193.733810    
   85300.0000       193.273453       193.718323    
   85320.0000       193.260223       193.702820    
   85340.0000       193.247055       193.687317    
   85360.0000       193.233902       193.671814    
   85380.0000       193.220779       193.656311    
   85400.0000       193.207718       193.640808    
   85420.0000       193.194672       193.625305    
   85440.0000       193.181686       193.609818    
   85460.0000       193.168716       193.594315    
   85480.0000       193.155807       193.578812    
   85500.0000       193.142914       193.563309    
   85520.0000       193.130066       193.547806    
   85540.0000       193.117249       193.532303    
   85560.0000       193.104477       193.516815    
   85580.0000       193.091751       193.501312    
   85600.0000       193.079041       193.485809    
   85620.0000       193.066376       193.470306    
   85640.0000       193.053772       193.454803    
   85660.0000       193.041183       193.439301    
   85680.0000       193.028641       193.423798    
   85700.0000       193.016129       193.408310    
   85720.0000       193.003677       193.392807    
   85740.0000       192.991241       193.377304    
   85760.0000       192.978851       193.361801    
   85780.0000       192.966492       193.346298    
   85800.0000       192.954178       193.330795    
   85820.0000       192.941925       193.315292    
   85840.0000       192.929688       193.299805    
   85860.0000       192.917496       193.284302    
   85880.0000       192.905350       193.268799    
   85900.0000       192.893234       193.253296    
   85920.0000       192.881165       193.237793    
   85940.0000       192.869125       193.222290    
   85960.0000       192.857147       193.206787    
   85980.0000       192.845184       193.191299    
   86000.0000       192.833267       193.175797    
   86020.0000       192.821396       193.160294    
   86040.0000       192.809555       193.144791    
   86060.0000       192.797775       193.129288    
   86080.0000       192.786026       193.113785    
   86100.0000       192.774323       193.098297    
   86120.0000       192.762650       193.082794    
   86140.0000       192.751022       193.067291    
   86160.0000       192.739441       193.051788    
   86180.0000       192.727890       193.036285    
   86200.0000       192.716385       193.020782    
   86220.0000       192.704819       193.027847    
   86240.0000       192.693161       193.062881    
   86260.0000       192.705551       193.097916    
   86280.0000       192.745865       193.132935    
   86300.0000       192.786240       193.167969    
   86320.0000       192.826675       193.203003    
   86340.0000       192.867172       193.238037    
   86360.0000       192.907745       193.273071    
   86380.0000       192.948364       193.308090    
   86400.0000       192.989059       193.343124    
   86420.0000       193.029800       193.378159    
   86440.0000       193.070618       193.413193    
   86460.0000       193.111496       193.448212    
   86480.0000       193.152451       193.483246    
   86500.0000       193.193481       193.518280    
   86520.0000       193.234558       193.553314    
   86540.0000       193.275726       193.588348    
   86560.0000       193.316925       193.623367    
   86580.0000       193.358215       193.658401    
   86600.0000       193.399551       193.693436    
   86620.0000       193.440964       193.728470    
   86640.0000       193.482468       193.763504    
   86660.0000       193.524017       193.798523    
   86680.0000       193.565643       193.833557    
   86700.0000       193.607346       193.868591    
   86720.0000       193.649094       193.903625    
   86740.0000       193.690918       193.938644    
   86760.0000       193.732819       193.973679    
   86780.0000       193.774796       194.008713    
   86800.0000       193.816833       194.043747    
   86820.0000       193.858932       194.078781    
   86840.0000       193.901123       194.113800    
   86860.0000       193.943375       194.148834    
   86880.0000       193.985703       194.183868    
   86900.0000       194.028107       194.218903    
   86920.0000       194.070587       194.253937    
   86940.0000       194.113113       194.288956    
   86960.0000       194.155731       194.323990    
   86980.0000       194.198425       194.359024    
   87000.0000       194.241196       194.394058    
   87020.0000       194.284027       194.429077    
   87040.0000       194.326935       194.464111    
   87060.0000       194.369934       194.499146    
   87080.0000       194.412994       194.534180    
   87100.0000       194.456146       194.569214    
   87120.0000       194.499359       194.604233    
   87140.0000       194.542633       194.639267    
   87160.0000       194.585999       194.674301    
   87180.0000       194.629440       194.709335    
   87200.0000       194.672958       194.744370    
   87220.0000       194.716568       194.779388    
   87240.0000       194.760239       194.814423    
   87260.0000       194.803986       194.849457    
   87280.0000       194.847839       194.884491    
   87300.0000       194.891739       194.919525    
   87320.0000       194.935730       194.954544    
   87340.0000       194.979797       194.989578    
   87360.0000       195.023972       195.024612    
   87380.0000       195.068176       195.059647    
   87400.0000       195.112503       195.094666    
   87420.0000       195.156891       195.129700    
   87440.0000       195.201355       195.164734    
   87460.0000       195.245926       195.199768    
   87480.0000       195.290573       195.234802    
   87500.0000       195.335281       195.269821    
   87520.0000       195.380096       195.304855    
   87540.0000       195.424973       195.339890    
   87560.0000       195.469955       195.374924    
   87580.0000       195.514999       195.409958    
   87600.0000       195.560135       195.444977    
   87620.0000       195.605362       195.480011    
   87640.0000       195.685135       195.515045    
   87660.0000       195.806396       195.607483    
   87680.0000       195.927795       195.714615    
   87700.0000       196.049347       195.821762    
   87720.0000       196.170944       195.928894    
   87740.0000       196.292740       196.036041    
   87760.0000       196.414627       196.143173    
   87780.0000       196.536606       196.250320    
   87800.0000       196.658768       196.357452    
   87820.0000       196.781036       196.464600    
   87840.0000       196.903442       196.571732    
   87860.0000       197.025940       196.678879    
   87880.0000       197.148575       196.786011    
   87900.0000       197.271347       196.893158    
   87920.0000       197.394226       197.000290    
   87940.0000       197.517242       197.107437    
   87960.0000       197.640381       197.214569    
   87980.0000       197.763687       197.321716    
   88000.0000       197.887070       197.428848    
   88020.0000       198.010620       197.535995    
   88040.0000       198.134293       197.643127    
   88060.0000       198.258102       197.750275    
   88080.0000       198.382019       197.857407    
   88100.0000       198.506104       197.964554    
   88120.0000       198.630310       198.071686    
   88140.0000       198.754654       198.178833    
   88160.0000       198.879120       198.285965    
   88180.0000       199.003723       198.393112    
   88200.0000       199.128494       198.500244    
   88220.0000       199.253357       198.607391    
   88240.0000       199.378387       198.714523    
   88260.0000       199.503540       198.821671    
   88280.0000       199.628815       198.928802    
   88300.0000       199.754257       199.035950    
   88320.0000       199.879837       199.143082    
   88340.0000       200.005569       199.250229    
   88360.0000       200.131393       199.357361    
   88380.0000       200.257401       199.464508    
   88400.0000       200.383575       199.571640    
   88420.0000       200.509857       199.678787    
   88440.0000       200.636292       199.785919    
   88460.0000       200.762833       199.893066    
   88480.0000       200.889572       200.000198    
   88500.0000       201.016434       200.107346    
   88520.0000       201.143448       200.214478    
   88540.0000       201.270615       200.321625    
   88560.0000       201.397949       200.428757    
   88580.0000       201.525375       200.535904    
   88600.0000       201.653000       200.643036    
   88620.0000       201.780731       200.750183    
   88640.0000       201.908646       200.857315    
   88660.0000       202.036728       200.964462    
   88680.0000       202.164932       201.071594    
   88700.0000       202.293274       201.178741    
   88720.0000       202.421799       201.285873    
   88740.0000       202.550461       201.393021    
   88760.0000       202.679291       201.500153    
   88780.0000       202.808243       201.607300    
   88800.0000       202.937393       201.714432    
   88820.0000       203.066681       201.821579    
   88840.0000       203.196091       201.928711    
   88860.0000       203.325684       202.035858    
   88880.0000       203.455460       202.142990    
   88900.0000       203.585373       202.250137    
   88920.0000       203.715424       202.357269    
   88940.0000       203.845642       202.464417    
   88960.0000       203.976059       202.571548    
   88980.0000       204.106613       202.678696    
   89000.0000       204.237289       202.785828    
   89020.0000       204.368149       202.892975    
   89040.0000       204.499191       203.000107    
   89060.0000       204.630402       203.107254    
   89080.0000       204.761719       203.214386    
   89100.0000       204.893265       203.321533    
   89120.0000       205.024918       203.428665    
   89140.0000       205.156738       203.535812    
   89160.0000       205.288757       203.642944    
   89180.0000       205.420914       203.750092    
   89200.0000       205.523773       203.857224    
   89220.0000       205.625198       203.964371    
   89240.0000       205.726746       204.071503    
   89260.0000       205.828415       204.178650    
   89280.0000       205.930267       204.285782    
   89300.0000       206.032227       204.392929    
   89320.0000       206.133591       204.477844    
   89340.0000       206.234863       204.556549    
   89360.0000       206.336258       204.635269    
   89380.0000       206.437790       204.713974    
   89400.0000       206.539444       204.792679    
   89420.0000       206.641220       204.871384    
   89440.0000       206.743134       204.950104    
   89460.0000       206.845184       205.028809    
   89480.0000       206.947372       205.107513    
   89500.0000       207.049698       205.186234    
   89520.0000       207.152161       205.264938    
   89540.0000       207.254730       205.343643    
   89560.0000       207.357468       205.422363    
   89580.0000       207.460342       205.501068    
   89600.0000       207.563339       205.579773    
   89620.0000       207.666458       205.658478    
   89640.0000       207.769760       205.737198    
   89660.0000       207.873169       205.815903    
   89680.0000       207.976730       205.894608    
   89700.0000       208.080444       205.973328    
   89720.0000       208.184280       206.052032    
   89740.0000       208.288300       206.130737    
   89760.0000       208.392426       206.209457    
   89780.0000       208.496704       206.288162    
   89800.0000       208.601135       206.366867    
   89820.0000       208.705704       206.445572    
   89840.0000       208.810425       206.524292    
   89860.0000       208.915298       206.602997    
   89880.0000       209.020340       206.681702    
   89900.0000       209.125519       206.760422    
   89920.0000       209.230850       206.839127    
   89940.0000       209.336334       206.917831    
   89960.0000       209.442001       206.996552    
   89980.0000       209.547775       207.075256    
   90000.0000       209.653763       207.153961    
   90020.0000       209.759857       207.232666    
   90040.0000       209.866119       207.311386    
   90060.0000       209.972565       207.390091    
   90080.0000       210.079163       207.468796    
   90100.0000       210.185928       207.547516    
   90120.0000       210.292877       207.626221    
   90140.0000       210.399948       207.704926    
   90160.0000       210.507202       207.783630    
   90180.0000       210.614639       207.862350    
   90200.0000       210.722260       207.941055    
   90220.0000       210.830017       208.019760    
   90240.0000       210.937988       208.098480    
   90260.0000       211.046097       208.177185    
   90280.0000       211.154404       208.255890    
   90300.0000       211.262878       208.334610    
   90320.0000       211.371552       208.413315    
   90340.0000       211.480392       208.492020    
   90360.0000       211.589432       208.570724    
   90380.0000       211.698654       208.649445    
   90400.0000       211.808029       208.728149    
   90420.0000       211.917618       208.806854    
   90440.0000       212.027405       208.885574    
   90460.0000       212.137405       208.964279    
   90480.0000       212.247543       209.042984    
   90500.0000       212.357910       209.121704    
   90520.0000       212.468491       209.200409    
   90540.0000       212.579285       209.279114    
   90560.0000       212.690231       209.357819    
   90580.0000       212.801407       209.436539    
   90600.0000       212.912811       209.515244    
   90620.0000       213.024414       209.593948    
   90640.0000       213.136215       209.672668    
   90660.0000       213.248276       209.751373    
   90680.0000       213.360519       209.830078    
   90700.0000       213.473007       209.908798    
   90720.0000       213.585678       209.987503    
   90740.0000       213.698608       210.066208    
   90760.0000       213.811752       210.144913    
   90780.0000       213.925156       210.223633    
   90800.0000       214.038773       210.302338    
   90820.0000       214.152634       210.381042    
   90840.0000       214.266754       210.459763    
   90860.0000       214.381104       210.538467    
   90880.0000       214.495697       210.617172    
   90900.0000       214.610535       210.695892    
   90920.0000       214.725662       210.774597    
   90940.0000       214.841034       210.853302    
   90960.0000       214.956696       210.932007    
   90980.0000       215.072586       211.010727    
   91000.0000       215.188766       211.089432    
   91020.0000       215.305206       211.168137    
   91040.0000       215.421936       211.246857    
   91060.0000       215.538956       211.325562    
   91080.0000       215.656265       211.404266    
   91100.0000       215.773880       211.482986    
   91120.0000       215.891769       211.561691    
   91140.0000       216.009964       211.640396    
   91160.0000       216.128479       211.719101    
   91180.0000       216.247299       211.797821    
   91200.0000       216.366455       211.876526    
   91220.0000       216.485931       211.955231    
   91240.0000       216.571609       212.033951    
   91260.0000       216.606949       212.112656    
   91280.0000       216.642517       212.191360    
   91300.0000       216.678299       212.270081    
   91320.0000       216.714386       212.348785    
   91340.0000       216.750671       212.427490    
   91360.0000       216.787247       212.506195    
   91380.0000       216.824081       212.584915    
   91400.0000       216.861191       212.663620    
   91420.0000       216.898560       212.742325    
   91440.0000       216.936203       212.821045    
   91460.0000       216.974152       212.899750    
   91480.0000       217.012375       212.978455    
   91500.0000       217.050903       213.057159    
   91520.0000       217.089722       213.135880    
   91540.0000       217.128860       213.214584    
   91560.0000       217.168304       213.293289    
   91580.0000       217.208084       213.372009    
   91600.0000       217.248199       213.450714    
   91620.0000       217.286255       213.483459    
   91640.0000       217.323181       213.489731    
   91660.0000       217.360367       213.495987    
   91680.0000       217.397797       213.502258    
   91700.0000       217.435455       213.508514    
   91720.0000       217.473358       213.514771    
   91740.0000       217.511551       213.521042    
   91760.0000       217.549988       213.527298    
   91780.0000       217.588684       213.533569    
   91800.0000       217.627655       213.539825    
   91820.0000       217.666916       213.546082    
   91840.0000       217.706467       213.552353    
   91860.0000       217.746307       213.558609    
   91880.0000       217.786453       213.564880    
   91900.0000       217.826874       213.571136    
   91920.0000       217.867645       213.577393    
   91940.0000       217.908707       213.583664    
   91960.0000       217.950119       213.589920    
   91980.0000       217.991852       213.596191    
   92000.0000       218.033951       213.602448    
   92020.0000       218.076385       213.608719    
   92040.0000       218.119186       213.614975    
   92060.0000       218.162369       213.621231    
   92080.0000       218.205917       213.627502    
   92100.0000       218.249847       213.633759    
   92120.0000       218.294189       213.640030    
   92140.0000       218.338943       213.646286    
   92160.0000       218.384140       213.652542    
   92180.0000       218.429749       213.658813    
   92200.0000       218.475800       213.665070    
   92220.0000       218.522324       213.671341    
   92240.0000       218.569290       213.677597    
   92260.0000       218.616776       213.683853    
   92280.0000       218.664749       213.690125    
   92300.0000       218.713226       213.696381    
   92320.0000       218.762222       213.702652    
   92340.0000       218.811783       213.708908    
   92360.0000       218.861908       213.715164    
   92380.0000       218.912598       213.721436    
   92400.0000       218.963882       213.727692    
   92420.0000       219.015778       213.733963    
   92440.0000       219.068314       213.740219    
   92460.0000       219.121506       213.746475    
   92480.0000       219.175354       213.752747    
   92500.0000       219.229904       213.759003    
   92520.0000       219.285172       213.765274    
   92540.0000       219.341171       213.771530    
   92560.0000       219.397949       213.777802    
   92580.0000       219.455521       213.784058    
   92600.0000       219.513901       213.790314    
   92620.0000       219.573120       213.796585    
   92640.0000       219.633224       213.802841    
   92660.0000       219.694214       213.809113    
   92680.0000       219.756165       213.815369    
   92700.0000       219.819061       213.821625    
   92720.0000       219.882965       213.827896    
   92740.0000       219.947922       213.834152    
   92760.0000       220.013947       213.840424    
   92780.0000       220.081085       213.846680    
   92800.0000       220.149384       213.852936    
   92820.0000       220.218857       213.859207    
   92840.0000       220.289597       213.865463    
   92860.0000       220.361618       213.871735    
   92880.0000       220.434967       213.877991    
   92900.0000       220.509705       213.884247    
   92920.0000       220.585876       213.890518    
   92940.0000       220.663513       213.896774    
   92960.0000       220.742706       213.903046    
   92980.0000       220.823502       213.909302    
   93000.0000       220.905945       213.915558    
   93020.0000       220.990112       213.921829    
   93040.0000       221.076050       213.928085    
   93060.0000       221.163818       213.934357    
   93080.0000       221.253494       213.940613    
   93100.0000       221.345139       213.946884    
   93120.0000       221.438797       213.953140    
   93140.0000       221.534546       213.959396    
   93160.0000       221.632431       213.965668    
   93180.0000       221.732544       213.971924    
   93200.0000       221.834915       213.978195    
   93220.0000       221.939590       213.984451    
   93240.0000       222.046631       213.990707    
   93260.0000       222.156052       213.996979    
   93280.0000       222.267883       214.003235    
   93300.0000       222.382156       214.009506    
   93320.0000       222.498825       214.015762    
   93340.0000       222.617874       214.022018    
   93360.0000       222.739258       214.028290    
   93380.0000       222.862854       214.034546    
   93400.0000       222.988586       214.040817    
   93420.0000       223.116211       214.047073    
   93440.0000       223.245544       214.053329    
   93460.0000       223.376251       214.059601    
   93480.0000       223.508072       214.065857    
   93500.0000       223.651810       214.072128    
   93520.0000       223.795547       214.078384    
   93540.0000       223.938568       214.084641    
   93560.0000       224.080078       214.090912    
   93580.0000       224.219086       214.097168    
   93600.0000       224.354538       214.103439    
   93620.0000       224.485229       214.109695    
   93640.0000       224.609787       214.115967    
   93660.0000       224.726791       214.122223    
   93680.0000       224.834732       214.128479    
   93700.0000       224.932053       214.134750    
   93720.0000       225.017288       214.141006    
   93740.0000       225.088928       214.147278    
   93760.0000       225.145782       214.153534    
   93780.0000       225.186768       214.159790    
   93800.0000       225.211105       214.166061    
   93820.0000       225.218384       214.172318    
   93840.0000       225.208557       214.178589    
   93860.0000       225.181870       214.184845    
   93880.0000       225.139023       214.191101    
   93900.0000       225.080933       214.197372    
   93920.0000       225.008835       214.203629    
   93940.0000       224.924118       214.209900    
   93960.0000       224.828278       214.216156    
   93980.0000       224.722961       214.222412    
   94000.0000       224.609604       214.228683    
   94020.0000       224.489822       214.234940    
   94040.0000       224.364960       214.241211    
   94060.0000       224.236343       214.247467    
   94080.0000       224.105087       214.253723    
   94100.0000       223.972244       214.259995    
   94120.0000       223.838669       214.266251    
   94140.0000       223.705170       214.272522    
   94160.0000       223.572311       214.278778    
   94180.0000       223.440659       214.285049    
   94200.0000       223.310593       214.291306    
   94220.0000       223.182480       214.297562    
   94240.0000       223.056595       214.303833    
   94260.0000       222.933090       214.310089    
   94280.0000       222.812103       214.316360    
   94300.0000       222.693817       214.322617    
   94320.0000       222.578186       214.328873    
   94340.0000       222.465332       214.335144    
   94360.0000       222.355194       214.341400    
   94380.0000       222.247803       214.347672    
   94400.0000       222.143097       214.353928    
   94420.0000       222.041061       214.360184    
   94440.0000       221.941605       214.366455    
   94460.0000       221.844711       214.372711    
   94480.0000       221.750290       214.378983    
   94500.0000       221.658249       214.385239    
   94520.0000       221.568558       214.391495    
   94540.0000       221.481110       214.397766    
   94560.0000       221.395889       214.404022    
   94580.0000       221.312729       214.410294    
   94600.0000       221.234497       214.420227    
   94620.0000       221.160446       214.433090    
   94640.0000       221.088226       214.445938    
   94660.0000       221.017761       214.458786    
   94680.0000       220.948959       214.471649    
   94700.0000       220.881714       214.484497    
   94720.0000       220.816010       214.497360    
   94740.0000       220.751724       214.510208    
   94760.0000       220.688828       214.523056    
   94780.0000       220.627258       214.535919    
   94800.0000       220.566925       214.548767    
   94820.0000       220.507812       214.561615    
   94840.0000       220.449844       214.574478    
   94860.0000       220.392975       214.587326    
   94880.0000       220.337173       214.600189    
   94900.0000       220.282379       214.613037    
   94920.0000       220.228561       214.625885    
   94940.0000       220.175674       214.638748    
   94960.0000       220.123657       214.651596    
   94980.0000       220.072540       214.664459    
   95000.0000       220.022232       214.677307    
   95020.0000       219.972717       214.690155    
   95040.0000       219.923965       214.703018    
   95060.0000       219.875946       214.715866    
   95080.0000       219.828644       214.728714    
   95100.0000       219.782013       214.741577    
   95120.0000       219.736023       214.754425    
   95140.0000       219.690720       214.767288    
   95160.0000       219.645966       214.780136    
   95180.0000       219.601822       214.792984    
   95200.0000       219.558243       214.805847    
   95220.0000       219.515198       214.818695    
   95240.0000       219.472702       214.831543    
   95260.0000       219.430695       214.844406    
   95280.0000       219.389191       214.857254    
   95300.0000       219.348145       214.870117    
   95320.0000       219.307541       214.882965    
   95340.0000       219.267426       214.895813    
   95360.0000       219.227692       214.908676    
   95380.0000       219.188385       214.921524    
   95400.0000       219.149475       214.934387    
   95420.0000       219.110947       214.947235    
   95440.0000       219.072800       214.960083    
   95460.0000       219.035019       214.972946    
   95480.0000       218.997574       214.985794    
   95500.0000       218.960464       214.998642    
   95520.0000       218.923676       215.011505    
   95540.0000       218.887207       215.024353    
   95560.0000       218.851059       215.037216    
   95580.0000       218.815170       215.050064    
   95600.0000       218.779602       215.062912    
   95620.0000       218.744308       215.075775    
   95640.0000       218.709259       215.088623    
   95660.0000       218.674484       215.101486    
   95680.0000       218.639969       215.114334    
   95700.0000       218.605667       215.127182    
   95720.0000       218.571655       215.140045    
   95740.0000       218.537827       215.152893    
   95760.0000       218.504257       215.165741    
   95780.0000       218.470856       215.178604    
   95800.0000       218.437714       215.191452    
   95820.0000       218.404755       215.204315    
   95840.0000       218.371979       215.217163    
   95860.0000       218.339417       215.230011    
   95880.0000       218.307037       215.242874    
   95900.0000       218.274826       215.255722    
   95920.0000       218.242798       215.268585    
   95940.0000       218.210938       215.281433    
   95960.0000       218.179214       215.294281    
   95980.0000       218.147705       215.307144    
   96000.0000       218.116287       215.319992    
   96020.0000       218.085068       215.332840    
   96040.0000       218.053986       215.345703    
   96060.0000       218.023056       215.358551    
   96080.0000       217.992249       215.371414    
   96100.0000       217.961578       215.384262    
   96120.0000       217.931015       215.397110    
   96140.0000       217.900635       215.409973    
   96160.0000       217.870331       215.422821    
   96180.0000       217.840195       215.435669    
   96200.0000       217.810104       215.448532    
   96220.0000       217.780182       215.461380    
   96240.0000       217.750351       215.474243    
   96260.0000       217.720642       215.487091    
   96280.0000       217.691025       215.499939    
   96300.0000       217.661514       215.512802    
   96320.0000       217.632111       215.525650    
   96340.0000       217.602798       215.538513    
   96360.0000       217.573578       215.551361    
   96380.0000       217.544434       215.564209    
   96400.0000       217.515396       215.577072    
   96420.0000       217.486465       215.589920    
   96440.0000       217.457581       215.602768    
   96460.0000       217.428802       215.615631    
   96480.0000       217.400116       215.628479    
   96500.0000       217.371506       215.641342    
   96520.0000       217.342957       215.654190    
   96540.0000       217.314453       215.667038    
   96560.0000       217.286087       215.679901    
   96580.0000       217.257751       215.692749    
   96600.0000       217.229523       215.705612    
   96620.0000       217.201324       215.718460    
   96640.0000       217.173203       215.731308    
   96660.0000       217.145157       215.744171    
   96680.0000       217.117172       215.757019    
   96700.0000       217.089233       215.769867    
   96720.0000       217.061386       215.782730    
   96740.0000       217.033569       215.795578    
   96760.0000       217.005844       215.808441    
   96780.0000       216.978149       215.821289    
   96800.0000       216.950531       215.834137    
   96820.0000       216.922958       215.847000    
   96840.0000       216.895447       215.859848    
   96860.0000       216.867981       215.872711    
   96880.0000       216.840576       215.885559    
   96900.0000       216.813232       215.898407    
   96920.0000       216.785919       215.911270    
   96940.0000       216.758667       215.924118    
   96960.0000       216.731445       215.936966    
   96980.0000       216.704300       215.949829    
   97000.0000       216.677170       215.962677    
   97020.0000       216.650146       215.975540    
   97040.0000       216.623108       215.988388    
   97060.0000       216.596146       216.001236    
   97080.0000       216.569214       216.014099    
   97100.0000       216.542343       216.026947    
   97120.0000       216.515488       216.039810    
   97140.0000       216.488724       216.052658    
   97160.0000       216.461960       216.065506    
   97180.0000       216.435287       216.078369    
   97200.0000       216.408615       216.091217    
   97220.0000       216.381989       216.104065    
   97240.0000       216.355423       216.116928    
   97260.0000       216.328903       216.129776    
   97280.0000       216.302414       216.142639    
   97300.0000       216.275955       216.155487    
   97320.0000       216.249542       216.168335    
   97340.0000       216.223190       216.181198    
   97360.0000       216.196869       216.194046    
   97380.0000       216.170547       216.206894    
   97400.0000       216.144333       216.219757    
   97420.0000       216.118103       216.232605    
   97440.0000       216.091934       216.245468    
   97460.0000       216.065826       216.258316    
   97480.0000       216.039734       216.271164    
   97500.0000       216.013702       216.284027    
   97520.0000       215.987701       216.296875    
   97540.0000       215.961716       216.309738    
   97560.0000       215.935822       216.322586    
   97580.0000       215.909897       216.335434    
   97600.0000       215.884094       216.348297    
   97620.0000       215.858261       216.361145    
   97640.0000       215.832504       216.373993    
   97660.0000       215.806793       216.386856    
   97680.0000       215.781113       216.399704    
   97700.0000       215.755447       216.412567    
   97720.0000       215.729874       216.425415    
   97740.0000       215.704300       216.438263    
   97760.0000       215.678802       216.451126    
   97780.0000       215.653305       216.463974    
   97800.0000       215.627884       216.476837    
   97820.0000       215.602493       216.489685    
   97840.0000       215.577148       216.502533    
   97860.0000       215.551834       216.515396    
   97880.0000       215.526581       216.528244    
   97900.0000       215.501358       216.541092    
   97920.0000       215.476181       216.553955    
   97940.0000       215.451065       216.566803    
   97960.0000       215.425949       216.579666    
   97980.0000       215.400940       216.592514    
   98000.0000       215.375931       216.605362    
   98020.0000       215.350998       216.618225    
   98040.0000       215.326080       216.631073    
   98060.0000       215.301224       216.643936    
   98080.0000       215.276413       216.656784    
   98100.0000       215.251648       216.669632    
   98120.0000       215.225998       216.706558    
   98140.0000       215.199890       216.757126    
   98160.0000       215.173706       216.807693    
   98180.0000       215.147552       216.858261    
   98200.0000       215.121338       216.908829    
   98220.0000       215.095154       216.959396    
   98240.0000       215.068939       217.009964    
   98260.0000       215.042725       217.060532    
   98280.0000       215.016510       217.111099    
   98300.0000       214.990265       217.161667    
   98320.0000       214.971375       217.212234    
   98340.0000       214.974503       217.262802    
   98360.0000       214.977631       217.313370    
   98380.0000       214.980728       217.363937    
   98400.0000       214.983887       217.414505    
   98420.0000       214.987000       217.465073    
   98440.0000       214.990143       217.515640    
   98460.0000       214.993271       217.566208    
   98480.0000       214.996399       217.616776    
   98500.0000       214.999557       217.667343    
   98520.0000       215.002716       217.717911    
   98540.0000       215.005844       217.768478    
   98560.0000       215.009064       217.819046    
   98580.0000       215.012207       217.869614    
   98600.0000       215.015457       217.920181    
   98620.0000       215.018646       217.970749    
   98640.0000       215.021896       218.021317    
   98660.0000       215.025131       218.071869    
   98680.0000       215.028412       218.122437    
   98700.0000       215.031693       218.173004    
   98720.0000       215.035065       218.223572    
   98740.0000       215.038376       218.274139    
   98760.0000       215.041809       218.324707    
   98780.0000       215.045197       218.375275    
   98800.0000       215.048615       218.425842    
   98820.0000       215.052078       218.476410    
   98840.0000       215.055603       218.526978    
   98860.0000       215.059143       218.577545    
   98880.0000       215.062729       218.628113    
   98900.0000       215.066345       218.678680    
   98920.0000       215.070023       218.729248    
   98940.0000       215.073715       218.779816    
   98960.0000       215.077454       218.830383    
   98980.0000       215.081253       218.880951    
   99000.0000       215.085068       218.931519    
   99020.0000       215.088974       218.982086    
   99040.0000       215.092896       219.032654    
   99060.0000       215.096893       219.083221    
   99080.0000       215.100937       219.133789    
   99100.0000       215.105057       219.184357    
   99120.0000       215.109177       219.234924    
   99140.0000       215.113403       219.285492    
   99160.0000       215.117676       219.336060    
   99180.0000       215.122025       219.386627    
   99200.0000       215.126419       219.437195    
   99220.0000       215.130890       219.487762    
   99240.0000       215.135422       219.538330    
   99260.0000       215.140045       219.588898    
   99280.0000       215.144714       219.639465    
   99300.0000       215.149490       219.690033    
   99320.0000       215.154312       219.740601    
   99340.0000       215.159195       219.791168    
   99360.0000       215.164185       219.841721    
   99380.0000       215.169220       219.892288    
   99400.0000       215.174377       219.942856    
   99420.0000       215.179596       219.993423    
   99440.0000       215.184921       220.043991    
   99460.0000       215.190292       220.094559    
   99480.0000       215.195786       220.145126    
   99500.0000       215.201370       220.195694    
   99520.0000       215.207031       220.246262    
   99540.0000       215.212753       220.296829    
   99560.0000       215.218643       220.347397    
   99580.0000       215.224564       220.397964    
   99600.0000       215.230637       220.448532    
   99620.0000       215.236771       220.499100    
   99640.0000       215.243027       220.549667    
   99660.0000       215.249390       220.600235    
   99680.0000       215.255859       220.650803    
   99700.0000       215.262421       220.701370    
   99720.0000       215.269104       220.751938    
   99740.0000       215.275879       220.802505    
   99760.0000       215.282791       220.853073    
   99780.0000       215.289795       220.903641    
   99800.0000       215.296951       220.954208    
   99820.0000       215.304184       221.004776    
   99840.0000       215.311584       221.055344    
   99860.0000       215.319061       221.105911    
   99880.0000       215.326691       221.156479    
   99900.0000       215.334442       221.207047    
   99920.0000       215.342331       221.257614    
   99940.0000       215.350327       221.308182    
   99960.0000       215.358429       221.358749    
   99980.0000       215.366730       221.409317    
   100000.000       215.375107       221.459885    
   100020.000       215.390762       221.510452    
   100040.000       215.406647       221.561020    
   100060.000       215.422791       221.611572    
   100080.000       215.439163       221.662140    
   100100.000       215.455780       221.712708    
   100120.000       215.472656       221.763275    
   100140.000       215.489777       221.813843    
   100160.000       215.507126       221.864410    
   100180.000       215.524750       221.914978    
   100200.000       215.542618       221.965546    
   100220.000       215.560745       222.016113    
   100240.000       215.579117       222.066681    
   100260.000       215.597763       222.117249    
   100280.000       215.616638       222.167816    
   100300.000       215.635803       222.218384    
   100320.000       215.655228       222.268951    
   100340.000       215.674896       222.319519    
   100360.000       215.694824       222.370087    
   100380.000       215.714996       222.420654    
   100400.000       215.735489       222.471222    
   100420.000       215.756210       222.521790    
   100440.000       215.777222       222.572357    
   100460.000       215.798477       222.622925    
   100480.000       215.820007       222.673492    
   100500.000       215.841812       222.724060    
   100520.000       215.863892       222.774628    
   100540.000       215.886230       222.825195    
   100560.000       215.908859       222.875763    
   100580.000       215.931747       222.926331    
   100600.000       215.954941       222.976898    
   100620.000       215.978378       223.027466    
   100640.000       216.002090       223.078033    
   100660.000       216.026108       223.128601    
   100680.000       216.050415       223.179169    
   100700.000       216.074982       223.229736    
   100720.000       216.099838       223.280304    
   100740.000       216.124954       223.330872    
   100760.000       216.150375       223.381439    
   100780.000       216.176086       223.432007    
   100800.000       216.202072       223.482559    
   100820.000       216.228348       223.533127    
   100840.000       216.254913       223.583694    
   100860.000       216.281784       223.634262    
   100880.000       216.308914       223.684830    
   100900.000       216.336365       223.735397    
   100920.000       216.364105       223.785965    
   100940.000       216.392136       223.836533    
   100960.000       216.420425       223.887100    
   100980.000       216.449066       223.937668    
   101000.000       216.477951       223.988235    
   101020.000       216.507172       224.038803    
   101040.000       216.536667       224.089371    
   101060.000       216.566467       224.139938    
   101080.000       216.596573       224.190506    
   101100.000       216.626968       224.241074    
   101120.000       216.657654       224.291641    
   101140.000       216.688675       224.342209    
   101160.000       216.719971       224.392776    
   101180.000       216.751587       224.443344    
   101200.000       216.783493       224.493912    
   101220.000       216.815704       224.544479    
   101240.000       216.848236       224.595047    
   101260.000       216.881058       224.645615    
   101280.000       216.914185       224.696182    
   101300.000       216.947632       224.746750    
   101320.000       216.981369       224.797318    
   101340.000       217.015427       224.847885    
   101360.000       217.049805       224.898453    
   101380.000       217.084457       224.949020    
   101400.000       217.119446       224.999588    
   101420.000       217.154755       225.050156    
   101440.000       217.190369       225.100723    
   101460.000       217.226288       225.151291    
   101480.000       217.262497       225.201843    
   101500.000       217.299026       225.252411    
   101520.000       217.335907       225.302979    
   101540.000       217.373077       225.353546    
   101560.000       217.410568       225.404114    
   101580.000       217.448364       225.454681    
   101600.000       217.486481       225.505249    
   101620.000       217.524948       225.555817    
   101640.000       217.563690       225.606384    
   101660.000       217.602768       225.656952    
   101680.000       217.642151       225.707520    
   101700.000       217.681854       225.758087    
   101720.000       217.721893       225.808655    
   101740.000       217.762222       225.859222    
   101760.000       217.802917       225.909790    
   101780.000       217.843903       225.960358    
   101800.000       217.885193       226.010925    
   101820.000       217.926819       226.061493    
   101840.000       217.968781       226.112061    
   101860.000       218.011063       226.162628    
   101880.000       218.053619       226.213196    
   101900.000       218.096558       226.263763    
   101920.000       218.139801       226.314331    
   101940.000       218.183350       226.364899    
   101960.000       218.227234       226.415466    
   101980.000       218.271423       226.466034    
   102000.000       218.315964       226.516602    
   102020.000       218.360825       226.567169    
   102040.000       218.406006       226.617737    
   102060.000       218.451523       226.668304    
   102080.000       218.497345       226.718872    
   102100.000       218.543472       226.769440    
   102120.000       218.576782       226.806839    
   102140.000       218.598969       226.832779    
   102160.000       218.621429       226.858704    
   102180.000       218.644257       226.884628    
   102200.000       218.667389       226.910553    
   102220.000       218.690857       226.936493    
   102240.000       218.714645       226.962418    
   102260.000       218.738754       226.988342    
   102280.000       218.763214       227.014282    
   102300.000       218.787979       227.040207    
   102320.000       218.813065       227.066132    
   102340.000       218.838470       227.092056    
   102360.000       218.864212       227.117996    
   102380.000       218.890289       227.143921    
   102400.000       218.916687       227.169846    
   102420.000       218.943390       227.195770    
   102440.000       218.970444       227.221710    
   102460.000       218.997833       227.247635    
   102480.000       219.025513       227.273560    
   102500.000       219.053543       227.299500    
   102520.000       219.081879       227.325424    
   102540.000       219.110550       227.351349    
   102560.000       219.139557       227.377274    
   102580.000       219.168884       227.403214    
   102600.000       219.198532       227.429138    
   102620.000       219.228500       227.455063    
   102640.000       219.258789       227.480988    
   102660.000       219.289429       227.506927    
   102680.000       219.320374       227.532852    
   102700.000       219.351639       227.558777    
   102720.000       219.383240       227.584717    
   102740.000       219.415161       227.610641    
   102760.000       219.447403       227.636566    
   102780.000       219.479980       227.662491    
   102800.000       219.512894       227.688431    
   102820.000       219.546082       227.714355    
   102840.000       219.579620       227.740280    
   102860.000       219.613480       227.766205    
   102880.000       219.647644       227.792145    
   102900.000       219.682175       227.818069    
   102920.000       219.716980       227.843994    
   102940.000       219.752136       227.869934    
   102960.000       219.787582       227.895859    
   102980.000       219.823364       227.921783    
   103000.000       219.859467       227.947708    
   103020.000       219.895889       227.973648    
   103040.000       219.932648       227.999573    
   103060.000       219.969681       228.025497    
   103080.000       220.007065       228.051422    
   103100.000       220.044769       228.077362    
   103120.000       220.082764       228.103287    
   103140.000       220.121094       228.129211    
   103160.000       220.159760       228.155151    
   103180.000       220.198715       228.181076    
   103200.000       220.237991       228.207001    
   103220.000       220.277573       228.232925    
   103240.000       220.317490       228.258865    
   103260.000       220.357697       228.284790    
   103280.000       220.398239       228.310715    
   103300.000       220.439072       228.336639    
   103320.000       220.480255       228.362579    
   103340.000       220.521698       228.388504    
   103360.000       220.563477       228.414429    
   103380.000       220.605560       228.440353    
   103400.000       220.647980       228.466293    
   103420.000       220.690674       228.492218    
   103440.000       220.733688       228.518143    
   103460.000       220.777008       228.544083    
   103480.000       220.820633       228.570007    
   103500.000       220.864548       228.595932    
   103520.000       220.908813       228.621857    
   103540.000       220.953354       228.647797    
   103560.000       220.998184       228.673721    
   103580.000       221.043350       228.699646    
   103600.000       221.088806       228.725571    
   103620.000       221.134552       228.751511    
   103640.000       221.180603       228.777435    
   103660.000       221.226959       228.803360    
   103680.000       221.273605       228.829300    
   103700.000       221.320557       228.855225    
   103720.000       221.367783       228.881149    
   103740.000       221.415344       228.907074    
   103760.000       221.463196       228.933014    
   103780.000       221.511337       228.958939    
   103800.000       221.559738       228.984863    
   103820.000       221.608459       229.010788    
   103840.000       221.657516       229.036728    
   103860.000       221.706802       229.062653    
   103880.000       221.756393       229.088577    
   103900.000       221.806305       229.114517    
   103920.000       221.856461       229.140442    
   103940.000       221.906937       229.166367    
   103960.000       221.957672       229.192291    
   103980.000       222.008713       229.218231    
   104000.000       222.060028       229.244156    
   104020.000       222.111649       229.270081    
   104040.000       222.163513       229.296005    
   104060.000       222.215683       229.321945    
   104080.000       222.268127       229.347870    
   104100.000       222.320847       229.373795    
   104120.000       222.373856       229.399734    
   104140.000       222.427139       229.425659    
   104160.000       222.480728       229.451584    
   104180.000       222.534515       229.477509    
   104200.000       222.588669       229.503448    
   104220.000       222.643021       229.529373    
   104240.000       222.697693       229.555298    
   104260.000       222.752594       229.581223    
   104280.000       222.807800       229.607162    
   104300.000       222.863251       229.633087    
   104320.000       222.919006       229.659012    
   104340.000       222.974991       229.684952    
   104360.000       223.031265       229.710876    
   104380.000       223.087753       229.736801    
   104400.000       223.144562       229.762726    
   104420.000       223.201614       229.788666    
   104440.000       223.258911       229.814590    
   104460.000       223.316483       229.840515    
   104480.000       223.374329       229.866440    
   104500.000       223.432388       229.892380    
   104520.000       223.490753       229.918304    
   104540.000       223.549301       229.944229    
   104560.000       223.608154       229.970154    
   104580.000       223.667267       229.996094    
   104600.000       223.726593       230.022018    
   104620.000       223.786179       230.047943    
   104640.000       223.846039       230.073883    
   104660.000       223.906097       230.099808    
   104680.000       223.966431       230.125732    
   104700.000       224.027008       230.151657    
   104720.000       224.087830       230.177597    
   104740.000       224.148880       230.203522    
   104760.000       224.210159       230.229446    
   104780.000       224.271713       230.255371    
   104800.000       224.333450       230.281311    
   104820.000       224.395477       230.307236    
   104840.000       224.457703       230.333160    
   104860.000       224.520172       230.359100    
   104880.000       224.582870       230.385025    
   104900.000       224.645798       230.410950    
   104920.000       224.708939       230.436874    
   104940.000       224.772354       230.462814    
   104960.000       224.835922       230.488739    
   104980.000       224.899765       230.514664    
   105000.000       224.963821       230.540588    
   105020.000       225.028091       230.566528    
   105040.000       225.092575       230.592453    
   105060.000       225.157288       230.618378    
   105080.000       225.222214       230.644318    
   105100.000       225.287354       230.670242    
   105120.000       225.352676       230.696167    
   105140.000       225.418228       230.722092    
   105160.000       225.484024       230.748032    
   105180.000       225.549988       230.773956    
   105200.000       225.616165       230.799881    
   105220.000       225.682541       230.825806    
   105240.000       225.749161       230.851746    
   105260.000       225.815948       230.877670    
   105280.000       225.882950       230.903595    
   105300.000       225.950134       230.929535    
   105320.000       226.017532       230.955460    
   105340.000       226.085068       230.981384    
   105360.000       226.152893       231.007309    
   105380.000       226.220825       231.033249    
   105400.000       226.289001       231.059174    
   105420.000       226.344513       231.072266    
   105440.000       226.398422       231.083588    
   105460.000       226.452530       231.094894    
   105480.000       226.506821       231.106216    
   105500.000       226.561249       231.117523    
   105520.000       226.615952       231.128845    
   105540.000       226.670715       231.140152    
   105560.000       226.725769       231.151474    
   105580.000       226.780945       231.162796    
   105600.000       226.836288       231.174103    
   105620.000       226.891815       231.185425    
   105640.000       226.947479       231.196732    
   105660.000       227.003357       231.208054    
   105680.000       227.059372       231.219360    
   105700.000       227.115570       231.230682    
   105720.000       227.171906       231.241989    
   105740.000       227.228424       231.253311    
   105760.000       227.285095       231.264633    
   105780.000       227.341919       231.275940    
   105800.000       227.398895       231.287262    
   105820.000       227.456039       231.298569    
   105840.000       227.513336       231.309891    
   105860.000       227.570770       231.321198    
   105880.000       227.628357       231.332520    
   105900.000       227.686050       231.343826    
   105920.000       227.743958       231.355148    
   105940.000       227.801987       231.366470    
   105960.000       227.860123       231.377777    
   105980.000       227.918457       231.389099    
   106000.000       227.976883       231.400406    
   106020.000       228.035461       231.411728    
   106040.000       228.094147       231.423035    
   106060.000       228.152985       231.434357    
   106080.000       228.211960       231.445663    
   106100.000       228.271057       231.456985    
   106120.000       228.330261       231.468307    
   106140.000       228.389603       231.479614    
   106160.000       228.449097       231.490936    
   106180.000       228.508621       231.502243    
   106200.000       228.568359       231.513565    
   106220.000       228.628143       231.524872    
   106240.000       228.688126       231.536194    
   106260.000       228.748154       231.547501    
   106280.000       228.808319       231.558823    
   106300.000       228.868591       231.570145    
   106320.000       228.928940       231.581451    
   106340.000       228.989410       231.592773    
   106360.000       229.050018       231.604080    
   106380.000       229.110657       231.615402    
   106400.000       229.171478       231.626709    
   106420.000       229.232346       231.638031    
   106440.000       229.293304       231.649338    
   106460.000       229.354385       231.660660    
   106480.000       229.415527       231.671982    
   106500.000       229.476761       231.683289    
   106520.000       229.538132       231.694611    
   106540.000       229.599503       231.705917    
   106560.000       229.661041       231.717239    
   106580.000       229.722610       231.728546    
   106600.000       229.784271       231.739868    
   106620.000       229.845993       231.751175    
   106640.000       229.907806       231.762497    
   106660.000       229.969681       231.773804    
   106680.000       230.031631       231.785126    
   106700.000       230.093658       231.796448    
   106720.000       230.155762       231.807755    
   106740.000       230.217911       231.819077    
   106760.000       230.280121       231.830383    
   106780.000       230.342438       231.841705    
   106800.000       230.404755       231.853012    
   106820.000       230.467178       231.864334    
   106840.000       230.529633       231.875641    
   106860.000       230.592133       231.886963    
   106880.000       230.654694       231.898285    
   106900.000       230.717285       231.909592    
   106920.000       230.779938       231.920914    
   106940.000       230.842667       231.932220    
   106960.000       230.905396       231.943542    
   106980.000       230.968185       231.954849    
   107000.000       231.031021       231.966171    
   107020.000       231.093872       231.977478    
   107040.000       231.156754       231.988800    
   107060.000       231.219681       232.000122    
   107080.000       231.282639       232.011429    
   107100.000       231.345612       232.022751    
   107120.000       231.408630       232.034058    
   107140.000       231.471664       232.045380    
   107160.000       231.534760       232.056686    
   107180.000       231.597794       232.068008    
   107200.000       231.660904       232.079315    
   107220.000       231.723999       232.090637    
   107240.000       231.787155       232.101959    
   107260.000       231.850311       232.113266    
   107280.000       231.913467       232.124588    
   107300.000       231.976624       232.135895    
   107320.000       232.039780       232.147217    
   107340.000       232.102936       232.158524    
   107360.000       232.166168       232.169846    
   107380.000       232.229279       232.181152    
   107400.000       232.292496       232.192474    
   107420.000       232.355667       232.203796    
   107440.000       232.418839       232.215103    
   107460.000       232.481979       232.226425    
   107480.000       232.545105       232.237732    
   107500.000       232.608261       232.249054    
   107520.000       232.671387       232.260361    
   107540.000       232.734451       232.271683    
   107560.000       232.797562       232.282990    
   107580.000       232.860641       232.294312    
   107600.000       232.923660       232.305618    
   107620.000       232.986694       232.316940    
   107640.000       233.049683       232.328262    
   107660.000       233.112625       232.339569    
   107680.000       233.175552       232.350891    
   107700.000       233.238464       232.362198    
   107720.000       233.301331       232.373520    
   107740.000       233.364136       232.384827    
   107760.000       233.426926       232.396149    
   107780.000       233.489685       232.407455    
   107800.000       233.552368       232.418777    
   107820.000       233.615082       232.430099    
   107840.000       233.677673       232.441406    
   107860.000       233.740234       232.452728    
   107880.000       233.802750       232.464035    
   107900.000       233.865204       232.475357    
   107920.000       233.927612       232.486664    
   107940.000       233.989990       232.497986    
   107960.000       234.052231       232.509293    
   107980.000       234.098785       232.504898    
   108000.000       234.134476       232.489746    
   108020.000       234.170090       232.474579    
   108040.000       234.205643       232.459412    
   108060.000       234.241135       232.444244    
   108080.000       234.276550       232.429092    
   108100.000       234.311905       232.413925    
   108120.000       234.347153       232.398758    
   108140.000       234.382339       232.383591    
   108160.000       234.417465       232.368439    
   108180.000       234.452484       232.353271    
   108200.000       234.487457       232.338104    
   108220.000       234.522293       232.322937    
   108240.000       234.557114       232.307785    
   108260.000       234.591782       232.292618    
   108280.000       234.626389       232.277451    
   108300.000       234.660889       232.262283    
   108320.000       234.695297       232.247131    
   108340.000       234.729599       232.231964    
   108360.000       234.763855       232.216797    
   108380.000       234.797928       232.201645    
   108400.000       234.831970       232.186478    
   108420.000       234.865875       232.171310    
   108440.000       234.899658       232.156143    
   108460.000       234.933380       232.140991    
   108480.000       234.966934       232.125824    
   108500.000       235.000412       232.110657    
   108520.000       235.033798       232.095490    
   108540.000       235.067017       232.080338    
   108560.000       235.100143       232.065170    
   108580.000       235.133133       232.050003    
   108600.000       235.166016       232.034836    
   108620.000       235.198792       232.019684    
   108640.000       235.231415       232.004517    
   108660.000       235.263916       231.989349    
   108680.000       235.296280       231.974182    
   108700.000       235.328552       231.959030    
   108720.000       235.360657       231.943863    
   108740.000       235.392624       231.928696    
   108760.000       235.424454       231.913528    
   108780.000       235.456177       231.898376    
   108800.000       235.487701       231.883209    
   108820.000       235.519135       231.868042    
   108840.000       235.550400       231.852875    
   108860.000       235.581558       231.837723    
   108880.000       235.612518       231.822556    
   108900.000       235.643356       231.807388    
   108920.000       235.674042       231.792236    
   108940.000       235.704590       231.777069    
   108960.000       235.734909       231.761902    
   108980.000       235.765167       231.746735    
   109000.000       235.795197       231.731583    
   109020.000       235.825104       231.716415    
   109040.000       235.854843       231.701248    
   109060.000       235.884399       231.686081    
   109080.000       235.913818       231.670929    
   109100.000       235.943054       231.655762    
   109120.000       235.972092       231.640594    
   109140.000       236.000992       231.625427    
   109160.000       236.029724       231.610275    
   109180.000       236.058273       231.595108    
   109200.000       236.086670       231.579941    
   109220.000       236.114822       231.564774    
   109240.000       236.142868       231.549622    
   109260.000       236.170700       231.534454    
   109280.000       236.198334       231.519287    
   109300.000       236.225784       231.504120    
   109320.000       236.253082       231.488968    
   109340.000       236.280182       231.473801    
   109360.000       236.307098       231.458633    
   109380.000       236.333771       231.443466    
   109400.000       236.360321       231.428314    
   109420.000       236.386612       231.413147    
   109440.000       236.412750       231.397980    
   109460.000       236.438690       231.382812    
   109480.000       236.464401       231.367661    
   109500.000       236.489929       231.352493    
   109520.000       236.515274       231.337326    
   109540.000       236.540375       231.322174    
   109560.000       236.565323       231.307007    
   109580.000       236.589981       231.291840    
   109600.000       236.614502       231.276672    
   109620.000       236.638794       231.261520    
   109640.000       236.662857       231.246353    
   109660.000       236.686722       231.231186    
   109680.000       236.710358       231.216019    
   109700.000       236.733795       231.200867    
   109720.000       236.757004       231.185699    
   109740.000       236.779984       231.170532    
   109760.000       236.802750       231.155365    
   109780.000       236.825333       231.140213    
   109800.000       236.847610       231.125046    
   109820.000       236.869720       231.109879    
   109840.000       236.891556       231.094711    
   109860.000       236.913239       231.079559    
   109880.000       236.934631       231.064392    
   109900.000       236.955811       231.049225    
   109920.000       236.976746       231.034058    
   109940.000       236.997482       231.018906    
   109960.000       237.017929       231.003738    
   109980.000       237.038177       230.988571    
   110000.000       237.058151       230.973404    
   110020.000       237.077942       230.958252    
   110040.000       237.097458       230.943085    
   110060.000       237.116730       230.927917    
   110080.000       237.135727       230.912750    
   110100.000       237.154510       230.897598    
   110120.000       237.173035       230.882431    
   110140.000       237.191330       230.867264    
   110160.000       237.209396       230.852112    
   110180.000       237.227158       230.836945    
   110200.000       237.244705       230.821777    
   110220.000       237.261963       230.806610    
   110240.000       237.279007       230.791458    
   110260.000       237.295761       230.776291    
   110280.000       237.312286       230.761124    
   110300.000       237.328537       230.745956    
   110320.000       237.344528       230.730804    
   110340.000       237.360260       230.715637    
   110360.000       237.375748       230.700470    
   110380.000       237.390930       230.685303    
   110400.000       237.405884       230.670151    
   110420.000       237.420547       230.654984    
   110440.000       237.434967       230.639816    
   110460.000       237.449097       230.624649    
   110480.000       237.462982       230.609497    
   110500.000       237.476562       230.594330    
   110520.000       237.489899       230.579163    
   110540.000       237.502960       230.563995    
   110560.000       237.504883       230.537979    
   110580.000       237.494720       230.500153    
   110600.000       237.484283       230.462326    
   110620.000       237.473602       230.424500    
   110640.000       237.462585       230.386658    
   110660.000       237.451309       230.348831    
   110680.000       237.439743       230.311005    
   110700.000       237.427933       230.273178    
   110720.000       237.415817       230.235352    
   110740.000       237.403427       230.197525    
   110760.000       237.390747       230.159698    
   110780.000       237.377777       230.121872    
   110800.000       237.364502       230.084045    
   110820.000       237.350983       230.046219    
   110840.000       237.337143       230.008392    
   110860.000       237.323029       229.970566    
   110880.000       237.308624       229.932724    
   110900.000       237.293915       229.894897    
   110920.000       237.278915       229.857071    
   110940.000       237.263657       229.819244    
   110960.000       237.248077       229.781418    
   110980.000       237.232208       229.743591    
   111000.000       237.216019       229.705765    
   111020.000       237.199570       229.667938    
   111040.000       237.182800       229.630112    
   111060.000       237.165741       229.592285    
   111080.000       237.148376       229.554459    
   111100.000       237.130722       229.516617    
   111120.000       237.112762       229.478790    
   111140.000       237.094482       229.440964    
   111160.000       237.075928       229.403137    
   111180.000       237.057053       229.365311    
   111200.000       237.037888       229.327484    
   111220.000       237.018417       229.289658    
   111240.000       236.998642       229.251831    
   111260.000       236.978561       229.214005    
   111280.000       236.958176       229.176178    
   111300.000       236.937469       229.138351    
   111320.000       236.916458       229.100525    
   111340.000       236.895126       229.062683    
   111360.000       236.873505       229.024857    
   111380.000       236.851578       228.987030    
   111400.000       236.829346       228.949203    
   111420.000       236.806763       228.911377    
   111440.000       236.783920       228.873550    
   111460.000       236.760712       228.835724    
   111480.000       236.737228       228.797897    
   111500.000       236.713440       228.760071    
   111520.000       236.689316       228.722244    
   111540.000       236.664871       228.684418    
   111560.000       236.640121       228.646591    
   111580.000       236.615036       228.608749    
   111600.000       236.589676       228.570923    
   111620.000       236.563965       228.533096    
   111640.000       236.537949       228.495270    
   111660.000       236.511612       228.457443    
   111680.000       236.484985       228.419617    
   111700.000       236.458008       228.381790    
   111720.000       236.430725       228.343964    
   111740.000       236.403107       228.306137    
   111760.000       236.375168       228.268311    
   111780.000       236.346924       228.230484    
   111800.000       236.318375       228.192657    
   111820.000       236.289474       228.154816    
   111840.000       236.260239       228.116989    
   111860.000       236.230713       228.079163    
   111880.000       236.200897       228.041336    
   111900.000       236.170715       228.003510    
   111920.000       236.140198       227.965683    
   111940.000       236.109390       227.927856    
   111960.000       236.078247       227.890030    
   111980.000       236.046799       227.852203    
   112000.000       236.014999       227.814377    
   112020.000       235.982880       227.776550    
   112040.000       235.950424       227.738708    
   112060.000       235.917664       227.700882    
   112080.000       235.884583       227.663055    
   112100.000       235.851181       227.625229    
   112120.000       235.817444       227.587402    
   112140.000       235.783386       227.549576    
   112160.000       235.749008       227.511749    
   112180.000       235.714294       227.473923    
   112200.000       235.679245       227.436096    
   112220.000       235.643875       227.398270    
   112240.000       235.608215       227.360443    
   112260.000       235.572189       227.322617    
   112280.000       235.535828       227.284775    
   112300.000       235.499161       227.246948    
   112320.000       235.462173       227.209122    
   112340.000       235.424866       227.171295    
   112360.000       235.387238       227.133469    
   112380.000       235.349258       227.095642    
   112400.000       235.310959       227.057816    
   112420.000       235.272354       227.019989    
   112440.000       235.233414       226.982162    
   112460.000       235.194138       226.944336    
   112480.000       235.154541       226.906509    
   112500.000       235.114624       226.868683    
   112520.000       235.074371       226.830841    
   112540.000       235.033798       226.793015    
   112560.000       234.992889       226.755188    
   112580.000       234.951675       226.717361    
   112600.000       234.910126       226.679535    
   112620.000       234.868256       226.641708    
   112640.000       234.826065       226.603882    
   112660.000       234.783539       226.566055    
   112680.000       234.740692       226.528229    
   112700.000       234.697525       226.490402    
   112720.000       234.654037       226.452576    
   112740.000       234.610214       226.414749    
   112760.000       234.566071       226.376907    
   112780.000       234.521576       226.339081    
   112800.000       234.476791       226.301254    
   112820.000       234.431686       226.263428    
   112840.000       234.386261       226.225601    
   112860.000       234.340500       226.187775    
   112880.000       234.294434       226.149948    
   112900.000       234.248016       226.112122    
   112920.000       234.201294       226.074295    
   112940.000       234.154266       226.036469    
   112960.000       234.106903       225.998642    
   112980.000       234.059219       225.960815    
   113000.000       234.011215       225.922974    
   113020.000       233.962875       225.885147    
   113040.000       233.914230       225.847321    
   113060.000       233.865295       225.809494    
   113080.000       233.816010       225.771667    
   113100.000       233.763596       225.731003    
   113120.000       233.690674       225.670166    
   113140.000       233.617432       225.609314    
   113160.000       233.543854       225.548477    
   113180.000       233.469986       225.487640    
   113200.000       233.395782       225.426788    
   113220.000       233.321289       225.365952    
   113240.000       233.246460       225.305115    
   113260.000       233.171356       225.244278    
   113280.000       233.095886       225.183426    
   113300.000       233.020142       225.122589    
   113320.000       232.944077       225.061752    
   113340.000       232.867691       225.000900    
   113360.000       232.791000       224.940063    
   113380.000       232.714005       224.879227    
   113400.000       232.636673       224.818375    
   113420.000       232.559082       224.757538    
   113440.000       232.481140       224.696701    
   113460.000       232.402924       224.635864    
   113480.000       232.324371       224.575012    
   113500.000       232.245529       224.514175    
   113520.000       232.166382       224.453339    
   113540.000       232.086914       224.392487    
   113560.000       232.007172       224.331650    
   113580.000       231.927109       224.270813    
   113600.000       231.846741       224.209976    
   113620.000       231.766068       224.149124    
   113640.000       231.685104       224.088287    
   113660.000       231.603836       224.027451    
   113680.000       231.522278       223.966599    
   113700.000       231.440414       223.905762    
   113720.000       231.358261       223.844925    
   113740.000       231.275818       223.784088    
   113760.000       231.193039       223.723236    
   113780.000       231.109985       223.662399    
   113800.000       231.026672       223.601562    
   113820.000       230.943008       223.540710    
   113840.000       230.859116       223.479874    
   113860.000       230.774857       223.419037    
   113880.000       230.690353       223.358200    
   113900.000       230.605545       223.297348    
   113920.000       230.520477       223.236511    
   113940.000       230.435104       223.175674    
   113960.000       230.349426       223.114822    
   113980.000       230.263474       223.053986    
   114000.000       230.177277       222.993149    
   114020.000       230.090744       222.932312    
   114040.000       230.003952       222.871460    
   114060.000       229.916870       222.810623    
   114080.000       229.829498       222.749786    
   114100.000       229.741852       222.688934    
   114120.000       229.653946       222.628098    
   114140.000       229.565765       222.567261    
   114160.000       229.477280       222.506409    
   114180.000       229.388550       222.445572    
   114200.000       229.299515       222.384735    
   114220.000       229.210236       222.323898    
   114240.000       229.120651       222.263046    
   114260.000       229.030823       222.202209    
   114280.000       228.940720       222.141373    
   114300.000       228.850327       222.080521    
   114320.000       228.759689       222.019684    
   114340.000       228.668793       221.958847    
   114360.000       228.577606       221.898010    
   114380.000       228.486176       221.837158    
   114400.000       228.394455       221.776321    
   114420.000       228.302536       221.715485    
   114440.000       228.210281       221.654633    
   114460.000       228.117798       221.593796    
   114480.000       228.025101       221.532959    
   114500.000       227.932083       221.472122    
   114520.000       227.838821       221.411270    
   114540.000       227.745346       221.350433    
   114560.000       227.651596       221.289597    
   114580.000       227.557571       221.228745    
   114600.000       227.463303       221.167908    
   114620.000       227.368820       221.107071    
   114640.000       227.274063       221.046234    
   114660.000       227.179062       220.985382    
   114680.000       227.083817       220.924545    
   114700.000       226.988342       220.863708    
   114720.000       226.892624       220.802856    
   114740.000       226.796646       220.742020    
   114760.000       226.700455       220.681183    
   114780.000       226.604004       220.620331    
   114800.000       226.507339       220.559494    
   114820.000       226.410400       220.498657    
   114840.000       226.313263       220.437820    
   114860.000       226.215866       220.376968    
   114880.000       226.118256       220.316132    
   114900.000       226.020432       220.255295    
   114920.000       225.922363       220.194443    
   114940.000       225.824066       220.133606    
   114960.000       225.725555       220.072769    
   114980.000       225.626801       220.011932    
   115000.000       225.527863       219.951080    
   115020.000       225.428650       219.890244    
   115040.000       225.329269       219.829407    
   115060.000       225.229630       219.768555    
   115080.000       225.129807       219.707718    
   115100.000       225.029770       219.646881    
   115120.000       224.929504       219.586044    
   115140.000       224.829025       219.525192    
   115160.000       224.728363       219.464355    
   115180.000       224.627472       219.403519    
   115200.000       224.526382       219.342667    
   115220.000       224.425079       219.281830    
   115240.000       224.323563       219.220993    
   115260.000       224.221893       219.160156    
   115280.000       224.119949       219.099304    
   115300.000       224.017853       219.038467    
   115320.000       223.915558       218.977631    
   115340.000       223.813065       218.916779    
   115360.000       223.710373       218.855942    
   115380.000       223.607513       218.795105    
   115400.000       223.504410       218.734253    
   115420.000       223.401184       218.673416    
   115440.000       223.297714       218.612579    
   115460.000       223.194107       218.551743    
   115480.000       223.090271       218.490891    
   115500.000       222.986282       218.430054    
   115520.000       222.882141       218.369217    
   115540.000       222.777771       218.308380    
   115560.000       222.673233       218.247528    
   115580.000       222.567352       218.185501    
   115600.000       222.448532       218.110703    
   115620.000       222.329529       218.035919    
   115640.000       222.210388       217.961136    
   115660.000       222.091019       217.886337    
   115680.000       221.971542       217.811554    
   115700.000       221.851868       217.736771    
   115720.000       221.732056       217.661987    
   115740.000       221.612076       217.587189    
   115760.000       221.491928       217.512405    
   115780.000       221.371643       217.437622    
   115800.000       221.251175       217.362823    
   115820.000       221.130554       217.288040    
   115840.000       221.009811       217.213257    
   115860.000       220.888870       217.138458    
   115880.000       220.767822       217.063675    
   115900.000       220.646606       216.988892    
   115920.000       220.525269       216.914093    
   115940.000       220.403793       216.839310    
   115960.000       220.282150       216.764526    
   115980.000       220.160370       216.689743    
   116000.000       220.038483       216.614944    
   116020.000       219.916397       216.540161    
   116040.000       219.794266       216.465378    
   116060.000       219.671936       216.390579    
   116080.000       219.549484       216.315796    
   116100.000       219.426941       216.241013    
   116120.000       219.304230       216.166214    
   116140.000       219.181442       216.091431    
   116160.000       219.058487       216.016647    
   116180.000       218.935440       215.941849    
   116200.000       218.812271       215.867065    
   116220.000       218.688980       215.792282    
   116240.000       218.565552       215.717499    
   116260.000       218.442047       215.642700    
   116280.000       218.318405       215.567917    
   116300.000       218.194687       215.493134    
   116320.000       218.070831       215.418335    
   116340.000       217.946869       215.343552    
   116360.000       217.822845       215.268768    
   116380.000       217.698685       215.193970    
   116400.000       217.574402       215.119186    
   116420.000       217.450089       215.044403    
   116440.000       217.325623       214.969604    
   116460.000       217.201111       214.894821    
   116480.000       217.076477       214.820038    
   116500.000       216.951736       214.745239    
   116520.000       216.826935       214.670456    
   116540.000       216.702057       214.595673    
   116560.000       216.577103       214.520889    
   116580.000       216.452026       214.446091    
   116600.000       216.326904       214.371307    
   116620.000       216.201706       214.296524    
   116640.000       216.076416       214.221725    
   116660.000       215.951050       214.146942    
   116680.000       215.825653       214.072159    
   116700.000       215.700119       213.997360    
   116720.000       215.574570       213.922577    
   116740.000       215.448929       213.847794    
   116760.000       215.323227       213.772995    
   116780.000       215.197479       213.698212    
   116800.000       215.071686       213.623428    
   116820.000       214.945770       213.548645    
   116840.000       214.819885       213.473846    
   116860.000       214.693863       213.399063    
   116880.000       214.567841       213.324280    
   116900.000       214.441757       213.249481    
   116920.000       214.315659       213.174698    
   116940.000       214.189484       213.099915    
   116960.000       214.063263       213.025116    
   116980.000       213.936981       212.950333    
   117000.000       213.810730       212.875549    
   117020.000       213.684341       212.800751    
   117040.000       213.558014       212.725967    
   117060.000       213.431595       212.651184    
   117080.000       213.305161       212.576401    
   117100.000       213.178711       212.501602    
   117120.000       213.052231       212.426819    
   117140.000       212.925735       212.352036    
   117160.000       212.799179       212.277237    
   117180.000       212.672638       212.202454    
   117200.000       212.546082       212.127670    
   117220.000       212.419479       212.052872    
   117240.000       212.292862       211.978088    
   117260.000       212.166290       211.903305    
   117280.000       212.039627       211.828506    
   117300.000       211.912979       211.753723    
   117320.000       211.786362       211.678940    
   117340.000       211.659698       211.604141    
   117360.000       211.533066       211.529358    
   117380.000       211.406403       211.454575    
   117400.000       211.279739       211.379791    
   117420.000       211.153122       211.304993    
   117440.000       211.026474       211.230209    
   117460.000       210.899887       211.155426    
   117480.000       210.773209       211.080627    
   117500.000       210.646622       211.005844    
   117520.000       210.520035       210.931061    
   117540.000       210.393448       210.856262    
   117560.000       210.266922       210.781479    
   117580.000       210.140381       210.706696    
   117600.000       210.013855       210.631897    
   117620.000       209.887375       210.557114    
   117640.000       209.760925       210.482330    
   117660.000       209.634460       210.407547    
   117680.000       209.508087       210.332748    
   117700.000       209.381683       210.257965    
   117720.000       209.255356       210.183182    
   117740.000       209.129044       210.108383    
   117760.000       209.002808       210.033600    
   117780.000       208.876587       209.958817    
   117800.000       208.750397       209.884018    
   117820.000       208.624252       209.809235    
   117840.000       208.498184       209.734451    
   117860.000       208.372101       209.659653    
   117880.000       208.246170       209.584869    
   117900.000       208.120209       209.510086    
   117920.000       207.994339       209.435303    
   117940.000       207.868515       209.360504    
   117960.000       207.742752       209.285721    
   117980.000       207.607971       209.201889    
   118000.000       207.464798       209.109528    
   118020.000       207.321655       209.017181    
   118040.000       207.178604       208.924820    
   118060.000       207.035553       208.832474    
   118080.000       206.892639       208.740112    
   118100.000       206.749771       208.647766    
   118120.000       206.606979       208.555405    
   118140.000       206.464294       208.463058    
   118160.000       206.321640       208.370697    
   118180.000       206.179108       208.278351    
   118200.000       206.036636       208.185989    
   118220.000       205.894257       208.093643    
   118240.000       205.751938       208.001282    
   118260.000       205.609787       207.908936    
   118280.000       205.467636       207.816574    
   118300.000       205.325638       207.724228    
   118320.000       205.183685       207.631866    
   118340.000       205.041855       207.539520    
   118360.000       204.900101       207.447159    
   118380.000       204.758484       207.354813    
   118400.000       204.616913       207.262451    
   118420.000       204.475540       207.170105    
   118440.000       204.334198       207.077744    
   118460.000       204.193008       206.985397    
   118480.000       204.051880       206.893036    
   118500.000       203.910904       206.800690    
   118520.000       203.770035       206.708328    
   118540.000       203.629288       206.615982    
   118560.000       203.488647       206.523621    
   118580.000       203.348129       206.431274    
   118600.000       203.207733       206.338913    
   118620.000       203.067459       206.246567    
   118640.000       202.927322       206.154205    
   118660.000       202.787277       206.061859    
   118680.000       202.647400       205.969498    
   118700.000       202.507614       205.877151    
   118720.000       202.368011       205.784790    
   118740.000       202.228516       205.692444    
   118760.000       202.089127       205.600082    
   118780.000       201.949936       205.507736    
   118800.000       201.810867       205.415375    
   118820.000       201.671890       205.323029    
   118840.000       201.533142       205.230667    
   118860.000       201.394470       205.138321    
   118880.000       201.255997       205.045959    
   118900.000       201.117630       204.953613    
   118920.000       200.979416       204.861252    
   118940.000       200.841400       204.768906    
   118960.000       200.703506       204.676544    
   118980.000       200.565750       204.584198    
   119000.000       200.428192       204.491837    
   119020.000       200.290771       204.399490    
   119040.000       200.153549       204.307129    
   119060.000       200.016449       204.214783    
   119080.000       199.879501       204.122421    
   119100.000       199.742767       204.030075    
   119120.000       199.606186       203.937714    
   119140.000       199.469772       203.845367    
   119160.000       199.333527       203.753006    
   119180.000       199.197479       203.660660    
   119200.000       199.061569       203.568298    
   119220.000       198.925873       203.475952    
   119240.000       198.790314       203.383591    
   119260.000       198.654999       203.291245    
   119280.000       198.519806       203.198883    
   119300.000       198.384857       203.106537    
   119320.000       198.250031       203.014175    
   119340.000       198.115433       202.921829    
   119360.000       197.981003       202.829468    
   119380.000       197.846817       202.737122    
   119400.000       197.712738       202.644760    
   119420.000       197.578918       202.552414    
   119440.000       197.445267       202.460052    
   119460.000       197.311859       202.367706    
   119480.000       197.178558       202.275345    
   119500.000       197.045532       202.182999    
   119520.000       196.912689       202.090637    
   119540.000       196.780060       201.998291    
   119560.000       196.647614       201.905930    
   119580.000       196.515411       201.813583    
   119600.000       196.383392       201.721222    
   119620.000       196.251602       201.628876    
   119640.000       196.120010       201.536514    
   119660.000       195.988617       201.444168    
   119680.000       195.857468       201.351807    
   119700.000       195.726501       201.259460    
   119720.000       195.595810       201.167099    
   119740.000       195.465271       201.074753    
   119760.000       195.334991       200.982391    
   119780.000       195.204941       200.890045    
   119800.000       195.075104       200.797684    
   119820.000       194.945465       200.705338    
   119840.000       194.816116       200.612976    
   119860.000       194.686920       200.520630    
   119880.000       194.558014       200.428268    
   119900.000       194.429306       200.335922    
   119920.000       194.300873       200.243561    
   119940.000       194.172638       200.151215    
   119960.000       194.044647       200.058853    
   119980.000       193.916885       199.966507    
   120000.000       193.789383       199.874146    
   120020.000       193.662094       199.781799    
   120040.000       193.535080       199.689438    
   120060.000       193.408279       199.597092    
   120080.000       193.281708       199.504730    
   120100.000       193.155441       199.412384    
   120120.000       193.029373       199.320023    
   120140.000       192.903580       199.227676    
   120160.000       192.778030       199.135315    
   120180.000       192.652740       199.042969    
   120200.000       192.527679       198.950607    
   120220.000       192.402893       198.858261    
   120240.000       192.278336       198.765900    
   120260.000       192.124725       198.644211    
   120280.000       191.885849       198.437027    
   120300.000       191.647263       198.229843    
   120320.000       191.408936       198.022659    
   120340.000       191.170837       197.815475    
   120360.000       190.932999       197.608276    
   120380.000       190.695450       197.401093    
   120400.000       190.458160       197.193909    
   120420.000       190.221146       196.986725    
   120440.000       189.984375       196.779541    
   120460.000       189.747910       196.572357    
   120480.000       189.511658       196.365158    
   120500.000       189.275711       196.157974    
   120520.000       189.040039       195.950790    
   120540.000       188.804642       195.743607    
   120560.000       188.569504       195.536423    
   120580.000       188.334656       195.329239    
   120600.000       188.100067       195.122040    
   120620.000       187.865768       194.914856    
   120640.000       187.631744       194.707672    
   120660.000       187.397995       194.500488    
   120680.000       187.164551       194.293304    
   120700.000       186.931351       194.086121    
   120720.000       186.698471       193.878937    
   120740.000       186.465820       193.671738    
   120760.000       186.233490       193.464554    
   120780.000       186.001465       193.257370    
   120800.000       185.769714       193.050186    
   120820.000       185.538208       192.843002    
   120840.000       185.307053       192.635818    
   120860.000       185.076111       192.428619    
   120880.000       184.845520       192.221436    
   120900.000       184.615204       192.014252    
   120920.000       184.385193       191.807068    
   120940.000       184.155472       191.599884    
   120960.000       183.926025       191.392700    
   120980.000       183.696884       191.185516    
   121000.000       183.468033       190.978317    
   121020.000       183.239487       190.771133    
   121040.000       183.011246       190.563950    
   121060.000       182.783295       190.356766    
   121080.000       182.555634       190.149582    
   121100.000       182.328262       189.942383    
   121120.000       182.101212       189.735199    
   121140.000       181.874481       189.528015    
   121160.000       181.648026       189.320831    
   121180.000       181.421875       189.113647    
   121200.000       181.196045       188.906464    
   121220.000       180.970505       188.699280    
   121240.000       180.745255       188.492081    
   121260.000       180.520340       188.284897    
   121280.000       180.295700       188.077713    
   121300.000       180.071411       187.870529    
   121320.000       179.847397       187.663345    
   121340.000       179.623703       187.456161    
   121360.000       179.400299       187.248962    
   121380.000       179.177216       187.041779    
   121400.000       178.954453       186.834595    
   121420.000       178.732010       186.627411    
   121440.000       178.509842       186.420227    
   121460.000       178.288040       186.213043    
   121480.000       178.066498       186.005859    
   121500.000       177.845276       185.798660    
   121520.000       177.624405       185.591476    
   121540.000       177.403824       185.384293    
   121560.000       177.183563       185.177109    
   121580.000       176.963623       184.969925    
   121600.000       176.743958       184.762726    
   121620.000       176.524673       184.555542    
   121640.000       176.305664       184.348358    
   121660.000       176.086990       184.141174    
   121680.000       175.868622       183.933990    
   121700.000       175.650574       183.726807    
   121720.000       175.432861       183.519623    
   121740.000       175.215424       183.312424    
   121760.000       174.998367       183.105240    
   121780.000       174.781601       182.898056    
   121800.000       174.565140       182.690872    
   121820.000       174.349014       182.483688    
   121840.000       174.133240       182.276505    
   121860.000       173.917740       182.069305    
   121880.000       173.702576       181.862122    
   121900.000       173.487732       181.654938    
   121920.000       173.273224       181.447754    
   121940.000       173.059021       181.240570    
   121960.000       172.845154       181.033386    
   121980.000       172.631592       180.826202    
   122000.000       172.418365       180.619003    
   122020.000       172.205475       180.411819    
   122040.000       171.992905       180.204636    
   122060.000       171.780640       179.997452    
   122080.000       171.568726       179.790268    
   122100.000       171.357101       179.583069    
   122120.000       171.145828       179.375885    
   122140.000       170.934891       179.168701    
   122160.000       170.724243       178.961517    
   122180.000       170.513962       178.754333    
   122200.000       170.303986       178.547150    
   122220.000       170.094345       178.339966    
   122240.000       169.885010       178.132782    
   122260.000       169.675995       177.925583    
   122280.000       169.467331       177.718399    
   122300.000       169.258987       177.511215    
   122320.000       169.050964       177.304031    
   122340.000       168.843262       177.096848    
   122360.000       168.635864       176.889648    
   122380.000       168.410309       176.663940    
   122400.000       168.184860       176.438019    
   122420.000       167.959717       176.212097    
   122440.000       167.734909       175.986176    
   122460.000       167.510452       175.760254    
   122480.000       167.286285       175.534332    
   122500.000       167.062454       175.308411    
   122520.000       166.838928       175.082474    
   122540.000       166.615753       174.856552    
   122560.000       166.392914       174.630630    
   122580.000       166.170380       174.404709    
   122600.000       165.948181       174.178787    
   122620.000       165.726303       173.952866    
   122640.000       165.504745       173.726944    
   122660.000       165.283524       173.501022    
   122680.000       165.062622       173.275101    
   122700.000       164.842041       173.049179    
   122720.000       164.621780       172.823257    
   122740.000       164.401855       172.597336    
   122760.000       164.182266       172.371414    
   122780.000       163.962967       172.145493    
   122800.000       163.744034       171.919571    
   122820.000       163.525375       171.693649    
   122840.000       163.307053       171.467712    
   122860.000       163.089066       171.241791    
   122880.000       162.871368       171.015869    
   122900.000       162.654053       170.789948    
   122920.000       162.437012       170.564026    
   122940.000       162.220306       170.338104    
   122960.000       162.003906       170.112183    
   122980.000       161.787842       169.886261    
   123000.000       161.572083       169.660339    
   123020.000       161.356674       169.434418    
   123040.000       161.141556       169.208496    
   123060.000       160.926758       168.982574    
   123080.000       160.712296       168.756653    
   123100.000       160.498138       168.530731    
   123120.000       160.284302       168.304810    
   123140.000       160.070786       168.078888    
   123160.000       159.857574       167.852966    
   123180.000       159.644669       167.627029    
   123200.000       159.432098       167.401108    
   123220.000       159.219833       167.175186    
   123240.000       159.007889       166.949265    
   123260.000       158.796249       166.723343    
   123280.000       158.584946       166.497421    
   123300.000       158.373917       166.271500    
   123320.000       158.163254       166.045578    
   123340.000       157.952850       165.819656    
   123360.000       157.742783       165.593735    
   123380.000       157.533020       165.367813    
   123400.000       157.323578       165.141891    
   123420.000       157.114426       164.915970    
   123440.000       156.905594       164.690048    
   123460.000       156.697052       164.464127    
   123480.000       156.488815       164.238190    
   123500.000       156.280899       164.012268    
   123520.000       156.073303       163.786346    
   123540.000       155.865982       163.560425    
   123560.000       155.658966       163.334503    
   123580.000       155.452271       163.108582    
   123600.000       155.245880       162.882660    
   123620.000       155.039764       162.656738    
   123640.000       154.833969       162.430817    
   123660.000       154.628479       162.204895    
   123680.000       154.423264       161.978973    
   123700.000       154.218384       161.753052    
   123720.000       154.013763       161.527130    
   123740.000       153.809479       161.301208    
   123760.000       153.605469       161.075287    
   123780.000       153.401764       160.849365    
   123800.000       153.198334       160.623444    
   123820.000       152.995193       160.397522    
   123840.000       152.792389       160.171600    
   123860.000       152.589828       159.945663    
   123880.000       152.387558       159.719742    
   123900.000       152.185608       159.493820    
   123920.000       151.983917       159.267899    
   123940.000       151.782547       159.041977    
   123960.000       151.581436       158.816055    
   123980.000       151.380615       158.590134    
   124000.000       151.180084       158.364212    
   124020.000       150.979858       158.138290    
   124040.000       150.779877       157.912369    
   124060.000       150.580200       157.686447    
   124080.000       150.380783       157.460526    
   124100.000       150.181671       157.234604    
   124120.000       149.982819       157.008682    
   124140.000       149.784241       156.782745    
   124160.000       149.585968       156.556824    
   124180.000       149.387939       156.330902    
   124200.000       149.190201       156.104980    
   124220.000       148.992722       155.879059    
   124240.000       148.806396       155.664001    
   124260.000       148.657867       155.486496    
   124280.000       148.509644       155.308990    
   124300.000       148.361664       155.131500    
   124320.000       148.213989       154.953995    
   124340.000       148.066544       154.776489    
   124360.000       147.919388       154.598999    
   124380.000       147.772476       154.421494    
   124400.000       147.625824       154.243988    
   124420.000       147.479446       154.066498    
   124440.000       147.333344       153.888992    
   124460.000       147.187454       153.711487    
   124480.000       147.041870       153.533981    
   124500.000       146.896500       153.356491    
   124520.000       146.751419       153.178986    
   124540.000       146.606552       153.001480    
   124560.000       146.461990       152.823990    
   124580.000       146.317657       152.646484    
   124600.000       146.173553       152.468979    
   124620.000       146.029724       152.291489    
   124640.000       145.886139       152.113983    
   124660.000       145.742767       151.936478    
   124680.000       145.599670       151.758987    
   124700.000       145.456833       151.581482    
   124720.000       145.314209       151.403976    
   124740.000       145.171844       151.226486    
   124760.000       145.029694       151.048981    
   124780.000       144.887817       150.871475    
   124800.000       144.746124       150.693970    
   124820.000       144.604706       150.516479    
   124840.000       144.463516       150.338974    
   124860.000       144.322556       150.161469    
   124880.000       144.181824       149.983978    
   124900.000       144.041321       149.806473    
   124920.000       143.901031       149.628967    
   124940.000       143.761017       149.451477    
   124960.000       143.621185       149.273972    
   124980.000       143.481567       149.096466    
   125000.000       143.342194       148.918976    
   125020.000       143.203049       148.741470    
   125040.000       143.064072       148.563965    
   125060.000       142.925400       148.386475    
   125080.000       142.786865       148.208969    
   125100.000       142.648590       148.031464    
   125120.000       142.510498       147.853973    
   125140.000       142.372620       147.676468    
   125160.000       142.234955       147.498962    
   125180.000       142.097504       147.321457    
   125200.000       141.960251       147.143967    
   125220.000       141.823212       146.966461    
   125240.000       141.686371       146.788956    
   125260.000       141.549744       146.611465    
   125280.000       141.413330       146.433960    
   125300.000       141.277039       146.256454    
   125320.000       141.141037       146.078964    
   125340.000       141.005142       145.901459    
   125360.000       140.869522       145.723953    
   125380.000       140.734055       145.546463    
   125400.000       140.598785       145.368958    
   125420.000       140.463684       145.191452    
   125440.000       140.328827       145.013947    
   125460.000       140.194077       144.836456    
   125480.000       140.059570       144.658951    
   125500.000       139.925171       144.481445    
   125520.000       139.791061       144.303955    
   125540.000       139.657059       144.126450    
   125560.000       139.523224       143.948944    
   125580.000       139.389587       143.771454    
   125600.000       139.256119       143.593948    
   125620.000       139.122818       143.416443    
   125640.000       138.989700       143.238953    
   125660.000       138.856750       143.061447    
   125680.000       138.723938       142.883942    
   125700.000       138.591354       142.706451    
   125720.000       138.458862       142.528946    
   125740.000       138.326553       142.351440    
   125760.000       138.194397       142.173950    
   125780.000       138.062424       141.996445    
   125800.000       137.930573       141.818939    
   125820.000       137.798920       141.641449    
   125840.000       137.667374       141.463943    
   125860.000       137.536026       141.286438    
   125880.000       137.404770       141.108932    
   125900.000       137.273712       140.931442    
   125920.000       137.168060       140.779266    
   125940.000       137.113495       140.677979    
   125960.000       137.059052       140.576691    
   125980.000       137.004761       140.475403    
   126000.000       136.950592       140.374115    
   126020.000       136.896576       140.272827    
   126040.000       136.842636       140.171539    
   126060.000       136.788895       140.070251    
   126080.000       136.735214       139.968964    
   126100.000       136.681763       139.867676    
   126120.000       136.628357       139.766388    
   126140.000       136.575104       139.665100    
   126160.000       136.521957       139.563812    
   126180.000       136.468948       139.462524    
   126200.000       136.416031       139.361237    
   126220.000       136.363251       139.259949    
   126240.000       136.310577       139.158661    
   126260.000       136.258011       139.057373    
   126280.000       136.205597       138.956085    
   126300.000       136.153229       138.854797    
   126320.000       136.101013       138.753510    
   126340.000       136.048859       138.652222    
   126360.000       135.996857       138.550934    
   126380.000       135.944916       138.449646    
   126400.000       135.893097       138.348358    
   126420.000       135.841370       138.247070    
   126440.000       135.789780       138.145782    
   126460.000       135.738205       138.044495    
   126480.000       135.686783       137.943207    
   126500.000       135.635391       137.841919    
   126520.000       135.584137       137.740631    
   126540.000       135.532959       137.639343    
   126560.000       135.481827       137.538055    
   126580.000       135.430817       137.436768    
   126600.000       135.379883       137.335480    
   126620.000       135.328995       137.234192    
   126640.000       135.278198       137.132904    
   126660.000       135.227478       137.031616    
   126680.000       135.176834       136.930328    
   126700.000       135.126282       136.829041    
   126720.000       135.075745       136.727753    
   126740.000       135.025314       136.626465    
   126760.000       134.974915       136.525177    
   126780.000       134.924606       136.423889    
   126800.000       134.874359       136.322601    
   126820.000       134.824142       136.221313    
   126840.000       134.774002       136.120026    
   126860.000       134.723938       136.018738    
   126880.000       134.673859       135.917450    
   126900.000       134.623871       135.816162    
   126920.000       134.573883       135.714874    
   126940.000       134.524017       135.613586    
   126960.000       134.474167       135.512299    
   126980.000       134.424347       135.411011    
   127000.000       134.374557       135.309723    
   127020.000       134.324844       135.208435    
   127040.000       134.275101       135.107147    
   127060.000       134.225433       135.005859    
   127080.000       134.175781       134.904572    
   127100.000       134.126160       134.803284    
   127120.000       134.076584       134.701996    
   127140.000       134.026993       134.600693    
   127160.000       133.977463       134.499405    
   127180.000       133.927917       134.398117    
   127200.000       133.878418       134.296829    
   127220.000       133.828934       134.195541    
   127240.000       133.779449       134.094254    
   127260.000       133.730011       133.992966    
   127280.000       133.680573       133.891678    
   127300.000       133.631104       133.790390    
   127320.000       133.581696       133.689102    
   127340.000       133.532227       133.587814    
   127360.000       133.482834       133.486526    
   127380.000       133.433411       133.385239    
   127400.000       133.383957       133.283951    
   127420.000       133.334518       133.182663    
   127440.000       133.285126       133.081375    
   127460.000       133.235641       132.980087    
   127480.000       133.211060       132.903656    
   127500.000       133.202148       132.842957    
   127520.000       133.193268       132.782242    
   127540.000       133.184341       132.721542    
   127560.000       133.175415       132.660843    
   127580.000       133.166443       132.600128    
   127600.000       133.157455       132.539429    
   127620.000       133.148468       132.478729    
   127640.000       133.139420       132.418015    
   127660.000       133.130356       132.357315    
   127680.000       133.121262       132.296600    
   127700.000       133.112183       132.235901    
   127720.000       133.102997       132.175201    
   127740.000       133.093811       132.114487    
   127760.000       133.084564       132.053787    
   127780.000       133.075287       131.993073    
   127800.000       133.065994       131.932373    
   127820.000       133.056641       131.871674    
   127840.000       133.047226       131.810959    
   127860.000       133.037796       131.750259    
   127880.000       133.028259       131.689560    
   127900.000       133.018738       131.628845    
   127920.000       133.009079       131.568146    
   127940.000       132.999420       131.507431    
   127960.000       132.989685       131.446732    
   127980.000       132.979919       131.386032    
   128000.000       132.970047       131.325317    
   128020.000       132.960114       131.264618    
   128040.000       132.950134       131.203903    
   128060.000       132.940109       131.143204    
   128080.000       132.929947       131.082504    
   128100.000       132.919785       131.021790    
   128120.000       132.909515       130.961090    
   128140.000       132.899155       130.900391    
   128160.000       132.888718       130.839676    
   128180.000       132.878204       130.778976    
   128200.000       132.867615       130.718262    
   128220.000       132.856934       130.657562    
   128240.000       132.846191       130.596863    
   128260.000       132.835312       130.536148    
   128280.000       132.824402       130.475449    
   128300.000       132.813324       130.414734    
   128320.000       132.802216       130.354034    
   128340.000       132.790955       130.293335    
   128360.000       132.779663       130.232620    
   128380.000       132.768234       130.171921    
   128400.000       132.756714       130.111221    
   128420.000       132.745056       130.050507    
   128440.000       132.733322       129.989807    
   128460.000       132.721466       129.929092    
   128480.000       132.709534       129.868393    
   128500.000       132.697449       129.807693    
   128520.000       132.685287       129.746979    
   128540.000       132.672974       129.686279    
   128560.000       132.660553       129.625580    
   128580.000       132.648010       129.564865    
   128600.000       132.635345       129.504166    
   128620.000       132.622559       129.443451    
   128640.000       132.609650       129.382751    
   128660.000       132.596603       129.322052    
   128680.000       132.583435       129.261337    
   128700.000       132.570175       129.200638    
   128720.000       132.556702       129.139923    
   128740.000       132.543167       129.079224    
   128760.000       132.529449       129.018524    
   128780.000       132.515594       128.957809    
   128800.000       132.501648       128.897110    
   128820.000       132.487488       128.836395    
   128840.000       132.473221       128.775696    
   128860.000       132.458817       128.714996    
   128880.000       132.444244       128.654282    
   128900.000       132.429565       128.593582    
   128920.000       132.414688       128.532883    
   128940.000       132.399689       128.472168    
   128960.000       132.387604       128.414581    
   128980.000       132.392136       128.373718    
   129000.000       132.396484       128.332855    
   129020.000       132.400681       128.291992    
   129040.000       132.404709       128.251129    
   129060.000       132.408600       128.210266    
   129080.000       132.412292       128.169403    
   129100.000       132.415848       128.128540    
   129120.000       132.419205       128.087677    
   129140.000       132.422394       128.046814    
   129160.000       132.425415       128.005951    
   129180.000       132.428253       127.965080    
   129200.000       132.430939       127.924217    
   129220.000       132.433411       127.883354    
   129240.000       132.435730       127.842491    
   129260.000       132.437866       127.801628    
   129280.000       132.439835       127.760765    
   129300.000       132.441559       127.719902    
   129320.000       132.443176       127.679039    
   129340.000       132.444550       127.638176    
   129360.000       132.445770       127.597321    
   129380.000       132.446777       127.556458    
   129400.000       132.447601       127.515594    
   129420.000       132.448212       127.474731    
   129440.000       132.448639       127.433868    
   129460.000       132.448853       127.393005    
   129480.000       132.448914       127.352142    
   129500.000       132.448715       127.311279    
   129520.000       132.448349       127.270416    
   129540.000       132.447784       127.229553    
   129560.000       132.446991       127.188690    
   129580.000       132.445984       127.147827    
   129600.000       132.444794       127.106964    
   129620.000       132.443375       127.066101    
   129640.000       132.441742       127.025238    
   129660.000       132.439911       126.984375    
   129680.000       132.437851       126.943512    
   129700.000       132.435608       126.902649    
   129720.000       132.433075       126.861786    
   129740.000       132.430405       126.820923    
   129760.000       132.427429       126.780060    
   129780.000       132.424301       126.739197    
   129800.000       132.420914       126.698334    
   129820.000       132.417313       126.657471    
   129840.000       132.413467       126.616608    
   129860.000       132.409424       126.575745    
   129880.000       132.405121       126.534882    
   129900.000       132.400620       126.494019    
   129920.000       132.395844       126.453156    
   129940.000       132.390869       126.412292    
   129960.000       132.385635       126.371429    
   129980.000       132.380157       126.330566    
   130000.000       132.374466       126.289703    
   130020.000       132.368530       126.248840    
   130040.000       132.362350       126.207977    
   130060.000       132.355927       126.167114    
   130080.000       132.349228       126.126251    
   130100.000       132.342331       126.085388    
   130120.000       132.335175       126.044525    
   130140.000       132.327744       126.003662    
   130160.000       132.320084       125.962799    
   130180.000       132.312164       125.921936    
   130200.000       132.304001       125.881081    
   130220.000       132.295578       125.840218    
   130240.000       132.286896       125.799355    
   130260.000       132.277985       125.758492    
   130280.000       132.268784       125.717628    
   130300.000       132.259338       125.676765    
   130320.000       132.249649       125.635902    
   130340.000       132.239655       125.595039    
   130360.000       132.229446       125.554176    
   130380.000       132.218948       125.513313    
   130400.000       132.208176       125.472450    
   130420.000       132.217850       125.452286    
   130440.000       132.246872       125.451729    
   130460.000       132.275604       125.451164    
   130480.000       132.304092       125.450607    
   130500.000       132.332291       125.450050    
   130520.000       132.360229       125.449486    
   130540.000       132.387894       125.448929    
   130560.000       132.415268       125.448364    
   130580.000       132.442383       125.447807    
   130600.000       132.469208       125.447250    
   130620.000       132.495773       125.446686    
   130640.000       132.522049       125.446129    
   130660.000       132.548035       125.445564    
   130680.000       132.573746       125.445007    
   130700.000       132.599197       125.444450    
   130720.000       132.624344       125.443886    
   130740.000       132.649246       125.443329    
   130760.000       132.673813       125.442764    
   130780.000       132.698105       125.442207    
   130800.000       132.722122       125.441650    
   130820.000       132.745850       125.441086    
   130840.000       132.769302       125.440529    
   130860.000       132.792419       125.439964    
   130880.000       132.815308       125.439407    
   130900.000       132.837875       125.438850    
   130920.000       132.860138       125.438286    
   130940.000       132.882141       125.437729    
   130960.000       132.903824       125.437164    
   130980.000       132.925217       125.436607    
   131000.000       132.946320       125.436050    
   131020.000       132.967117       125.435486    
   131040.000       132.987610       125.434929    
   131060.000       133.007828       125.434364    
   131080.000       133.027725       125.433807    
   131100.000       133.047363       125.433250    
   131120.000       133.066650       125.432686    
   131140.000       133.085648       125.432129    
   131160.000       133.104355       125.431564    
   131180.000       133.122757       125.431007    
   131200.000       133.140854       125.430450    
   131220.000       133.158661       125.429886    
   131240.000       133.176132       125.429329    
   131260.000       133.193329       125.428764    
   131280.000       133.210190       125.428207    
   131300.000       133.226761       125.427650    
   131320.000       133.243027       125.427086    
   131340.000       133.258972       125.426529    
   131360.000       133.274612       125.425964    
   131380.000       133.289948       125.425407    
   131400.000       133.304977       125.424843    
   131420.000       133.319672       125.424286    
   131440.000       133.334076       125.423729    
   131460.000       133.348160       125.423164    
   131480.000       133.361954       125.422607    
   131500.000       133.375412       125.422043    
   131520.000       133.388550       125.421486    
   131540.000       133.401382       125.420929    
   131560.000       133.413895       125.420364    
   131580.000       133.426102       125.419807    
   131600.000       133.437988       125.419243    
   131620.000       133.449539       125.418686    
   131640.000       133.460815       125.418129    
   131660.000       133.471725       125.417564    
   131680.000       133.482376       125.417007    
   131700.000       133.492645       125.416443    
   131720.000       133.502640       125.415886    
   131740.000       133.512314       125.415329    
   131760.000       133.521622       125.414764    
   131780.000       133.530655       125.414207    
   131800.000       133.539368       125.413643    
   131820.000       133.547745       125.413086    
   131840.000       133.555786       125.412529    
   131860.000       133.566650       125.415092    
   131880.000       133.586304       125.426743    
   131900.000       133.605606       125.438393    
   131920.000       133.624557       125.450043    
   131940.000       133.643219       125.461685    
   131960.000       133.661545       125.473335    
   131980.000       133.679581       125.484985    
   132000.000       133.697266       125.496635    
   132020.000       133.714615       125.508286    
   132040.000       133.731659       125.519936    
   132060.000       133.748383       125.531578    
   132080.000       133.764740       125.543228    
   132100.000       133.780823       125.554878    
   132120.000       133.796570       125.566528    
   132140.000       133.811996       125.578178    
   132160.000       133.827072       125.589821    
   132180.000       133.841843       125.601471    
   132200.000       133.856262       125.613121    
   132220.000       133.870392       125.624771    
   132240.000       133.884186       125.636421    
   132260.000       133.897644       125.648064    
   132280.000       133.910767       125.659714    
   132300.000       133.923584       125.671364    
   132320.000       133.936066       125.683014    
   132340.000       133.948242       125.694664    
   132360.000       133.960083       125.706314    
   132380.000       133.971573       125.717957    
   132400.000       133.982758       125.729607    
   132420.000       133.993622       125.741257    
   132440.000       134.004166       125.752907    
   132460.000       134.014359       125.764557    
   132480.000       134.024231       125.776199    
   132500.000       134.033783       125.787849    
   132520.000       134.043030       125.799500    
   132540.000       134.051926       125.811150    
   132560.000       134.060501       125.822800    
   132580.000       134.068756       125.834442    
   132600.000       134.076675       125.846092    
   132620.000       134.084290       125.857742    
   132640.000       134.091583       125.869392    
   132660.000       134.098526       125.881042    
   132680.000       134.105164       125.892693    
   132700.000       134.111450       125.904335    
   132720.000       134.117447       125.915985    
   132740.000       134.123093       125.927635    
   132760.000       134.128448       125.939285    
   132780.000       134.133423       125.950935    
   132800.000       134.138123       125.962578    
   132820.000       134.142487       125.974228    
   132840.000       134.146545       125.985878    
   132860.000       134.150253       125.997528    
   132880.000       134.153656       126.009178    
   132900.000       134.156708       126.020821    
   132920.000       134.159470       126.032471    
   132940.000       134.161911       126.044121    
   132960.000       134.164032       126.055771    
   132980.000       134.165833       126.067421    
   133000.000       134.167297       126.079071    
   133020.000       134.168457       126.090714    
   133040.000       134.169281       126.102364    
   133060.000       134.169815       126.114014    
   133080.000       134.170013       126.125664    
   133100.000       134.169907       126.137314    
   133120.000       134.169464       126.148956    
   133140.000       134.168716       126.160606    
   133160.000       134.167633       126.172256    
   133180.000       134.166245       126.183907    
   133200.000       134.164551       126.195557    
   133220.000       134.162537       126.207199    
   133240.000       134.160202       126.218849    
   133260.000       134.157578       126.230499    
   133280.000       134.154617       126.242149    
   133300.000       134.151352       126.253799    
   133320.000       134.147766       126.265450    
   133340.000       134.134354       126.267555    
   133360.000       134.120010       126.269073    
   133380.000       134.105377       126.270592    
   133400.000       134.090408       126.272110    
   133420.000       134.075165       126.273628    
   133440.000       134.059586       126.275146    
   133460.000       134.043716       126.276665    
   133480.000       134.027542       126.278191    
   133500.000       134.011078       126.279709    
   133520.000       133.994263       126.281227    
   133540.000       133.977173       126.282745    
   133560.000       133.959793       126.284264    
   133580.000       133.942062       126.285782    
   133600.000       133.924072       126.287300    
   133620.000       133.905762       126.288818    
   133640.000       133.887161       126.290337    
   133660.000       133.868240       126.291855    
   133680.000       133.849060       126.293373    
   133700.000       133.829544       126.294891    
   133720.000       133.809753       126.296410    
   133740.000       133.789642       126.297928    
   133760.000       133.769257       126.299446    
   133780.000       133.748550       126.300964    
   133800.000       133.727585       126.302483    
   133820.000       133.706299       126.304001    
   133840.000       133.684723       126.305519    
   133860.000       133.662888       126.307037    
   133880.000       133.640717       126.308556    
   133900.000       133.618271       126.310074    
   133920.000       133.595566       126.311592    
   133940.000       133.572540       126.313110    
   133960.000       133.549240       126.314629    
   133980.000       133.525650       126.316147    
   134000.000       133.501785       126.317665    
   134020.000       133.477615       126.319183    
   134040.000       133.453201       126.320702    
   134060.000       133.428467       126.322220    
   134080.000       133.403458       126.323738    
   134100.000       133.378189       126.325256    
   134120.000       133.352646       126.326775    
   134140.000       133.326782       126.328293    
   134160.000       133.300674       126.329811    
   134180.000       133.274261       126.331329    
   134200.000       133.247620       126.332848    
   134220.000       133.220703       126.334366    
   134240.000       133.193481       126.335884    
   134260.000       133.166016       126.337402    
   134280.000       133.138260       126.338921    
   134300.000       133.110260       126.340439    
   134320.000       133.081940       126.341957    
   134340.000       133.053421       126.343475    
   134360.000       133.024582       126.344994    
   134380.000       132.995560       126.346519    
   134400.000       132.966187       126.348038    
   134420.000       132.936584       126.349556    
   134440.000       132.906738       126.351074    
   134460.000       132.876602       126.352592    
   134480.000       132.846207       126.354111    
   134500.000       132.815598       126.355629    
   134520.000       132.784683       126.357147    
   134540.000       132.753586       126.358665    
   134560.000       132.722168       126.360184    
   134580.000       132.690521       126.361702    
   134600.000       132.658630       126.363220    
   134620.000       132.626495       126.364738    
   134640.000       132.594101       126.366257    
   134660.000       132.561462       126.367775    
   134680.000       132.528580       126.369293    
   134700.000       132.495453       126.370811    
   134720.000       132.462097       126.372330    
   134740.000       132.428467       126.373848    
   134760.000       132.394638       126.375366    
   134780.000       132.360550       126.376884    
   134800.000       132.326248       126.378403    
   134820.000       132.299530       126.387787    
   134840.000       132.288834       126.413391    
   134860.000       132.277908       126.439003    
   134880.000       132.266739       126.464607    
   134900.000       132.255356       126.490219    
   134920.000       132.243744       126.515823    
   134940.000       132.231873       126.541428    
   134960.000       132.219849       126.567039    
   134980.000       132.207520       126.592644    
   135000.000       132.195007       126.618256    
   135020.000       132.182281       126.643860    
   135040.000       132.169327       126.669464    
   135060.000       132.156158       126.695076    
   135080.000       132.142761       126.720680    
   135100.000       132.129181       126.746292    
   135120.000       132.115372       126.771896    
   135140.000       132.101349       126.797501    
   135160.000       132.087097       126.823112    
   135180.000       132.072678       126.848717    
   135200.000       132.058029       126.874329    
   135220.000       132.043167       126.899933    
   135240.000       132.028122       126.925537    
   135260.000       132.012848       126.951149    
   135280.000       131.997406       126.976753    
   135300.000       131.981750       127.002365    
   135320.000       131.965881       127.027969    
   135340.000       131.949875       127.053574    
   135360.000       131.933609       127.079185    
   135380.000       131.917206       127.104790    
   135400.000       131.900574       127.130402    
   135420.000       131.883759       127.156006    
   135440.000       131.866760       127.181610    
   135460.000       131.849594       127.207222    
   135480.000       131.832184       127.232826    
   135500.000       131.814697       127.258438    
   135520.000       131.796921       127.284042    
   135540.000       131.779068       127.309647    
   135560.000       131.760956       127.335258    
   135580.000       131.742706       127.360863    
   135600.000       131.724274       127.386475    
   135620.000       131.705688       127.412079    
   135640.000       131.686920       127.437683    
   135660.000       131.667984       127.463295    
   135680.000       131.648895       127.488899    
   135700.000       131.629623       127.514511    
   135720.000       131.610184       127.540115    
   135740.000       131.590591       127.565720    
   135760.000       131.570862       127.591331    
   135780.000       131.550949       127.616936    
   135800.000       131.530899       127.642548    
   135820.000       131.510666       127.668152    
   135840.000       131.490295       127.693756    
   135860.000       131.469788       127.719368    
   135880.000       131.449127       127.744972    
   135900.000       131.428284       127.770584    
   135920.000       131.407364       127.796188    
   135940.000       131.386261       127.821793    
   135960.000       131.365036       127.847404    
   135980.000       131.343628       127.873009    
   136000.000       131.322128       127.898613    
   136020.000       131.300476       127.924225    
   136040.000       131.278702       127.949829    
   136060.000       131.256805       127.975441    
   136080.000       131.234741       128.001053    
   136100.000       131.212585       128.026657    
   136120.000       131.190292       128.052261    
   136140.000       131.167877       128.077866    
   136160.000       131.145294       128.103470    
   136180.000       131.122696       128.129089    
   136200.000       131.099884       128.154694    
   136220.000       131.077011       128.180298    
   136240.000       131.053955       128.205902    
   136260.000       131.030838       128.231506    
   136280.000       131.007629       128.257126    
   136300.000       130.984283       128.282730    
   136320.000       130.960800       128.308334    
   136340.000       130.937302       128.333939    
   136360.000       130.970184       128.416138    
   136380.000       131.011719       128.507004    
   136400.000       131.053085       128.597870    
   136420.000       131.094391       128.688721    
   136440.000       131.135620       128.779587    
   136460.000       131.176727       128.870453    
   136480.000       131.217773       128.961319    
   136500.000       131.258698       129.052185    
   136520.000       131.299500       129.143036    
   136540.000       131.340302       129.233902    
   136560.000       131.380951       129.324768    
   136580.000       131.421555       129.415634    
   136600.000       131.462082       129.506500    
   136620.000       131.502518       129.597351    
   136640.000       131.542892       129.688217    
   136660.000       131.583191       129.779083    
   136680.000       131.623428       129.869949    
   136700.000       131.663589       129.960815    
   136720.000       131.703674       130.051682    
   136740.000       131.743652       130.142532    
   136760.000       131.783646       130.233398    
   136780.000       131.823517       130.324265    
   136800.000       131.863388       130.415131    
   136820.000       131.903137       130.505997    
   136840.000       131.942841       130.596848    
   136860.000       131.982544       130.687714    
   136880.000       132.022156       130.778580    
   136900.000       132.061737       130.869446    
   136920.000       132.101273       130.960312    
   136940.000       132.140701       131.051163    
   136960.000       132.180176       131.142029    
   136980.000       132.219559       131.232895    
   137000.000       132.258911       131.323761    
   137020.000       132.298218       131.414627    
   137040.000       132.337509       131.505478    
   137060.000       132.376770       131.596344    
   137080.000       132.415985       131.687210    
   137100.000       132.455200       131.778076    
   137120.000       132.494354       131.868942    
   137140.000       132.533524       131.959808    
   137160.000       132.572586       132.050659    
   137180.000       132.611725       132.141525    
   137200.000       132.650787       132.232391    
   137220.000       132.689880       132.323257    
   137240.000       132.728912       132.414124    
   137260.000       132.767929       132.504974    
   137280.000       132.806961       132.595840    
   137300.000       132.845963       132.686707    
   137320.000       132.884995       132.777573    
   137340.000       132.924011       132.868439    
   137360.000       132.962967       132.959290    
   137380.000       133.002029       133.050156    
   137400.000       133.040985       133.141022    
   137420.000       133.080002       133.231888    
   137440.000       133.119019       133.322754    
   137460.000       133.158051       133.413605    
   137480.000       133.197098       133.504471    
   137500.000       133.236115       133.595337    
   137520.000       133.275162       133.686203    
   137540.000       133.314301       133.777069    
   137560.000       133.353348       133.867920    
   137580.000       133.392456       133.958786    
   137600.000       133.431595       134.049652    
   137620.000       133.470749       134.140518    
   137640.000       133.509964       134.231384    
   137660.000       133.549179       134.322250    
   137680.000       133.588425       134.413101    
   137700.000       133.627686       134.503967    
   137720.000       133.667007       134.594833    
   137740.000       133.706375       134.685699    
   137760.000       133.745789       134.776566    
   137780.000       133.785172       134.867416    
   137800.000       133.824677       134.958282    
   137820.000       133.864166       135.049149    
   137840.000       133.903732       135.140015    
   137860.000       133.943359       135.230881    
   137880.000       133.983017       135.321732    
   137900.000       134.022736       135.412598    
   137920.000       134.062500       135.503464    
   137940.000       134.102310       135.594330    
   137960.000       134.150040       135.692993    
   137980.000       134.252747       135.846649    
   138000.000       134.355560       136.000305    
   138020.000       134.458435       136.153961    
   138040.000       134.561401       136.307632    
   138060.000       134.664383       136.461288    
   138080.000       134.767471       136.614944    
   138100.000       134.870605       136.768600    
   138120.000       134.973846       136.922256    
   138140.000       135.077148       137.075912    
   138160.000       135.180527       137.229568    
   138180.000       135.284012       137.383240    
   138200.000       135.387527       137.536896    
   138220.000       135.491180       137.690552    
   138240.000       135.594879       137.844208    
   138260.000       135.698700       137.997864    
   138280.000       135.802582       138.151520    
   138300.000       135.906570       138.305191    
   138320.000       136.010666       138.458847    
   138340.000       136.114853       138.612503    
   138360.000       136.219086       138.766159    
   138380.000       136.323532       138.919815    
   138400.000       136.427979       139.073471    
   138420.000       136.532547       139.227127    
   138440.000       136.637268       139.380798    
   138460.000       136.742050       139.534454    
   138480.000       136.846970       139.688110    
   138500.000       136.951996       139.841766    
   138520.000       137.057114       139.995422    
   138540.000       137.162399       140.149078    
   138560.000       137.267761       140.302750    
   138580.000       137.373245       140.456406    
   138600.000       137.478867       140.610062    
   138620.000       137.584595       140.763718    
   138640.000       137.690475       140.917374    
   138660.000       137.796448       141.071030    
   138680.000       137.902573       141.224686    
   138700.000       138.008820       141.378357    
   138720.000       138.115204       141.532013    
   138740.000       138.221741       141.685669    
   138760.000       138.328384       141.839325    
   138780.000       138.435165       141.992981    
   138800.000       138.542130       142.146637    
   138820.000       138.649200       142.300308    
   138840.000       138.756424       142.453964    
   138860.000       138.863770       142.607620    
   138880.000       138.971298       142.761276    
   138900.000       139.078949       142.914932    
   138920.000       139.186768       143.068588    
   138940.000       139.294739       143.222260    
   138960.000       139.402893       143.375916    
   138980.000       139.511124       143.529572    
   139000.000       139.619568       143.683228    
   139020.000       139.728180       143.836884    
   139040.000       139.836929       143.990540    
   139060.000       139.945862       144.144196    
   139080.000       140.054962       144.297867    
   139100.000       140.164215       144.451523    
   139120.000       140.273666       144.605179    
   139140.000       140.383255       144.758835    
   139160.000       140.493027       144.912491    
   139180.000       140.602966       145.066147    
   139200.000       140.713074       145.219818    
   139220.000       140.823410       145.373474    
   139240.000       140.933868       145.527130    
   139260.000       141.044525       145.680786    
   139280.000       141.155380       145.834442    
   139300.000       141.266418       145.988098    
   139320.000       141.377625       146.141754    
   139340.000       141.489029       146.295425    
   139360.000       141.600601       146.449081    
   139380.000       141.712433       146.602737    
   139400.000       141.824371       146.756393    
   139420.000       141.936539       146.910049    
   139440.000       142.048920       147.063705    
   139460.000       142.161499       147.217377    
   139480.000       142.274277       147.371033    
   139500.000       142.387238       147.524689    
   139520.000       142.500381       147.678345    
   139540.000       142.613785       147.832001    
   139560.000       142.727325       147.985657    
   139580.000       142.841156       148.139313    
   139600.000       142.955139       148.292984    
   139620.000       143.069351       148.446640    
   139640.000       143.183792       148.600296    
   139660.000       143.298401       148.753952    
   139680.000       143.413254       148.907608    
   139700.000       143.528320       149.061264    
   139720.000       143.643631       149.214935    
   139740.000       143.762527       149.371979    
   139760.000       143.906677       149.554077    
   139780.000       144.051056       149.736176    
   139800.000       144.195694       149.918274    
   139820.000       144.340515       150.100372    
   139840.000       144.485580       150.282471    
   139860.000       144.630859       150.464569    
   139880.000       144.776413       150.646667    
   139900.000       144.922180       150.828766    
   139920.000       145.068176       151.010864    
   139940.000       145.214355       151.192947    
   139960.000       145.360840       151.375046    
   139980.000       145.507523       151.557144    
   140000.000       145.654480       151.739243    
   140020.000       145.801636       151.921341    
   140040.000       145.949066       152.103439    
   140060.000       146.096725       152.285538    
   140080.000       146.244659       152.467636    
   140100.000       146.392792       152.649734    
   140120.000       146.541199       152.831818    
   140140.000       146.689835       153.013916    
   140160.000       146.838730       153.196014    
   140180.000       146.987885       153.378113    
   140200.000       147.137268       153.560211    
   140220.000       147.286942       153.742310    
   140240.000       147.436844       153.924408    
   140260.000       147.587021       154.106506    
   140280.000       147.737427       154.288605    
   140300.000       147.888107       154.470703    
   140320.000       148.039062       154.652786    
   140340.000       148.190247       154.834885    
   140360.000       148.341690       155.016983    
   140380.000       148.493439       155.199081    
   140400.000       148.645432       155.381180    
   140420.000       148.797699       155.563278    
   140440.000       148.950211       155.745377    
   140460.000       149.103012       155.927475    
   140480.000       149.256073       156.109573    
   140500.000       149.409409       156.291656    
   140520.000       149.563004       156.473755    
   140540.000       149.716888       156.655853    
   140560.000       149.871033       156.837952    
   140580.000       150.025482       157.020050    
   140600.000       150.180176       157.202148    
   140620.000       150.335144       157.384247    
   140640.000       150.490402       157.566345    
   140660.000       150.645950       157.748444    
   140680.000       150.801788       157.930542    
   140700.000       150.957855       158.112625    
   140720.000       151.114243       158.294724    
   140740.000       151.270920       158.476822    
   140760.000       151.427856       158.658920    
   140780.000       151.585098       158.841019    
   140800.000       151.742645       159.023117    
   140820.000       151.900436       159.205215    
   140840.000       152.058548       159.387314    
   140860.000       152.216934       159.569412    
   140880.000       152.375580       159.751495    
   140900.000       152.534561       159.933594    
   140920.000       152.693832       160.115692    
   140940.000       152.853378       160.297791    
   140960.000       153.013214       160.479889    
   140980.000       153.173355       160.661987    
   141000.000       153.333817       160.844086    
   141020.000       153.494537       161.026184    
   141040.000       153.655579       161.208282    
   141060.000       153.816910       161.390381    
   141080.000       153.978531       161.572464    
   141100.000       154.140442       161.754562    
   141120.000       154.302673       161.936661    
   141140.000       154.465225       162.118759    
   141160.000       154.628052       162.300858    
   141180.000       154.791199       162.482956    
   141200.000       154.954636       162.665054    
   141220.000       155.118378       162.847153    
   141240.000       155.282425       163.029251    
   141260.000       155.446777       163.211334    
   141280.000       155.611420       163.393433    
   141300.000       155.776398       163.575531    
   141320.000       155.941681       163.757629    
   141340.000       156.107269       163.939728    
   141360.000       156.273163       164.121826    
   141380.000       156.439362       164.303925    
   141400.000       156.605865       164.486023    
   141420.000       156.772720       164.668121    
   141440.000       156.939835       164.850220    
   141460.000       157.107300       165.032303    
   141480.000       157.275055       165.214401    
   141500.000       157.443115       165.396500    
   141520.000       157.611511       165.578598    
   141540.000       157.780228       165.760696    
   141560.000       157.949249       165.942795    
   141580.000       158.118591       166.124893    
   141600.000       158.288223       166.306992    
   141620.000       158.458191       166.489075    
   141640.000       158.628479       166.671173    
   141660.000       158.799088       166.853271    
   141680.000       158.970001       167.035370    
   141700.000       159.141235       167.217468    
   141720.000       159.312805       167.399567    
   141740.000       159.484680       167.581665    
   141760.000       159.656891       167.763763    
   141780.000       159.824890       167.941345    
   141800.000       159.991730       168.117462    
   141820.000       160.158890       168.293564    
   141840.000       160.326416       168.469681    
   141860.000       160.494217       168.645782    
   141880.000       160.662323       168.821899    
   141900.000       160.830795       168.998001    
   141920.000       160.999588       169.174118    
   141940.000       161.168671       169.350220    
   141960.000       161.338104       169.526337    
   141980.000       161.507843       169.702454    
   142000.000       161.677917       169.878555    
   142020.000       161.848328       170.054672    
   142040.000       162.019043       170.230774    
   142060.000       162.190109       170.406891    
   142080.000       162.361450       170.582993    
   142100.000       162.533142       170.759109    
   142120.000       162.705154       170.935211    
   142140.000       162.877518       171.111328    
   142160.000       163.050156       171.287430    
   142180.000       163.223175       171.463547    
   142200.000       163.396484       171.639648    
   142220.000       163.570145       171.815765    
   142240.000       163.744095       171.991867    
   142260.000       163.918396       172.167984    
   142280.000       164.093033       172.344101    
   142300.000       164.267975       172.520203    
   142320.000       164.443253       172.696320    
   142340.000       164.618835       172.872421    
   142360.000       164.794754       173.048538    
   142380.000       164.971008       173.224640    
   142400.000       165.147598       173.400757    
   142420.000       165.324478       173.576859    
   142440.000       165.501709       173.752975    
   142460.000       165.679276       173.929077    
   142480.000       165.857147       174.105194    
   142500.000       166.035339       174.281296    
   142520.000       166.213867       174.457413    
   142540.000       166.392715       174.633514    
   142560.000       166.571915       174.809631    
   142580.000       166.751419       174.985748    
   142600.000       166.931244       175.161850    
   142620.000       167.111404       175.337967    
   142640.000       167.291870       175.514069    
   142660.000       167.472687       175.690186    
   142680.000       167.653824       175.866287    
   142700.000       167.835266       176.042404    
   142720.000       168.017029       176.218506    
   142740.000       168.199142       176.394623    
   142760.000       168.381561       176.570724    
   142780.000       168.564331       176.746841    
   142800.000       168.747406       176.922943    
   142820.000       168.930786       177.099060    
   142840.000       169.114502       177.275162    
   142860.000       169.298553       177.451279    
   142880.000       169.482880       177.627380    
   142900.000       169.667603       177.803497    
   142920.000       169.852600       177.979614    
   142940.000       170.037918       178.155716    
   142960.000       170.223557       178.331833    
   142980.000       170.409515       178.507935    
   143000.000       170.595795       178.684052    
   143020.000       170.782410       178.860153    
   143040.000       170.969345       179.036270    
   143060.000       171.156555       179.212372    
   143080.000       171.344131       179.388489    
   143100.000       171.531998       179.564590    
   143120.000       171.720184       179.740707    
   143140.000       171.908691       179.916809    
   143160.000       172.097534       180.092926    
   143180.000       172.286682       180.269043    
   143200.000       172.476135       180.445145    
   143220.000       172.665909       180.621262    
   143240.000       172.856003       180.797363    
   143260.000       173.046387       180.973480    
   143280.000       173.237106       181.149582    
   143300.000       173.428131       181.325699    
   143320.000       173.619461       181.501801    
   143340.000       173.811111       181.677917    
   143360.000       174.003082       181.854019    
   143380.000       174.195343       182.030136    
   143400.000       174.387924       182.206238    
   143420.000       174.580811       182.382355    
   143440.000       174.774002       182.558456    
   143460.000       174.967499       182.734573    
   143480.000       175.161301       182.910675    
   143500.000       175.355423       183.086792    
   143520.000       175.549866       183.262909    
   143540.000       175.744568       183.439011    
   143560.000       175.939590       183.615128    
   143580.000       176.134918       183.791229    
   143600.000       176.330582       183.967346    
   143620.000       176.526489       184.143448    
   143640.000       176.722733       184.319565    
   143660.000       176.919266       184.495667    
   143680.000       177.116089       184.671783    
   143700.000       177.313217       184.847885    
   143720.000       177.510651       185.024002    
   143740.000       177.708359       185.200104    
   143760.000       177.906403       185.376221    
   143780.000       178.104736       185.552338    
   143800.000       178.303314       185.728439    
   143820.000       178.502228       185.904541    
   143840.000       178.701401       186.080658    
   143860.000       178.900940       186.256775    
   143880.000       179.100708       186.432877    
   143900.000       179.300781       186.608994    
   143920.000       179.501114       186.785095    
   143940.000       179.701782       186.961212    
   143960.000       179.902695       187.137314    
   143980.000       180.103928       187.313431    
   144000.000       180.305389       187.489532    
   144020.000       180.507217       187.665649    
   144040.000       180.709259       187.841751    
   144060.000       180.911606       188.017868    
   144080.000       181.114243       188.193970    
   144100.000       181.317154       188.370087    
   144120.000       181.495285       188.521149    
   144140.000       181.671066       188.669586    
   144160.000       181.847153       188.818024    
   144180.000       182.023468       188.966461    
   144200.000       182.200134       189.114914    
   144220.000       182.377014       189.263351    
   144240.000       182.554184       189.411789    
   144260.000       182.731613       189.560242    
   144280.000       182.909317       189.708679    
   144300.000       183.087296       189.857117    
   144320.000       183.265533       190.005554    
   144340.000       183.444046       190.154007    
   144360.000       183.622833       190.302444    
   144380.000       183.801865       190.450882    
   144400.000       183.981186       190.599335    
   144420.000       184.160706       190.747772    
   144440.000       184.340561       190.896210    
   144460.000       184.520630       191.044647    
   144480.000       184.700958       191.193100    
   144500.000       184.881561       191.341537    
   144520.000       185.062408       191.489975    
   144540.000       185.243500       191.638428    
   144560.000       185.424866       191.786865    
   144580.000       185.606476       191.935303    
   144600.000       185.788330       192.083740    
   144620.000       185.970428       192.232193    
   144640.000       186.152802       192.380630    
   144660.000       186.335373       192.529068    
   144680.000       186.518219       192.677505    
   144700.000       186.701309       192.825958    
   144720.000       186.884628       192.974396    
   144740.000       187.068192       193.122833    
   144760.000       187.251999       193.271286    
   144780.000       187.436066       193.419724    
   144800.000       187.620300       193.568161    
   144820.000       187.804840       193.716599    
   144840.000       187.989594       193.865051    
   144860.000       188.174576       194.013489    
   144880.000       188.359787       194.161926    
   144900.000       188.545227       194.310379    
   144920.000       188.730881       194.458817    
   144940.000       188.916779       194.607254    
   144960.000       189.102890       194.755692    
   144980.000       189.289261       194.904144    
   145000.000       189.475784       195.052582    
   145020.000       189.662598       195.201019    
   145040.000       189.849579       195.349457    
   145060.000       190.036819       195.497910    
   145080.000       190.224243       195.646347    
   145100.000       190.411896       195.794785    
   145120.000       190.599762       195.943237    
   145140.000       190.787827       196.091675    
   145160.000       190.976089       196.240112    
   145180.000       191.164581       196.388550    
   145200.000       191.353302       196.537003    
   145220.000       191.542191       196.685440    
   145240.000       191.731308       196.833878    
   145260.000       191.920578       196.982330    
   145280.000       192.110123       197.130768    
   145300.000       192.299805       197.279205    
   145320.000       192.489700       197.427643    
   145340.000       192.679794       197.576096    
   145360.000       192.870102       197.724533    
   145380.000       193.060547       197.872971    
   145400.000       193.251266       198.021423    
   145420.000       193.442093       198.169861    
   145440.000       193.633163       198.318298    
   145460.000       193.824371       198.466736    
   145480.000       194.015808       198.615189    
   145500.000       194.207382       198.763626    
   145520.000       194.399124       198.912064    
   145540.000       194.591125       199.060516    
   145560.000       194.783249       199.208954    
   145580.000       194.975525       199.357391    
   145600.000       195.168030       199.505829    
   145620.000       195.360672       199.654282    
   145640.000       195.553497       199.802719    
   145660.000       195.746475       199.951157    
   145680.000       195.939606       200.099594    
   145700.000       196.132950       200.248047    
   145720.000       196.326401       200.396484    
   145740.000       196.520020       200.544922    
   145760.000       196.713837       200.693375    
   145780.000       196.907791       200.841812    
   145800.000       197.101883       200.990250    
   145820.000       197.296158       201.138687    
   145840.000       197.490570       201.287140    
   145860.000       197.685150       201.435577    
   145880.000       197.879868       201.584015    
   145900.000       198.074722       201.732452    
   145920.000       198.269714       201.880905    
   145940.000       198.464844       202.029343    
   145960.000       198.660141       202.177780    
   145980.000       198.855591       202.326233    
   146000.000       199.051132       202.474670    
   146020.000       199.246857       202.623108    
   146040.000       199.442657       202.771545    
   146060.000       199.638626       202.919998    
   146080.000       199.834732       203.068436    
   146100.000       200.030945       203.216873    
   146120.000       200.227295       203.365326    
   146140.000       200.423752       203.513763    
   146160.000       200.620346       203.662201    
   146180.000       200.817032       203.810638    
   146200.000       201.013870       203.959091    
   146220.000       201.210815       204.107529    
   146240.000       201.407898       204.255966    
   146260.000       201.605057       204.404419    
   146280.000       201.802368       204.552856    
   146300.000       201.999741       204.701294    
   146320.000       202.197235       204.849731    
   146340.000       202.394852       204.998184    
   146360.000       202.592529       205.146622    
   146380.000       202.790329       205.295059    
   146400.000       202.988281       205.443512    
   146420.000       203.186249       205.591949    
   146440.000       203.384369       205.740387    
   146460.000       203.582550       205.888824    
   146480.000       203.780838       206.037277    
   146500.000       203.979202       206.185715    
   146520.000       204.177658       206.334152    
   146540.000       204.376190       206.482590    
   146560.000       204.574844       206.631042    
   146580.000       204.773529       206.779480    
   146600.000       204.972336       206.927917    
   146620.000       205.171158       207.076355    
   146640.000       205.370132       207.224808    
   146660.000       205.569122       207.373245    
   146680.000       205.768204       207.521683    
   146700.000       205.967361       207.670135    
   146720.000       206.166580       207.818573    
   146740.000       206.365860       207.967010    
   146760.000       206.565201       208.115448    
   146780.000       206.764618       208.263901    
   146800.000       206.933075       208.381332    
   146820.000       207.096817       208.493958    
   146840.000       207.260544       208.606583    
   146860.000       207.424393       208.719208    
   146880.000       207.588257       208.831833    
   146900.000       207.752151       208.944443    
   146920.000       207.916092       209.057068    
   146940.000       208.080109       209.169693    
   146960.000       208.244171       209.282318    
   146980.000       208.408295       209.394943    
   147000.000       208.572372       209.507568    
   147020.000       208.736588       209.620193    
   147040.000       208.900757       209.732819    
   147060.000       209.065018       209.845444    
   147080.000       209.229279       209.958054    
   147100.000       209.393555       210.070679    
   147120.000       209.557877       210.183304    
   147140.000       209.722229       210.295929    
   147160.000       209.886612       210.408554    
   147180.000       210.050980       210.521179    
   147200.000       210.215378       210.633804    
   147220.000       210.379807       210.746429    
   147240.000       210.544250       210.859039    
   147260.000       210.708664       210.971664    
   147280.000       210.873169       211.084290    
   147300.000       211.037643       211.196915    
   147320.000       211.202103       211.309540    
   147340.000       211.366592       211.422165    
   147360.000       211.531082       211.534790    
   147380.000       211.695572       211.647415    
   147400.000       211.860077       211.760040    
   147420.000       212.024506       211.872650    
   147440.000       212.189011       211.985275    
   147460.000       212.353439       212.097900    
   147480.000       212.517929       212.210526    
   147500.000       212.682358       212.323151    
   147520.000       212.846786       212.435776    
   147540.000       213.011200       212.548401    
   147560.000       213.175629       212.661026    
   147580.000       213.339951       212.773636    
   147600.000       213.504303       212.886261    
   147620.000       213.668610       212.998886    
   147640.000       213.832932       213.111511    
   147660.000       213.997208       213.224136    
   147680.000       214.161438       213.336761    
   147700.000       214.325653       213.449387    
   147720.000       214.489822       213.562012    
   147740.000       214.653961       213.674637    
   147760.000       214.818039       213.787247    
   147780.000       214.982086       213.899872    
   147800.000       215.146103       214.012497    
   147820.000       215.310104       214.125122    
   147840.000       215.473999       214.237747    
   147860.000       215.637909       214.350372    
   147880.000       215.801712       214.462997    
   147900.000       215.965500       214.575623    
   147920.000       216.129181       214.688232    
   147940.000       216.292831       214.800858    
   147960.000       216.456436       214.913483    
   147980.000       216.620010       215.026108    
   148000.000       216.783447       215.138733    
   148020.000       216.946869       215.251358    
   148040.000       217.110199       215.363983    
   148060.000       217.273514       215.476608    
   148080.000       217.436691       215.589233    
   148100.000       217.599823       215.701843    
   148120.000       217.762878       215.814468    
   148140.000       217.925858       215.927094    
   148160.000       218.088760       216.039719    
   148180.000       218.251572       216.152344    
   148200.000       218.414307       216.264969    
   148220.000       218.576965       216.377594    
   148240.000       218.739563       216.490219    
   148260.000       218.901993       216.602844    
   148280.000       219.064392       216.715454    
   148300.000       219.226685       216.828079    
   148320.000       219.388870       216.940704    
   148340.000       219.550980       217.053329    
   148360.000       219.712997       217.165955    
   148380.000       219.874893       217.278580    
   148400.000       220.036728       217.391205    
   148420.000       220.198364       217.503815    
   148440.000       220.359970       217.616440    
   148460.000       220.521439       217.729065    
   148480.000       220.682831       217.841690    
   148500.000       220.844086       217.954315    
   148520.000       221.005234       218.066940    
   148540.000       221.166260       218.179565    
   148560.000       221.327194       218.292191    
   148580.000       221.487961       218.404816    
   148600.000       221.648621       218.517426    
   148620.000       221.809143       218.630051    
   148640.000       221.969589       218.742676    
   148660.000       222.129868       218.855301    
   148680.000       222.290039       218.967926    
   148700.000       222.450073       219.080551    
   148720.000       222.609970       219.193176    
   148740.000       222.769730       219.305801    
   148760.000       222.929367       219.418427    
   148780.000       223.088821       219.531036    
   148800.000       223.248154       219.643661    
   148820.000       223.407410       219.756287    
   148840.000       223.566422       219.868912    
   148860.000       223.725372       219.981537    
   148880.000       223.884109       220.094162    
   148900.000       224.042755       220.206787    
   148920.000       224.201233       220.319412    
   148940.000       224.359528       220.432022    
   148960.000       224.517670       220.544647    
   148980.000       224.675705       220.657272    
   149000.000       224.833527       220.769897    
   149020.000       224.991226       220.882523    
   149040.000       225.148712       220.995148    
   149060.000       225.306091       221.107773    
   149080.000       225.463303       221.220398    
   149100.000       225.620300       221.333008    
   149120.000       225.777145       221.445633    
   149140.000       225.933838       221.558258    
   149160.000       226.090347       221.670883    
   149180.000       226.246674       221.783508    
   149200.000       226.402847       221.896133    
   149220.000       226.558823       222.008759    
   149240.000       226.714645       222.121384    
   149260.000       226.870239       222.234009    
   149280.000       227.025681       222.346619    
   149300.000       227.180908       222.459244    
   149320.000       227.335999       222.571869    
   149340.000       227.490875       222.684494    
   149360.000       227.645569       222.797119    
   149380.000       227.800049       222.909744    
   149400.000       227.954376       223.022369    
   149420.000       228.108475       223.134995    
   149440.000       228.262390       223.247620    
   149460.000       228.416061       223.360229    
   149480.000       228.569626       223.472855    
   149500.000       228.722931       223.585480    
   149520.000       228.876038       223.698105    
   149540.000       229.028961       223.810730    
   149560.000       229.181671       223.923355    
   149580.000       229.334137       224.035980    
   149600.000       229.486450       224.148605    
   149620.000       229.638489       224.261230    
   149640.000       229.790375       224.373840    
   149660.000       229.942001       224.486465    
   149680.000       230.093430       224.599091    
   149700.000       230.244659       224.711716    
   149720.000       230.395645       224.824341    
   149740.000       230.546432       224.936966    
   149760.000       230.696976       225.049591    
   149780.000       230.847305       225.162201    
   149800.000       230.997391       225.274826    
   149820.000       231.140656       225.380798    
   149840.000       231.255768       225.458923    
   149860.000       231.370743       225.537048    
   149880.000       231.485413       225.615173    
   149900.000       231.599899       225.693298    
   149920.000       231.714111       225.771423    
   149940.000       231.828110       225.849548    
   149960.000       231.941864       225.927673    
   149980.000       232.055389       226.005783    
   150000.000       232.168655       226.083908    
   150020.000       232.281723       226.162033    
   150040.000       232.394516       226.240158    
   150060.000       232.507095       226.318283    
   150080.000       232.619415       226.396408    
   150100.000       232.731461       226.474533    
   150120.000       232.843307       226.552658    
   150140.000       232.954865       226.630783    
   150160.000       233.066193       226.708908    
   150180.000       233.177246       226.787033    
   150200.000       233.288071       226.865158    
   150220.000       233.398636       226.943283    
   150240.000       233.508957       227.021408    
   150260.000       233.619019       227.099533    
   150280.000       233.728806       227.177643    
   150300.000       233.838333       227.255768    
   150320.000       233.947617       227.333893    
   150340.000       234.056641       227.412018    
   150360.000       234.165405       227.490143    
   150380.000       234.273895       227.568268    
   150400.000       234.382126       227.646393    
   150420.000       234.490082       227.724518    
   150440.000       234.597794       227.802643    
   150460.000       234.705200       227.880768    
   150480.000       234.812378       227.958893    
   150500.000       234.919266       228.037018    
   150520.000       235.025879       228.115143    
   150540.000       235.132233       228.193268    
   150560.000       235.238297       228.271393    
   150580.000       235.344086       228.349518    
   150600.000       235.449600       228.427628    
   150620.000       235.554840       228.505753    
   150640.000       235.659805       228.583878    
   150660.000       235.764481       228.662003    
   150680.000       235.868881       228.740128    
   150700.000       235.973007       228.818253    
   150720.000       236.076843       228.896378    
   150740.000       236.180420       228.974503    
   150760.000       236.283676       229.052628    
   150780.000       236.386642       229.130753    
   150800.000       236.489334       229.208878    
   150820.000       236.591782       229.287003    
   150840.000       236.693878       229.365128    
   150860.000       236.795746       229.443253    
   150880.000       236.897278       229.521378    
   150900.000       236.998520       229.599487    
   150920.000       237.099457       229.677612    
   150940.000       237.200150       229.755737    
   150960.000       237.300522       229.833862    
   150980.000       237.400604       229.911987    
   151000.000       237.500381       229.990112    
   151020.000       237.599869       230.068237    
   151040.000       237.699051       230.146362    
   151060.000       237.797943       230.224487    
   151080.000       237.896545       230.302612    
   151100.000       237.994843       230.380737    
   151120.000       238.092834       230.458862    
   151140.000       238.190506       230.536987    
   151160.000       238.287903       230.615112    
   151180.000       238.384995       230.693237    
   151200.000       238.481766       230.771362    
   151220.000       238.578232       230.849472    
   151240.000       238.674408       230.927597    
   151260.000       238.770279       231.005722    
   151280.000       238.865845       231.083847    
   151300.000       238.961075       231.161972    
   151320.000       239.056030       231.240097    
   151340.000       239.150665       231.318222    
   151360.000       239.244995       231.396347    
   151380.000       239.339020       231.474472    
   151400.000       239.432739       231.552597    
   151420.000       239.526108       231.630722    
   151440.000       239.619217       231.708847    
   151460.000       239.711960       231.786972    
   151480.000       239.804443       231.865097    
   151500.000       239.896591       231.943222    
   151520.000       239.988388       232.021332    
   151540.000       240.079910       232.099457    
   151560.000       240.171112       232.177582    
   151580.000       240.261993       232.255707    
   151600.000       240.352585       232.333832    
   151620.000       240.442810       232.411957    
   151640.000       240.532761       232.490082    
   151660.000       240.622375       232.568207    
   151680.000       240.711700       232.646332    
   151700.000       240.800674       232.724457    
   151720.000       240.889343       232.802582    
   151740.000       240.977692       232.880707    
   151760.000       241.065689       232.958832    
   151780.000       241.153397       233.036957    
   151800.000       241.240799       233.115082    
   151820.000       241.327866       233.193207    
   151840.000       241.414581       233.271317    
   151860.000       241.500992       233.349442    
   151880.000       241.587097       233.427567    
   151900.000       241.672897       233.505692    
   151920.000       241.758331       233.583817    
   151940.000       241.843475       233.661942    
   151960.000       241.928284       233.740067    
   151980.000       242.012787       233.818192    
   152000.000       242.096939       233.896317    
   152020.000       242.180771       233.974442    
   152040.000       242.264282       234.052567    
   152060.000       242.347488       234.130692    
   152080.000       242.430344       234.208817    
   152100.000       242.512894       234.286942    
   152120.000       242.595093       234.365051    
   152140.000       242.676987       234.443176    
   152160.000       242.758560       234.521301    
   152180.000       242.839798       234.599426    
   152200.000       242.920700       234.677551    
   152220.000       243.001282       234.755676    
   152240.000       243.081573       234.833801    
   152260.000       243.161499       234.911926    
   152280.000       243.241104       234.990051    
   152300.000       243.320389       235.068176    
   152320.000       243.399353       235.146301    
   152340.000       243.477997       235.224426    
   152360.000       243.556320       235.302551    
   152380.000       243.634293       235.380676    
   152400.000       243.711945       235.458801    
   152420.000       243.789291       235.536926    
   152440.000       243.866287       235.615036    
   152460.000       243.942963       235.693161    
   152480.000       244.019318       235.771286    
   152500.000       244.095352       235.849411    
   152520.000       244.171066       235.927536    
   152540.000       244.246445       236.005661    
   152560.000       244.321487       236.083786    
   152580.000       244.396225       236.161911    
   152600.000       244.470627       236.240036    
   152620.000       244.544708       236.318161    
   152640.000       244.618469       236.396286    
   152660.000       244.691895       236.474411    
   152680.000       244.764999       236.552536    
   152700.000       244.837784       236.630661    
   152720.000       244.910248       236.708786    
   152740.000       244.982361       236.786896    
   152760.000       245.054169       236.865021    
   152780.000       245.125656       236.943146    
   152800.000       245.196808       237.021271    
   152820.000       245.267654       237.099396    
   152840.000       245.338181       237.177521    
   152860.000       245.408371       237.255646    
   152880.000       245.478256       237.333771    
   152900.000       245.547775       237.411896    
   152920.000       245.617020       237.490021    
   152940.000       245.685928       237.568146    
   152960.000       245.754532       237.646271    
   152980.000       245.822800       237.724396    
   153000.000       245.890762       237.802521    
   153020.000       245.958374       237.880646    
   153040.000       246.025696       237.958771    
   153060.000       246.092682       238.036880    
   153080.000       246.159348       238.115005    
   153100.000       246.225723       238.193130    
   153120.000       246.291748       238.271255    
   153140.000       246.357483       238.349380    
   153160.000       246.422882       238.427505    
   153180.000       246.487976       238.505630    
   153200.000       246.549240       238.580246    
   153220.000       246.585861       238.630524    
   153240.000       246.622162       238.680801    
   153260.000       246.658157       238.731079    
   153280.000       246.693817       238.781357    
   153300.000       246.729187       238.831619    
   153320.000       246.764206       238.881897    
   153340.000       246.798965       238.932175    
   153360.000       246.833389       238.982452    
   153380.000       246.867508       239.032730    
   153400.000       246.901306       239.083008    
   153420.000       246.934814       239.133270    
   153440.000       246.967987       239.183548    
   153460.000       247.000885       239.233826    
   153480.000       247.033463       239.284103    
   153500.000       247.065735       239.334381    
   153520.000       247.097687       239.384644    
   153540.000       247.129349       239.434921    
   153560.000       247.160721       239.485199    
   153580.000       247.191772       239.535477    
   153600.000       247.222534       239.585754    
   153620.000       247.252975       239.636017    
   153640.000       247.283127       239.686295    
   153660.000       247.312973       239.736572    
   153680.000       247.342529       239.786850    
   153700.000       247.371780       239.837128    
   153720.000       247.400742       239.887405    
   153740.000       247.429382       239.937668    
   153760.000       247.457748       239.987946    
   153780.000       247.485809       240.038223    
   153800.000       247.513596       240.088501    
   153820.000       247.541092       240.138779    
   153840.000       247.568237       240.189041    
   153860.000       247.595139       240.239319    
   153880.000       247.621765       240.289597    
   153900.000       247.648071       240.339874    
   153920.000       247.674118       240.390152    
   153940.000       247.699844       240.440414    
   153960.000       247.725296       240.490692    
   153980.000       247.750473       240.540970    
   154000.000       247.775360       240.591248    
   154020.000       247.799957       240.641525    
   154040.000       247.824280       240.691788    
   154060.000       247.848297       240.742065    
   154080.000       247.872055       240.792343    
   154100.000       247.895538       240.842621    
   154120.000       247.918732       240.892899    
   154140.000       247.941666       240.943176    
   154160.000       247.964294       240.993439    
   154180.000       247.986664       241.043716    
   154200.000       248.008774       241.093994    
   154220.000       248.030609       241.144272    
   154240.000       248.052155       241.194550    
   154260.000       248.073425       241.244812    
   154280.000       248.094421       241.295090    
   154300.000       248.115189       241.345367    
   154320.000       248.135635       241.395645    
   154340.000       248.155853       241.445923    
   154360.000       248.175781       241.496185    
   154380.000       248.195480       241.546463    
   154400.000       248.214890       241.596741    
   154420.000       248.234055       241.647018    
   154440.000       248.252945       241.697296    
   154460.000       248.271576       241.747559    
   154480.000       248.289932       241.797836    
   154500.000       248.308075       241.848114    
   154520.000       248.325943       241.898392    
   154540.000       248.343582       241.948669    
   154560.000       248.360931       241.998947    
   154580.000       248.378036       242.049210    
   154600.000       248.394897       242.099487    
   154620.000       248.411514       242.149765    
   154640.000       248.427887       242.200043    
   154660.000       248.444016       242.250320    
   154680.000       248.459885       242.300583    
   154700.000       248.475494       242.350861    
   154720.000       248.490906       242.401138    
   154740.000       248.506042       242.451416    
   154760.000       248.520966       242.501694    
   154780.000       248.535614       242.551956    
   154800.000       248.550064       242.602234    
   154820.000       248.564270       242.652512    
   154840.000       248.578232       242.702789    
   154860.000       248.591965       242.753067    
   154880.000       248.605484       242.803345    
   154900.000       248.618744       242.853607    
   154920.000       248.631790       242.903885    
   154940.000       248.644608       242.954163    
   154960.000       248.657211       243.004440    
   154980.000       248.669601       243.054718    
   155000.000       248.681747       243.104980    
   155020.000       248.693665       243.155258    
   155040.000       248.705414       243.205536    
   155060.000       248.716873       243.255814    
   155080.000       248.728180       243.306091    
   155100.000       248.739227       243.356354    
   155120.000       248.750092       243.406631    
   155140.000       248.760742       243.456909    
   155160.000       248.771179       243.507187    
   155180.000       248.781403       243.557465    
   155200.000       248.791428       243.607727    
   155220.000       248.801254       243.658005    
   155240.000       248.810867       243.708282    
   155260.000       248.820267       243.758560    
   155280.000       248.829468       243.808838    
   155300.000       248.838516       243.859116    
   155320.000       248.847290       243.909378    
   155340.000       248.855927       243.959656    
   155360.000       248.864365       244.009933    
   155380.000       248.872604       244.060211    
   155400.000       248.880661       244.110489    
   155420.000       248.888519       244.160751    
   155440.000       248.896149       244.211029    
   155460.000       248.903687       244.261307    
   155480.000       248.910950       244.311584    
   155500.000       248.918121       244.361862    
   155520.000       248.925003       244.412125    
   155540.000       248.931793       244.462402    
   155560.000       248.938385       244.512680    
   155580.000       248.944809       244.562958    
   155600.000       248.951050       244.613235    
   155620.000       248.957123       244.663513    
   155640.000       248.963013       244.713776    
   155660.000       248.968750       244.764053    
   155680.000       248.974335       244.814331    
   155700.000       248.979706       244.864609    
   155720.000       248.984955       244.914886    
   155740.000       248.990021       244.965149    
   155760.000       248.994949       245.015427    
   155780.000       248.999725       245.065704    
   155800.000       249.004333       245.115982    
   155820.000       249.008774       245.166260    
   155840.000       249.013077       245.216522    
   155860.000       249.017197       245.266800    
   155880.000       249.021240       245.317078    
   155900.000       249.025070       245.367355    
   155920.000       249.028824       245.417633    
   155940.000       249.032364       245.467896    
   155960.000       249.035797       245.518173    
   155980.000       249.039078       245.568451    
   156000.000       249.042252       245.618729    
   156020.000       249.045242       245.669006    
   156040.000       249.048172       245.719284    
   156060.000       249.050888       245.769547    
   156080.000       249.053558       245.819824    
   156100.000       249.056015       245.870102    
   156120.000       249.058395       245.920380    
   156140.000       249.060654       245.970657    
   156160.000       249.062759       246.020920    
   156180.000       249.064774       246.071198    
   156200.000       249.066666       246.121475    
   156220.000       249.068436       246.171753    
   156240.000       249.070099       246.222031    
   156260.000       249.071640       246.272293    
   156280.000       249.073059       246.322571    
   156300.000       249.074417       246.372849    
   156320.000       249.075607       246.423126    
   156340.000       249.076767       246.473404    
   156360.000       249.077744       246.523682    
   156380.000       249.078644       246.573944    
   156400.000       249.079468       246.624222    
   156420.000       249.080185       246.674500    
   156440.000       249.080765       246.724777    
   156460.000       249.081345       246.775055    
   156480.000       249.081726       246.825317    
   156500.000       249.082108       246.875595    
   156520.000       249.082352       246.925873    
   156540.000       249.082520       246.976151    
   156560.000       249.082642       247.026428    
   156580.000       249.082626       247.076691    
   156600.000       249.082550       247.126968    
   156620.000       249.082428       247.177246    
   156640.000       249.082214       247.227524    
   156660.000       249.081924       247.277802    
   156680.000       249.081543       247.328064    
   156700.000       249.081085       247.378342    
   156720.000       249.080627       247.428619    
   156740.000       249.080032       247.478897    
   156760.000       249.079422       247.529175    
   156780.000       249.078705       247.579437    
   156800.000       249.077957       247.629715    
   156820.000       249.077148       247.679993    
   156840.000       249.076279       247.730270    
   156860.000       249.075333       247.780548    
   156880.000       249.074402       247.830826    
   156900.000       249.073349       247.881088    
   156920.000       249.072342       247.931366    
   156940.000       249.055771       247.966217    
   156960.000       249.034454       247.996323    
   156980.000       249.013092       248.026428    
   157000.000       248.991699       248.056534    
   157020.000       248.970215       248.086639    
   157040.000       248.948761       248.116730    
   157060.000       248.927246       248.146835    
   157080.000       248.905716       248.176941    
   157100.000       248.884140       248.207047    
   157120.000       248.862549       248.237152    
   157140.000       248.840958       248.267258    
   157160.000       248.819305       248.297363    
   157180.000       248.797653       248.327469    
   157200.000       248.775970       248.357574    
   157220.000       248.754257       248.387665    
   157240.000       248.732559       248.417770    
   157260.000       248.710831       248.447876    
   157280.000       248.689087       248.477982    
   157300.000       248.667358       248.508087    
   157320.000       248.645584       248.538193    
   157340.000       248.623871       248.568298    
   157360.000       248.602097       248.598404    
   157380.000       248.580322       248.628510    
   157400.000       248.558578       248.658600    
   157420.000       248.536835       248.688705    
   157440.000       248.515060       248.718811    
   157460.000       248.493362       248.748917    
   157480.000       248.471603       248.779022    
   157500.000       248.449921       248.809128    
   157520.000       248.428192       248.839233    
   157540.000       248.406509       248.869339    
   157560.000       248.384872       248.899445    
   157580.000       248.363220       248.929535    
   157600.000       248.341599       248.959641    
   157620.000       248.319992       248.989746    
   157640.000       248.298447       249.019852    
   157660.000       248.276901       249.049957    
   157680.000       248.255386       249.080063    
   157700.000       248.233871       249.110168    
   157720.000       248.212463       249.140274    
   157740.000       248.191040       249.170380    
   157760.000       248.169693       249.200470    
   157780.000       248.148346       249.230576    
   157800.000       248.127045       249.260681    
   157820.000       248.105820       249.290787    
   157840.000       248.084610       249.320892    
   157860.000       248.063446       249.350998    
   157880.000       248.042404       249.381104    
   157900.000       248.021317       249.411209    
   157920.000       248.000366       249.441315    
   157940.000       247.979401       249.471405    
   157960.000       247.958542       249.501511    
   157980.000       247.937714       249.531616    
   158000.000       247.916977       249.561722    
   158020.000       247.896255       249.591827    
   158040.000       247.875702       249.621933    
   158060.000       247.855118       249.652039    
   158080.000       247.834686       249.682144    
   158100.000       247.814240       249.712250    
   158120.000       247.793900       249.742340    
   158140.000       247.773666       249.772446    
   158160.000       247.753494       249.802551    
   158180.000       247.733414       249.832657    
   158200.000       247.713394       249.862762    
   158220.000       247.693481       249.892868    
   158240.000       247.673645       249.922974    
   158260.000       247.653915       249.953079    
   158280.000       247.634232       249.983185    
   158300.000       247.614670       250.013275    
   158320.000       247.595184       250.043381    
   158340.000       247.575851       250.073486    
   158360.000       247.556534       250.103592    
   158380.000       247.537369       250.133698    
   158400.000       247.518311       250.163803    
   158420.000       247.499344       250.193909    
   158440.000       247.480469       250.224014    
   158460.000       247.461731       250.254120    
   158480.000       247.443054       250.284210    
   158500.000       247.424545       250.314316    
   158520.000       247.406113       250.344421    
   158540.000       247.387833       250.374527    
   158560.000       247.369644       250.404633    
   158580.000       247.351593       250.434738    
   158600.000       247.333649       250.464844    
   158620.000       247.315826       250.494949    
   158640.000       247.298157       250.525055    
   158660.000       247.280579       250.555145    
   158680.000       247.263138       250.585251    
   158700.000       247.245804       250.615356    
   158720.000       247.228668       250.645462    
   158740.000       247.211624       250.675568    
   158760.000       247.194733       250.705673    
   158780.000       247.177979       250.735779    
   158800.000       247.161331       250.765884    
   158820.000       247.144882       250.795990    
   158840.000       247.128540       250.826080    
   158860.000       247.112320       250.856186    
   158880.000       247.096313       250.886292    
   158900.000       247.080399       250.916397    
   158920.000       247.064682       250.946503    
   158940.000       247.049088       250.976608    
   158960.000       247.033676       251.006714    
   158980.000       247.018387       251.036819    
   159000.000       247.003281       251.066925    
   159020.000       246.988312       251.097015    
   159040.000       246.973526       251.127121    
   159060.000       246.958878       251.157227    
   159080.000       246.944427       251.187332    
   159100.000       246.930115       251.217438    
   159120.000       246.916000       251.247543    
   159140.000       246.902054       251.277649    
   159160.000       246.888275       251.307755    
   159180.000       246.874664       251.337860    
   159200.000       246.861221       251.367950    
   159220.000       246.847977       251.398056    
   159240.000       246.834900       251.428162    
   159260.000       246.822021       251.458267    
   159280.000       246.809296       251.488373    
   159300.000       246.796799       251.518478    
   159320.000       246.784439       251.548584    
   159340.000       246.772308       251.578690    
   159360.000       246.760315       251.608795    
   159380.000       246.748581       251.638901    
   159400.000       246.736969       251.668991    
   159420.000       246.725586       251.699097    
   159440.000       246.714417       251.729202    
   159460.000       246.703445       251.759308    
   159480.000       246.692627       251.789413    
   159500.000       246.682068       251.819519    
   159520.000       246.671677       251.849625    
   159540.000       246.661484       251.879730    
   159560.000       246.651520       251.909836    
   159580.000       246.641754       251.939926    
   159600.000       246.632187       251.970032    
   159620.000       246.622849       252.000137    
   159640.000       246.613739       252.030243    
   159660.000       246.604797       252.060349    
   159680.000       246.596100       252.090454    
   159700.000       246.587585       252.120560    
   159720.000       246.579361       252.150665    
   159740.000       246.571274       252.180771    
   159760.000       246.563477       252.210861    
   159780.000       246.555862       252.240967    
   159800.000       246.548477       252.271072    
   159820.000       246.541321       252.301178    
   159840.000       246.534409       252.331284    
   159860.000       246.527695       252.361389    
   159880.000       246.521240       252.391495    
   159900.000       246.514984       252.421600    
   159920.000       246.509018       252.451706    
   159940.000       246.503204       252.481796    
   159960.000       246.497681       252.511902    
   159980.000       246.492401       252.542007    
   160000.000       246.487335       252.572113    
   160020.000       246.482513       252.602219    
   160040.000       246.477951       252.632324    
   160060.000       246.473618       252.662430    
   160080.000       246.469559       252.692535    
   160100.000       246.465683       252.722641    
   160120.000       246.462082       252.752731    
   160140.000       246.458740       252.782837    
   160160.000       246.455658       252.812943    
   160180.000       246.452805       252.843048    
   160200.000       246.450226       252.873154    
   160220.000       246.447891       252.903259    
   160240.000       246.445801       252.933365    
   160260.000       246.443985       252.963470    
   160280.000       246.442383       252.993576    
   160300.000       246.441086       253.023666    
   160320.000       246.440002       253.053772    
   160340.000       246.439255       253.083878    
   160360.000       246.438690       253.113983    
   160380.000       246.438431       253.144089    
   160400.000       246.438446       253.174194    
   160420.000       246.438721       253.204300    
   160440.000       246.439255       253.234406    
   160460.000       246.440063       253.264511    
   160480.000       246.441101       253.294601    
   160500.000       246.442459       253.324707    
   160520.000       246.444061       253.354813    
   160540.000       246.445953       253.384918    
   160560.000       246.448105       253.415024    
   160580.000       246.450546       253.445129    
   160600.000       246.453262       253.475235    
   160620.000       246.456253       253.505341    
   160640.000       246.459503       253.535446    
   160660.000       246.463043       253.565536    
   160680.000       246.466888       253.595642    
   160700.000       246.470963       253.625748    
   160720.000       246.475388       253.655853    
   160740.000       246.480042       253.685959    
   160760.000       246.485001       253.716064    
   160780.000       246.490250       253.746170    
   160800.000       246.495789       253.776276    
   160820.000       246.501602       253.806381    
   160840.000       246.507690       253.836472    
   160860.000       246.514099       253.866577    
   160880.000       246.520767       253.896683    
   160900.000       246.527740       253.926788    
   160920.000       246.535034       253.956894    
   160940.000       246.542587       253.987000    
   160960.000       246.550430       254.017105    
   160980.000       246.558578       254.047211    
   161000.000       246.567032       254.077316    
   161020.000       246.570999       254.102646    
   161040.000       246.566727       254.119431    
   161060.000       246.562729       254.136215    
   161080.000       246.559067       254.153000    
   161100.000       246.555664       254.169785    
   161120.000       246.552597       254.186584    
   161140.000       246.549835       254.203369    
   161160.000       246.547348       254.220154    
   161180.000       246.545166       254.236938    
   161200.000       246.543304       254.253723    
   161220.000       246.541748       254.270523    
   161240.000       246.540497       254.287308    
   161260.000       246.539536       254.304092    
   161280.000       246.538879       254.320877    
   161300.000       246.538544       254.337662    
   161320.000       246.538513       254.354462    
   161340.000       246.538788       254.371246    
   161360.000       246.539368       254.388031    
   161380.000       246.540253       254.404816    
   161400.000       246.541473       254.421616    
   161420.000       246.542999       254.438400    
   161440.000       246.544815       254.455185    
   161460.000       246.546967       254.471970    
   161480.000       246.549393       254.488754    
   161500.000       246.552170       254.505554    
   161520.000       246.555252       254.522339    
   161540.000       246.558655       254.539124    
   161560.000       246.562363       254.555908    
   161580.000       246.566376       254.572693    
   161600.000       246.570724       254.589493    
   161620.000       246.575409       254.606277    
   161640.000       246.580368       254.623062    
   161660.000       246.585663       254.639847    
   161680.000       246.591263       254.656631    
   161700.000       246.597198       254.673431    
   161720.000       246.603455       254.690216    
   161740.000       246.610001       254.707001    
   161760.000       246.616913       254.723785    
   161780.000       246.624130       254.740585    
   161800.000       246.631638       254.757370    
   161820.000       246.639481       254.774155    
   161840.000       246.647659       254.790939    
   161860.000       246.656158       254.807724    
   161880.000       246.664948       254.824524    
   161900.000       246.674103       254.841309    
   161920.000       246.683563       254.858093    
   161940.000       246.693329       254.874878    
   161960.000       246.703430       254.891663    
   161980.000       246.713852       254.908463    
   162000.000       246.724609       254.925247    
   162020.000       246.735687       254.942032    
   162040.000       246.747086       254.958817    
   162060.000       246.758789       254.975601    
   162080.000       246.770874       254.992401    
   162100.000       246.783218       255.009186    
   162120.000       246.795914       255.025970    
   162140.000       246.808929       255.042755    
   162160.000       246.822281       255.059555    
   162180.000       246.835968       255.076340    
   162200.000       246.849960       255.093124    
   162220.000       246.864273       255.109909    
   162240.000       246.878922       255.126694    
   162260.000       246.893906       255.143494    
   162280.000       246.909210       255.160278    
   162300.000       246.924835       255.177063    
   162320.000       246.940781       255.193848    
   162340.000       246.957047       255.210632    
   162360.000       246.973648       255.227432    
   162380.000       246.990585       255.244217    
   162400.000       247.007843       255.261002    
   162420.000       247.025406       255.277786    
   162440.000       247.043304       255.294571    
   162460.000       247.061569       255.311371    
   162480.000       247.080109       255.328156    
   162500.000       247.098984       255.344940    
   162520.000       247.118179       255.361725    
   162540.000       247.137711       255.378510    
   162560.000       247.157593       255.395309    
   162580.000       247.177765       255.412094    
   162600.000       247.198273       255.428879    
   162620.000       247.219101       255.445663    
   162640.000       247.240265       255.462463    
   162660.000       247.261749       255.479248    
   162680.000       247.283569       255.496033    
   162700.000       247.305679       255.512817    
   162720.000       247.328125       255.529602    
   162740.000       247.350922       255.546402    
   162760.000       247.374023       255.563187    
   162780.000       247.397461       255.579971    
   162800.000       247.421219       255.596756    
   162820.000       247.445267       255.613541    
   162840.000       247.469681       255.630341    
   162860.000       247.494400       255.647125    
   162880.000       247.519409       255.663910    
   162900.000       247.544800       255.680695    
   162920.000       247.570465       255.697479    
   162940.000       247.596481       255.714279    
   162960.000       247.622787       255.731064    
   162980.000       247.649429       255.747849    
   163000.000       247.676392       255.764633    
   163020.000       247.703690       255.781433    
   163040.000       247.731293       255.798218    
   163060.000       247.759201       255.815002    
   163080.000       247.787430       255.831787    
   163100.000       247.815979       255.848572    
   163120.000       247.844849       255.865372    
   163140.000       247.874054       255.882156    
   163160.000       247.903549       255.898941    
   163180.000       247.933380       255.915726    
   163200.000       247.963501       255.932510    
   163220.000       247.993958       255.949310    
   163240.000       248.024719       255.966095    
   163260.000       248.055786       255.982880    
   163280.000       248.087189       255.999664    
   163300.000       248.118881       256.016449    
   163320.000       248.150909       256.033234    
   163340.000       248.183212       256.050018    
   163360.000       248.215881       256.066833    
   163380.000       248.248825       256.083618    
   163400.000       248.282089       256.100403    
   163420.000       248.315643       256.117188    
   163440.000       248.349518       256.133972    
   163460.000       248.383682       256.150757    
   163480.000       248.418167       256.167542    
   163500.000       248.452942       256.184326    
   163520.000       248.488068       256.201111    
   163540.000       248.523453       256.217896    
   163560.000       248.559174       256.234711    
   163580.000       248.595200       256.251495    
   163600.000       248.631516       256.268280    
   163620.000       248.668106       256.285065    
   163640.000       248.705017       256.301849    
   163660.000       248.742233       256.318634    
   163680.000       248.779724       256.335419    
   163700.000       248.817535       256.352203    
   163720.000       248.855621       256.368988    
   163740.000       248.894073       256.385803    
   163760.000       248.932770       256.402588    
   163780.000       248.971771       256.419373    
   163800.000       249.011047       256.436157    
   163820.000       249.050629       256.452942    
   163840.000       249.090515       256.469727    
   163860.000       249.130661       256.486511    
   163880.000       249.171112       256.503296    
   163900.000       249.211868       256.520081    
   163920.000       249.252884       256.536865    
   163940.000       249.294250       256.553680    
   163960.000       249.335846       256.570465    
   163980.000       249.377731       256.587250    
   164000.000       249.419907       256.604034    
   164020.000       249.462387       256.620819    
   164040.000       249.505112       256.637604    
   164060.000       249.548157       256.654388    
   164080.000       249.591431       256.671173    
   164100.000       249.635040       256.687958    
   164120.000       249.678894       256.704773    
   164140.000       249.723053       256.721558    
   164160.000       249.767487       256.738342    
   164180.000       249.812180       256.755127    
   164200.000       249.857132       256.771912    
   164220.000       249.902359       256.788696    
   164240.000       249.947876       256.805481    
   164260.000       249.993637       256.822266    
   164280.000       250.039688       256.839050    
   164300.000       250.085999       256.855835    
   164320.000       250.132645       256.872650    
   164340.000       250.179474       256.889435    
   164360.000       250.226608       256.906219    
   164380.000       250.273956       256.923004    
   164400.000       250.321625       256.939789    
   164420.000       250.369522       256.956573    
   164440.000       250.417679       256.973358    
   164460.000       250.466110       256.990143    
   164480.000       250.514816       257.006927    
   164500.000       250.563751       257.023743    
   164520.000       250.612976       257.040527    
   164540.000       250.662384       257.057312    
   164560.000       250.712097       257.074097    
   164580.000       250.762054       257.090881    
   164600.000       250.812241       257.107666    
   164620.000       250.862686       257.124451    
   164640.000       250.913391       257.141235    
   164660.000       250.964310       257.158020    
   164680.000       251.015503       257.174805    
   164700.000       251.066971       257.191620    
   164720.000       251.118637       257.208405    
   164740.000       251.170547       257.225189    
   164760.000       251.222687       257.241974    
   164780.000       251.275101       257.258759    
   164800.000       251.327682       257.275543    
   164820.000       251.380569       257.292328    
   164840.000       251.433655       257.309113    
   164860.000       251.486969       257.325897    
   164880.000       251.540558       257.342712    
   164900.000       251.594345       257.359497    
   164920.000       251.648346       257.376282    
   164940.000       251.702606       257.393066    
   164960.000       251.757034       257.409851    
   164980.000       251.811737       257.426636    
   165000.000       251.866653       257.443420    
   165020.000       251.921768       257.460205    
   165040.000       251.977112       257.476990    
   165060.000       252.032700       257.493774    
   165080.000       252.088486       257.510590    
   165100.000       252.144501       257.527374    
   165120.000       252.200668       257.544159    
   165140.000       252.257111       257.560944    
   165160.000       252.313721       257.577728    
   165180.000       252.370560       257.594513    
   165200.000       252.427582       257.611298    
   165220.000       252.484848       257.628082    
   165240.000       252.542282       257.644867    
   165260.000       252.599960       257.661682    
   165280.000       252.657822       257.678467    
   165300.000       252.715851       257.695251    
   165320.000       252.774109       257.712036    
   165340.000       252.832504       257.728821    
   165360.000       252.891190       257.745605    
   165380.000       252.949966       257.762390    
   165400.000       253.009003       257.779175    
   165420.000       253.068207       257.795959    
   165440.000       253.127579       257.812744    
   165460.000       253.187195       257.829559    
   165480.000       253.246964       257.846344    
   165500.000       253.306854       257.863129    
   165520.000       253.359299       257.872192    
   165540.000       253.411545       257.880981    
   165560.000       253.464066       257.889771    
   165580.000       253.516708       257.898560    
   165600.000       253.569504       257.907318    
   165620.000       253.622498       257.916107    
   165640.000       253.675644       257.924896    
   165660.000       253.728989       257.933685    
   165680.000       253.782486       257.942474    
   165700.000       253.836121       257.951233    
   165720.000       253.889938       257.960022    
   165740.000       253.943924       257.968811    
   165760.000       253.998062       257.977600    
   165780.000       254.052383       257.986389    
   165800.000       254.106781       257.995148    
   165820.000       254.161407       258.003937    
   165840.000       254.216171       258.012726    
   165860.000       254.271088       258.021515    
   165880.000       254.326157       258.030304    
   165900.000       254.381348       258.039062    
   165920.000       254.436661       258.047852    
   165940.000       254.492157       258.056641    
   165960.000       254.547775       258.065430    
   165980.000       254.603577       258.074219    
   166000.000       254.659454       258.082977    
   166020.000       254.715500       258.091766    
   166040.000       254.771667       258.100555    
   166060.000       254.827972       258.109344    
   166080.000       254.884430       258.118134    
   166100.000       254.940979       258.126892    
   166120.000       254.997635       258.135681    
   166140.000       255.054474       258.144470    
   166160.000       255.111420       258.153259    
   166180.000       255.168488       258.162048    
   166200.000       255.225601       258.170807    
   166220.000       255.282913       258.179596    
   166240.000       255.340317       258.188385    
   166260.000       255.397827       258.197174    
   166280.000       255.455460       258.205963    
   166300.000       255.513168       258.214722    
   166320.000       255.571030       258.223511    
   166340.000       255.628937       258.232300    
   166360.000       255.687027       258.241089    
   166380.000       255.745148       258.249878    
   166400.000       255.803406       258.258636    
   166420.000       255.861740       258.267426    
   166440.000       255.920181       258.276215    
   166460.000       255.978729       258.285004    
   166480.000       256.037384       258.293793    
   166500.000       256.096039       258.302551    
   166520.000       256.154846       258.311340    
   166540.000       256.213715       258.320129    
   166560.000       256.272705       258.328918    
   166580.000       256.331757       258.337708    
   166600.000       256.390869       258.346466    
   166620.000       256.450073       258.355255    
   166640.000       256.509369       258.364044    
   166660.000       256.568695       258.372833    
   166680.000       256.628143       258.381622    
   166700.000       256.687592       258.390381    
   166720.000       256.747162       258.399170    
   166740.000       256.806824       258.407959    
   166760.000       256.866486       258.416748    
   166780.000       256.926270       258.425537    
   166800.000       256.986023       258.434296    
   166820.000       257.045929       258.443085    
   166840.000       257.105865       258.451874    
   166860.000       257.165833       258.460663    
   166880.000       257.225861       258.469452    
   166900.000       257.285919       258.478210    
   166920.000       257.346069       258.487000    
   166940.000       257.406250       258.495789    
   166960.000       257.466431       258.504578    
   166980.000       257.526672       258.513367    
   167000.000       257.586975       258.522125    
   167020.000       257.647308       258.530914    
   167040.000       257.707642       258.539703    
   167060.000       257.768066       258.548492    
   167080.000       257.828491       258.557281    
   167100.000       257.888916       258.566040    
   167120.000       257.949432       258.574829    
   167140.000       258.009918       258.583618    
   167160.000       258.070435       258.592407    
   167180.000       258.131012       258.601196    
   167200.000       258.191559       258.609955    
   167220.000       258.252136       258.618744    
   167240.000       258.312775       258.627533    
   167260.000       258.373383       258.636322    
   167280.000       258.433990       258.645111    
   167300.000       258.494598       258.653870    
   167320.000       258.555267       258.662659    
   167340.000       258.615875       258.671448    
   167360.000       258.676514       258.680237    
   167380.000       258.737213       258.689026    
   167400.000       258.797821       258.697815    
   167420.000       258.858429       258.706573    
   167440.000       258.919128       258.715363    
   167460.000       258.979706       258.724152    
   167480.000       259.040314       258.732941    
   167500.000       259.100952       258.741730    
   167520.000       259.161530       258.750488    
   167540.000       259.222046       258.759277    
   167560.000       259.282623       258.768066    
   167580.000       259.343201       258.776855    
   167600.000       259.403687       258.785645    
   167620.000       259.464111       258.794403    
   167640.000       259.524597       258.803192    
   167660.000       259.585022       258.811981    
   167680.000       259.645447       258.820770    
   167700.000       259.705841       258.829559    
   167720.000       259.766113       258.838318    
   167740.000       259.826416       258.847107    
   167760.000       259.886719       258.855896    
   167780.000       259.946930       258.864685    
   167800.000       260.007080       258.873474    
   167820.000       260.067230       258.882233    
   167840.000       260.127289       258.891022    
   167860.000       260.187317       258.899811    
   167880.000       260.247284       258.908600    
   167900.000       260.307281       258.917389    
   167920.000       260.367096       258.926147    
   167940.000       260.426910       258.934937    
   167960.000       260.486694       258.943726    
   167980.000       260.546417       258.952515    
   168000.000       260.606018       258.961304    
   168020.000       260.665619       258.970062    
   168040.000       260.725098       258.978851    
   168060.000       260.784546       258.987640    
   168080.000       260.843933       258.996429    
   168100.000       260.903229       259.005219    
   168120.000       260.962372       259.013977    
   168140.000       261.021515       259.022766    
   168160.000       261.080597       259.031555    
   168180.000       261.139587       259.040344    
   168200.000       261.198456       259.049133    
   168220.000       261.257263       259.057892    
   168240.000       261.316010       259.066681    
   168260.000       261.374634       259.075470    
   168280.000       261.433228       259.084259    
   168300.000       261.491638       259.093048    
   168320.000       261.549957       259.101807    
   168340.000       261.608276       259.110596    
   168360.000       261.666443       259.119385    
   168380.000       261.724457       259.128174    
   168400.000       261.782440       259.136963    
   168420.000       261.840271       259.145721    
   168440.000       261.898041       259.154510    
   168460.000       261.955658       259.163300    
   168480.000       262.013245       259.172089    
   168500.000       262.070648       259.180878    
   168520.000       262.127930       259.189636    
   168540.000       262.185120       259.198425    
   168560.000       262.242188       259.207214    
   168580.000       262.299133       259.216003    
   168600.000       262.355988       259.224792    
   168620.000       262.412659       259.233551    
   168640.000       262.469238       259.242340    
   168660.000       262.525726       259.251129    
   168680.000       262.582031       259.259918    
   168700.000       262.638214       259.268707    
   168720.000       262.694244       259.277466    
   168740.000       262.750214       259.286255    
   168760.000       262.805969       259.295044    
   168780.000       262.861603       259.303833    
   168800.000       262.917175       259.312622    
   168820.000       262.972473       259.321381    
   168840.000       263.027679       259.330170    
   168860.000       263.082825       259.338959    
   168880.000       263.137726       259.347748    
   168900.000       263.192505       259.356537    
   168920.000       263.247131       259.365295    
   168940.000       263.301605       259.374084    
   168960.000       263.355896       259.382874    
   168980.000       263.410065       259.391663    
   169000.000       263.464081       259.400452    
   169020.000       263.517914       259.409210    
   169040.000       263.571564       259.417999    
   169060.000       263.625153       259.426788    
   169080.000       263.678467       259.435577    
   169100.000       263.731659       259.444366    
   169120.000       263.784668       259.453125    
   169140.000       263.837494       259.461914    
   169160.000       263.890167       259.470703    
   169180.000       263.942688       259.479492    
   169200.000       263.994995       259.488281    
   169220.000       264.047119       259.497040    
   169240.000       264.099060       259.505829    
   169260.000       264.150848       259.514618    
   169280.000       264.202454       259.523407    
   169300.000       264.253876       259.532196    
   169320.000       264.305084       259.540955    
   169340.000       264.356110       259.549744    
   169360.000       264.406982       259.558533    
   169380.000       264.457672       259.567322    
   169400.000       264.508118       259.576111    
   169420.000       264.558319       259.584869    
   169440.000       264.608459       259.593658    
   169460.000       264.658325       259.602448    
   169480.000       264.707977       259.611237    
   169500.000       264.757477       259.620026    
   169520.000       264.806732       259.628784    
   169540.000       264.855804       259.637573    
   169560.000       264.904663       259.646362    
   169580.000       264.953339       259.655151    
   169600.000       265.001770       259.663940    
   169620.000       265.049957       259.672699    
   169640.000       265.097992       259.681488    
   169660.000       265.145813       259.690277    
   169680.000       265.193390       259.699066    
   169700.000       265.240814       259.707855    
   169720.000       265.287903       259.716614    
   169740.000       265.334839       259.725403    
   169760.000       265.381592       259.734192    
   169780.000       265.428101       259.742981    
   169800.000       265.474335       259.751770    
   169820.000       265.520355       259.760529    
   169840.000       265.566223       259.769318    
   169860.000       265.611786       259.778107    
   169880.000       265.657135       259.786896    
   169900.000       265.702301       259.795685    
   169920.000       265.747131       259.804443    
   169940.000       265.791779       259.813232    
   169960.000       265.836243       259.822021    
   169980.000       265.880402       259.830811    
   170000.000       265.924347       259.839600    
   170020.000       265.968048       259.848358    
   170040.000       266.011505       259.857147    
   170060.000       266.054749       259.865936    
   170080.000       266.097687       259.874725    
   170100.000       266.140472       259.883514    
   170120.000       266.182892       259.892273    
   170140.000       266.225128       259.901062    
   170160.000       266.267151       259.909851    
   170180.000       266.308868       259.918640    
   170200.000       266.350342       259.927429    
   170220.000       266.391541       259.936188    
   170240.000       266.432526       259.944977    
   170260.000       266.473267       259.953766    
   170280.000       266.513733       259.962555    
   170300.000       266.553925       259.971344    
   170320.000       266.593842       259.980103    
   170340.000       266.633514       259.988892    
   170360.000       266.672943       259.997681    
   170380.000       266.712097       260.006470    
   170400.000       266.750977       260.015259    
   170420.000       266.789581       260.024017    
   170440.000       266.827942       260.032806    
   170460.000       266.863342       260.038910    
   170480.000       266.896698       260.043213    
   170500.000       266.929718       260.047485    
   170520.000       266.962524       260.051788    
   170540.000       266.995026       260.056061    
   170560.000       267.027283       260.060364    
   170580.000       267.059204       260.064636    
   170600.000       267.090912       260.068939    
   170620.000       267.122314       260.073212    
   170640.000       267.153442       260.077515    
   170660.000       267.184265       260.081787    
   170680.000       267.214844       260.086090    
   170700.000       267.245117       260.090363    
   170720.000       267.275116       260.094666    
   170740.000       267.304901       260.098969    
   170760.000       267.334290       260.103241    
   170780.000       267.363434       260.107544    
   170800.000       267.392303       260.111816    
   170820.000       267.420898       260.116119    
   170840.000       267.449127       260.120392    
   170860.000       267.477203       260.124695    
   170880.000       267.504883       260.128967    
   170900.000       267.532288       260.133270    
   170920.000       267.559387       260.137543    
   170940.000       267.586273       260.141846    
   170960.000       267.612762       260.146118    
   170980.000       267.639038       260.150421    
   171000.000       267.664978       260.154694    
   171020.000       267.690613       260.158997    
   171040.000       267.715973       260.163300    
   171060.000       267.741028       260.167572    
   171080.000       267.765808       260.171875    
   171100.000       267.790253       260.176147    
   171120.000       267.814423       260.180450    
   171140.000       267.838257       260.184723    
   171160.000       267.861816       260.189026    
   171180.000       267.885040       260.193298    
   171200.000       267.908020       260.197601    
   171220.000       267.930634       260.201874    
   171240.000       267.952972       260.206177    
   171260.000       267.975006       260.210449    
   171280.000       267.996735       260.214752    
   171300.000       268.018158       260.219055    
   171320.000       268.039276       260.223328    
   171340.000       268.060089       260.227631    
   171360.000       268.080536       260.231903    
   171380.000       268.100769       260.236206    
   171400.000       268.120605       260.240479    
   171420.000       268.140167       260.244781    
   171440.000       268.159424       260.249054    
   171460.000       268.178345       260.253357    
   171480.000       268.196960       260.257629    
   171500.000       268.215271       260.261932    
   171520.000       268.233276       260.266205    
   171540.000       268.250977       260.270508    
   171560.000       268.268341       260.274811    
   171580.000       268.285370       260.279083    
   171600.000       268.302155       260.283386    
   171620.000       268.318512       260.287659    
   171640.000       268.334656       260.291962    
   171660.000       268.350403       260.296234    
   171680.000       268.365906       260.300537    
   171700.000       268.381012       260.304810    
   171720.000       268.395874       260.309113    
   171740.000       268.410370       260.313385    
   171760.000       268.424561       260.317688    
   171780.000       268.438416       260.321960    
   171800.000       268.451965       260.326263    
   171820.000       268.465179       260.330536    
   171840.000       268.478088       260.334839    
   171860.000       268.490692       260.339142    
   171880.000       268.502930       260.343414    
   171900.000       268.514923       260.347717    
   171920.000       268.526520       260.351990    
   171940.000       268.537842       260.356293    
   171960.000       268.548798       260.360565    
   171980.000       268.559448       260.364868    
   172000.000       268.569763       260.369141    
   172020.000       268.579773       260.373444    
   172040.000       268.589447       260.377716    
   172060.000       268.598816       260.382019    
   172080.000       268.607819       260.386292    
   172100.000       268.616547       260.390594    
   172120.000       268.624939       260.394897    
   172140.000       268.632996       260.399170    
   172160.000       268.640717       260.403473    
   172180.000       268.648132       260.407745    
   172200.000       268.655182       260.412048    
   172220.000       268.661957       260.416321    
   172240.000       268.668396       260.420624    
   172260.000       268.674469       260.424896    
   172280.000       268.680267       260.429199    
   172300.000       268.685699       260.433472    
   172320.000       268.690826       260.437775    
   172340.000       268.695618       260.442047    
   172360.000       268.700134       260.446350    
   172380.000       268.704285       260.450653    
   172400.000       268.708069       260.454926    
   172420.000       268.711609       260.459229    
   172440.000       268.714752       260.463501    
   172460.000       268.717621       260.467804    
   172480.000       268.720093       260.472076    
   172500.000       268.722321       260.476379    
   172520.000       268.724182       260.480652    
   172540.000       268.725739       260.484955    
   172560.000       268.726929       260.489227    
   172580.000       268.727844       260.493530    
   172600.000       268.728394       260.497803    
   172620.000       268.728638       260.502106    
   172640.000       268.728577       260.506378    
   172660.000       268.728149       260.510681    
   172680.000       268.727448       260.514984    
   172700.000       268.726379       260.519257    
   172720.000       268.725006       260.523560    
   172740.000       268.723297       260.527832    
   172760.000       268.721283       260.532135    
   172780.000       268.718933       260.536407    
   172800.000       268.716248       260.540710    
   172820.000       268.713257       260.544983    
   172840.000       268.709961       260.549286    
   172860.000       268.706268       260.553558    
   172880.000       268.702332       260.557861    
   172900.000       268.698029       260.562134    
   172920.000       268.693451       260.566437    
   172940.000       268.688538       260.570740    
   172960.000       268.683258       260.575012    
   172980.000       268.677734       260.579315    
   173000.000       268.671814       260.583588    
   173020.000       268.665619       260.587891    
   173040.000       268.659088       260.592163    
   173060.000       268.652252       260.596466    
   173080.000       268.645081       260.600739    
   173100.000       268.637634       260.605042    
   173120.000       268.629791       260.609314    
   173140.000       268.621735       260.613617    
   173160.000       268.613281       260.617889    
   173180.000       268.604523       260.622192    
   173200.000       268.595490       260.626495    
   173220.000       268.586090       260.630768    
   173240.000       268.576416       260.635071    
   173260.000       268.566406       260.639343    
   173280.000       268.556122       260.643646    
   173300.000       268.545471       260.647919    
   173320.000       268.534546       260.652222    
   173340.000       268.523285       260.656494    
   173360.000       268.511749       260.660797    
   173380.000       268.499847       260.665070    
   173400.000       268.487671       260.669373    
   173420.000       268.475189       260.673645    
   173440.000       268.462372       260.677948    
   173460.000       268.449280       260.682220    
   173480.000       268.435883       260.686523    
   173500.000       268.422180       260.690826    
   173520.000       268.408142       260.695099    
   173540.000       268.393829       260.699402    
   173560.000       268.379211       260.703674    
   173580.000       268.364258       260.707977    
   173600.000       268.349030       260.712250    
   173620.000       268.333496       260.716553    
   173640.000       268.317657       260.720825    
   173660.000       268.301514       260.725128    
   173680.000       268.285095       260.729401    
   173700.000       268.268341       260.733704    
   173720.000       268.251312       260.737976    
   173740.000       268.234009       260.742279    
   173760.000       268.216400       260.746582    
   173780.000       268.198456       260.750854    
   173800.000       268.180267       260.755157    
   173820.000       268.161743       260.759430    
   173840.000       268.142914       260.763733    
   173860.000       268.123810       260.768005    
   173880.000       268.104492       260.772308    
   173900.000       268.084778       260.776581    
   173920.000       268.064850       260.780884    
   173940.000       268.044586       260.785156    
   173960.000       268.024048       260.789459    
   173980.000       268.003204       260.793732    
   174000.000       267.982147       260.798035    
   174020.000       267.960754       260.802338    
   174040.000       267.939087       260.806610    
   174060.000       267.917145       260.810913    
   174080.000       267.894928       260.815186    
   174100.000       267.872406       260.819489    
   174120.000       267.849609       260.823761    
   174140.000       267.826569       260.828064    
   174160.000       267.803192       260.832336    
   174180.000       267.779602       260.836639    
   174200.000       267.755707       260.840912    
   174220.000       267.731537       260.845215    
   174240.000       267.707092       260.849487    
   174260.000       267.682404       260.853790    
   174280.000       267.657379       260.858063    
   174300.000       267.632172       260.862366    
   174320.000       267.606659       260.866669    
   174340.000       267.580872       260.870941    
   174360.000       267.554840       260.875244    
   174380.000       267.528534       260.879517    
   174400.000       267.501984       260.883820    
   174420.000       267.475128       260.888092    
   174440.000       267.448029       260.892395    
   174460.000       267.420685       260.896667    
   174480.000       267.393066       260.900970    
   174500.000       267.365204       260.905243    
   174520.000       267.337097       260.909546    
   174540.000       267.308716       260.913818    
   174560.000       267.280090       260.918121    
   174580.000       267.251251       260.922424    
   174600.000       267.222107       260.926697    
   174620.000       267.192749       260.931000    
   174640.000       267.163116       260.935272    
   174660.000       267.133270       260.939575    
   174680.000       267.103119       260.943848    
   174700.000       267.072784       260.948151    
   174720.000       267.042175       260.952423    
   174740.000       267.011353       260.956726    
   174760.000       266.980286       260.960999    
   174780.000       266.948975       260.965302    
   174800.000       266.917389       260.969574    
   174820.000       266.885620       260.973877    
   174840.000       266.853638       260.978180    
   174860.000       266.821350       260.982452    
   174880.000       266.788879       260.986755    
   174900.000       266.756165       260.991028    
   174920.000       266.723267       260.995331    
   174940.000       266.690033       260.999603    
   174960.000       266.656677       261.003906    
   174980.000       266.623077       261.008179    
   175000.000       266.589233       261.012482    
   175020.000       266.555176       261.016754    
   175040.000       266.520935       261.021057    
   175060.000       266.486389       261.025330    
   175080.000       266.451721       261.029633    
   175100.000       266.416779       261.033905    
   175120.000       266.381653       261.038208    
   175140.000       266.346344       261.042511    
   175160.000       266.310791       261.046783    
   175180.000       266.275024       261.051086    
   175200.000       266.239044       261.055359    
   175220.000       266.202911       261.059662    
   175240.000       266.166534       261.063934    
   175260.000       266.129944       261.068237    
   175280.000       266.093140       261.072510    
   175300.000       266.056213       261.076813    
   175320.000       266.018982       261.081085    
   175340.000       265.981689       261.085388    
   175360.000       265.944092       261.089661    
   175380.000       265.906342       261.093964    
   175400.000       265.868439       261.098267    
   175420.000       265.830322       261.102539    
   175440.000       265.792023       261.106842    
   175460.000       265.753479       261.111115    
   175480.000       265.714783       261.115417    
   175500.000       265.675964       261.119690    
   175520.000       265.636871       261.123993    
   175540.000       265.597656       261.128265    
   175560.000       265.558289       261.132568    
   175580.000       265.518677       261.136841    
   175600.000       265.478943       261.141144    
   175620.000       265.439026       261.145416    
   175640.000       265.398926       261.149719    
   175660.000       265.358704       261.154022    
   175680.000       265.318268       261.158295    
   175700.000       265.277679       261.162598    
   175720.000       265.236938       261.166870    
   175740.000       265.196045       261.171173    
   175760.000       265.154968       261.175446    
   175780.000       265.113739       261.179749    
   175800.000       265.072388       261.184021    
   175820.000       265.030853       261.188324    
   175840.000       264.989105       261.192596    
   175860.000       264.947296       261.196899    
   175880.000       264.905365       261.201172    
   175900.000       264.863159       261.205475    
   175920.000       264.820374       261.209198    
   175940.000       264.775604       261.211121    
   175960.000       264.730652       261.213043    
   175980.000       264.685577       261.214966    
   176000.000       264.640411       261.216888    
   176020.000       264.595062       261.218811    
   176040.000       264.549591       261.220734    
   176060.000       264.504028       261.222687    
   176080.000       264.458344       261.224609    
   176100.000       264.412445       261.226532    
   176120.000       264.366486       261.228455    
   176140.000       264.320374       261.230377    
   176160.000       264.274109       261.232300    
   176180.000       264.227814       261.234222    
   176200.000       264.181335       261.236145    
   176220.000       264.134735       261.238068    
   176240.000       264.088043       261.239990    
   176260.000       264.041260       261.241913    
   176280.000       263.994354       261.243835    
   176300.000       263.947296       261.245758    
   176320.000       263.900208       261.247711    
   176340.000       263.852997       261.249634    
   176360.000       263.805603       261.251556    
   176380.000       263.758179       261.253479    
   176400.000       263.710663       261.255402    
   176420.000       263.662994       261.257324    
   176440.000       263.615265       261.259247    
   176460.000       263.567474       261.261169    
   176480.000       263.519470       261.263092    
   176500.000       263.471527       261.265015    
   176520.000       263.423431       261.266937    
   176540.000       263.375214       261.268860    
   176560.000       263.326965       261.270782    
   176580.000       263.278687       261.272736    
   176600.000       263.230255       261.274658    
   176620.000       263.181732       261.276581    
   176640.000       263.133179       261.278503    
   176660.000       263.084564       261.280426    
   176680.000       263.035828       261.282349    
   176700.000       262.987030       261.284271    
   176720.000       262.938171       261.286194    
   176740.000       262.889221       261.288116    
   176760.000       262.840271       261.290039    
   176780.000       262.791229       261.291962    
   176800.000       262.742126       261.293884    
   176820.000       262.692932       261.295807    
   176840.000       262.643768       261.297729    
   176860.000       262.594543       261.299683    
   176880.000       262.545166       261.301605    
   176900.000       262.495789       261.303528    
   176920.000       262.446442       261.305450    
   176940.000       262.396912       261.307373    
   176960.000       262.347443       261.309296    
   176980.000       262.297882       261.311218    
   177000.000       262.248291       261.313141    
   177020.000       262.198639       261.315063    
   177040.000       262.149017       261.316986    
   177060.000       262.099335       261.318909    
   177080.000       262.049591       261.320831    
   177100.000       261.999878       261.322754    
   177120.000       261.950073       261.324707    
   177140.000       261.900330       261.326630    
   177160.000       261.850494       261.328552    
   177180.000       261.800659       261.330475    
   177200.000       261.750793       261.332397    
   177220.000       261.700928       261.334320    
   177240.000       261.651031       261.336243    
   177260.000       261.601105       261.338165    
   177280.000       261.551208       261.340088    
   177300.000       261.501312       261.342010    
   177320.000       261.451294       261.343933    
   177340.000       261.401428       261.345856    
   177360.000       261.351471       261.347778    
   177380.000       261.301544       261.349731    
   177400.000       261.251587       261.351654    
   177420.000       261.201721       261.353577    
   177440.000       261.151794       261.355499    
   177460.000       261.101868       261.357422    
   177480.000       261.051941       261.359344    
   177500.000       261.002106       261.361267    
   177520.000       260.952148       261.363190    
   177540.000       260.902313       261.365112    
   177560.000       260.852478       261.367035    
   177580.000       260.802612       261.368958    
   177600.000       260.752808       261.370880    
   177620.000       260.703064       261.372803    
   177640.000       260.653290       261.374725    
   177660.000       260.603577       261.376678    
   177680.000       260.553925       261.378601    
   177700.000       260.504303       261.380524    
   177720.000       260.454620       261.382446    
   177740.000       260.405029       261.384369    
   177760.000       260.355499       261.386292    
   177780.000       260.305969       261.388214    
   177800.000       260.256500       261.390137    
   177820.000       260.207092       261.392059    
   177840.000       260.157684       261.393982    
   177860.000       260.108368       261.395905    
   177880.000       260.059143       261.397827    
   177900.000       260.009857       261.399750    
   177920.000       259.960724       261.401703    
   177940.000       259.911621       261.403625    
   177960.000       259.862549       261.405548    
   177980.000       259.813568       261.407471    
   178000.000       259.764648       261.409393    
   178020.000       259.715820       261.411316    
   178040.000       259.666962       261.413239    
   178060.000       259.618256       261.415161    
   178080.000       259.569641       261.417084    
   178100.000       259.520996       261.419006    
   178120.000       259.472504       261.420929    
   178140.000       259.424072       261.422852    
   178160.000       259.375702       261.424774    
   178180.000       259.327484       261.426727    
   178200.000       259.279297       261.428650    
   178220.000       259.231171       261.430573    
   178240.000       259.183167       261.432495    
   178260.000       259.135254       261.434418    
   178280.000       259.087433       261.436340    
   178300.000       259.039642       261.438263    
   178320.000       258.992004       261.440186    
   178340.000       258.944489       261.442108    
   178360.000       258.896942       261.444031    
   178380.000       258.849640       261.445953    
   178400.000       258.802399       261.447876    
   178420.000       258.755219       261.449799    
   178440.000       258.708160       261.451721    
   178460.000       258.661285       261.453674    
   178480.000       258.614410       261.455597    
   178500.000       258.567749       261.457520    
   178520.000       258.521149       261.459442    
   178540.000       258.474701       261.461365    
   178560.000       258.428284       261.463287    
   178580.000       258.382080       261.465210    
   178600.000       258.335938       261.467133    
   178620.000       258.289917       261.469055    
   178640.000       258.244080       261.470978    
   178660.000       258.198334       261.472900    
   178680.000       258.152710       261.474823    
   178700.000       258.107208       261.476746    
   178720.000       258.061890       261.478699    
   178740.000       258.016632       261.480621    
   178760.000       257.971588       261.482544    
   178780.000       257.926666       261.484467    
   178800.000       257.881836       261.486389    
   178820.000       257.837189       261.488312    
   178840.000       257.792694       261.490234    
   178860.000       257.748322       261.492157    
   178880.000       257.704102       261.494080    
   178900.000       257.660004       261.496002    
   178920.000       257.616119       261.497925    
   178940.000       257.572327       261.499847    
   178960.000       257.528748       261.501770    
   178980.000       257.485291       261.503723    
   179000.000       257.441986       261.505646    
   179020.000       257.398865       261.507568    
   179040.000       257.355896       261.509491    
   179060.000       257.313080       261.511414    
   179080.000       257.270416       261.513336    
   179100.000       257.227936       261.515259    
   179120.000       257.185669       261.517181    
   179140.000       257.143524       261.519104    
   179160.000       257.101562       261.521027    
   179180.000       257.059753       261.522949    
   179200.000       257.018127       261.524872    
   179220.000       256.976715       261.526794    
   179240.000       256.935455       261.528717    
   179260.000       256.894409       261.530670    
   179280.000       256.853516       261.532593    
   179300.000       256.812836       261.534515    
   179320.000       256.772278       261.536438    
   179340.000       256.731964       261.538361    
   179360.000       256.691803       261.540283    
   179380.000       256.651917       261.542206    
   179400.000       256.612091       261.544128    
   179420.000       256.572540       261.546051    
   179440.000       256.533203       261.547974    
   179460.000       256.494019       261.549896    
   179480.000       256.455048       261.551819    
   179500.000       256.416290       261.553741    
   179520.000       256.377716       261.555695    
   179540.000       256.339386       261.557617    
   179560.000       256.301239       261.559540    
   179580.000       256.263245       261.561462    
   179600.000       256.225525       261.563385    
   179620.000       256.188019       261.565308    
   179640.000       256.150696       261.567230    
   179660.000       256.113586       261.569153    
   179680.000       256.076721       261.571075    
   179700.000       256.040070       261.572998    
   179720.000       256.003601       261.574921    
   179740.000       255.967361       261.576843    
   179760.000       255.931366       261.578766    
   179780.000       255.895599       261.580719    
   179800.000       255.860062       261.582642    
   179820.000       255.824707       261.584564    
   179840.000       255.789581       261.586487    
   179860.000       255.754700       261.588409    
   179880.000       255.720078       261.590332    
   179900.000       255.685623       261.592255    
   179920.000       255.651489       261.594177    
   179940.000       255.617523       261.596100    
   179960.000       255.583832       261.598022    
   179980.000       255.550323       261.599945    
   180000.000       255.517105       261.601868    
   180020.000       255.484100       261.603790    
   180040.000       255.451340       261.605713    
   180060.000       255.418854       261.607666    
   180080.000       255.386612       261.609589    
   180100.000       255.354553       261.611511    
   180120.000       255.322784       261.613434    
   180140.000       255.291260       261.615356    
   180160.000       255.259979       261.617279    
   180180.000       255.228973       261.619202    
   180200.000       255.198196       261.621124    
   180220.000       255.167664       261.623047    
   180240.000       255.137405       261.624969    
   180260.000       255.107407       261.626892    
   180280.000       255.077652       261.628815    
   180300.000       255.048141       261.630737    
   180320.000       255.018967       261.632690    
   180340.000       254.989990       261.634613    
   180360.000       254.961243       261.636536    
   180380.000       254.932816       261.638458    
   180400.000       254.904648       261.640381    
   180420.000       254.876709       261.642303    
   180440.000       254.849060       261.644226    
   180460.000       254.821701       261.646149    
   180480.000       254.794556       261.648071    
   180500.000       254.767731       261.649994    
   180520.000       254.741165       261.651917    
   180540.000       254.714890       261.653839    
   180560.000       254.688828       261.655762    
   180580.000       254.663132       261.657715    
   180600.000       254.637665       261.659637    
   180620.000       254.612457       261.661560    
   180640.000       254.587540       261.663483    
   180660.000       254.562912       261.665405    
   180680.000       254.538559       261.667328    
   180700.000       254.514481       261.669250    
   180720.000       254.490692       261.671173    
   180740.000       254.467178       261.673096    
   180760.000       254.443954       261.675018    
   180780.000       254.421036       261.676941    
   180800.000       254.398392       261.678864    
   180820.000       254.375992       261.680786    
   180840.000       254.353943       261.682709    
   180860.000       254.332184       261.684662    
   180880.000       254.310669       261.686584    
   180900.000       254.289459       261.688507    
   180920.000       254.268570       261.690430    
   180940.000       254.247940       261.692352    
   180960.000       254.227600       261.694275    
   180980.000       254.207565       261.696198    
   181000.000       254.187836       261.698120    
   181020.000       254.168396       261.700043    
   181040.000       254.149261       261.701965    
   181060.000       254.130417       261.703888    
   181080.000       254.111862       261.705811    
   181100.000       254.093613       261.707733    
   181120.000       254.075714       261.709686    
   181140.000       254.058075       261.711609    
   181160.000       254.040726       261.713531    
   181180.000       254.023682       261.715454    
   181200.000       254.006943       261.717377    
   181220.000       253.990524       261.719299    
   181240.000       253.974411       261.721222    
   181260.000       253.958588       261.723145    
   181280.000       253.943054       261.725067    
   181300.000       253.927872       261.726990    
   181320.000       253.912949       261.728912    
   181340.000       253.898376       261.730835    
   181360.000       253.884094       261.732758    
   181380.000       253.870163       261.734711    
   181400.000       253.856476       261.736633    
   181420.000       253.843155       261.738556    
   181440.000       253.830109       261.740479    
   181460.000       253.817383       261.742401    
   181480.000       253.804962       261.744324    
   181500.000       253.792892       261.746246    
   181520.000       253.781082       261.748169    
   181540.000       253.769623       261.750092    
   181560.000       253.758469       261.752014    
   181580.000       253.747620       261.753937    
   181600.000       253.737091       261.755859    
   181620.000       253.726913       261.757782    
   181640.000       253.717010       261.759705    
   181660.000       253.707474       261.761658    
   181680.000       253.698212       261.763580    
   181700.000       253.689285       261.765503    
   181720.000       253.680649       261.767426    
   181740.000       253.672363       261.769348    
   181760.000       253.664398       261.771271    
   181780.000       253.656708       261.773193    
   181800.000       253.649384       261.775116    
   181820.000       253.642365       261.777039    
   181840.000       253.635681       261.778961    
   181860.000       253.629318       261.780884    
   181880.000       253.623260       261.782806    
   181900.000       253.617523       261.784729    
   181920.000       253.612152       261.786682    
   181940.000       253.607056       261.788605    
   181960.000       253.601196       261.789429    
   181980.000       253.595490       261.790100    
   182000.000       253.590164       261.790802    
   182020.000       253.585129       261.791473    
   182040.000       253.580444       261.792175    
   182060.000       253.576035       261.792847    
   182080.000       253.572021       261.793549    
   182100.000       253.568253       261.794220    
   182120.000       253.564865       261.794922    
   182140.000       253.561783       261.795593    
   182160.000       253.559021       261.796295    
   182180.000       253.556595       261.796967    
   182200.000       253.554504       261.797668    
   182220.000       253.552719       261.798340    
   182240.000       253.551270       261.799042    
   182260.000       253.550125       261.799713    
   182280.000       253.549347       261.800415    
   182300.000       253.548859       261.801086    
   182320.000       253.548721       261.801788    
   182340.000       253.548874       261.802460    
   182360.000       253.549377       261.803162    
   182380.000       253.550201       261.803833    
   182400.000       253.551376       261.804535    
   182420.000       253.552826       261.805206    
   182440.000       253.554642       261.805908    
   182460.000       253.556808       261.806610    
   182480.000       253.559235       261.807281    
   182500.000       253.562027       261.807983    
   182520.000       253.565109       261.808655    
   182540.000       253.568558       261.809357    
   182560.000       253.572311       261.810028    
   182580.000       253.576401       261.810730    
   182600.000       253.580795       261.811401    
   182620.000       253.585541       261.812103    
   182640.000       253.590576       261.812775    
   182660.000       253.595978       261.813477    
   182680.000       253.601685       261.814148    
   182700.000       253.607712       261.814850    
   182720.000       253.614044       261.815521    
   182740.000       253.620758       261.816223    
   182760.000       253.627747       261.816895    
   182780.000       253.635071       261.817596    
   182800.000       253.642731       261.818268    
   182820.000       253.650696       261.818970    
   182840.000       253.658981       261.819641    
   182860.000       253.667618       261.820343    
   182880.000       253.676514       261.821014    
   182900.000       253.685822       261.821716    
   182920.000       253.695374       261.822388    
   182940.000       253.705292       261.823090    
   182960.000       253.715485       261.823761    
   182980.000       253.726044       261.824463    
   183000.000       253.736893       261.825134    
   183020.000       253.748093       261.825836    
   183040.000       253.759567       261.826508    
   183060.000       253.771393       261.827209    
   183080.000       253.783524       261.827881    
   183100.000       253.795990       261.828583    
   183120.000       253.808731       261.829254    
   183140.000       253.821854       261.829956    
   183160.000       253.835236       261.830627    
   183180.000       253.848969       261.831329    
   183200.000       253.862991       261.832001    
   183220.000       253.877350       261.832703    
   183240.000       253.891998       261.833374    
   183260.000       253.906982       261.834076    
   183280.000       253.922272       261.834747    
   183300.000       253.937866       261.835449    
   183320.000       253.953796       261.836121    
   183340.000       253.970016       261.836823    
   183360.000       253.986542       261.837494    
   183380.000       254.003403       261.838196    
   183400.000       254.020554       261.838867    
   183420.000       254.038025       261.839569    
   183440.000       254.055786       261.840240    
   183460.000       254.073883       261.840942    
   183480.000       254.092239       261.841614    
   183500.000       254.110931       261.842316    
   183520.000       254.129944       261.842987    
   183540.000       254.149246       261.843689    
   183560.000       254.168823       261.844360    
   183580.000       254.188766       261.845062    
   183600.000       254.208969       261.845734    
   183620.000       254.229462       261.846436    
   183640.000       254.250259       261.847107    
   183660.000       254.271408       261.847809    
   183680.000       254.292786       261.848480    
   183700.000       254.314499       261.849182    
   183720.000       254.336502       261.849854    
   183740.000       254.358826       261.850555    
   183760.000       254.381409       261.851227    
   183780.000       254.404327       261.851929    
   183800.000       254.427490       261.852600    
   183820.000       254.450974       261.853302    
   183840.000       254.474762       261.853973    
   183860.000       254.498840       261.854675    
   183880.000       254.523163       261.855347    
   183900.000       254.547821       261.856049    
   183920.000       254.572739       261.856720    
   183940.000       254.597992       261.857422    
   183960.000       254.623474       261.858093    
   183980.000       254.649307       261.858795    
   184000.000       254.675339       261.859467    
   184020.000       254.701736       261.860168    
   184040.000       254.728363       261.860840    
   184060.000       254.755295       261.861542    
   184080.000       254.782471       261.862213    
   184100.000       254.809982       261.862915    
   184120.000       254.837738       261.863586    
   184140.000       254.865784       261.864288    
   184160.000       254.894104       261.864960    
   184180.000       254.922699       261.865662    
   184200.000       254.951553       261.866333    
   184220.000       254.980698       261.867035    
   184240.000       255.010147       261.867737    
   184260.000       255.039780       261.868408    
   184280.000       255.069748       261.869110    
   184300.000       255.099960       261.869781    
   184320.000       255.130478       261.870483    
   184340.000       255.161179       261.871155    
   184360.000       255.192261       261.871857    
   184380.000       255.223511       261.872528    
   184400.000       255.255066       261.873230    
   184420.000       255.286865       261.873901    
   184440.000       255.318954       261.874603    
   184460.000       255.351242       261.875275    
   184480.000       255.383835       261.875977    
   184500.000       255.416672       261.876648    
   184520.000       255.449783       261.877350    
   184540.000       255.483078       261.878021    
   184560.000       255.516739       261.878723    
   184580.000       255.550568       261.879395    
   184600.000       255.584671       261.880096    
   184620.000       255.619019       261.880768    
   184640.000       255.653641       261.881470    
   184660.000       255.688431       261.882141    
   184680.000       255.723557       261.882843    
   184700.000       255.758865       261.883514    
   184720.000       255.794464       261.884216    
   184740.000       255.830231       261.884888    
   184760.000       255.866302       261.885590    
   184780.000       255.902603       261.886261    
   184800.000       255.939117       261.886963    
   184820.000       255.975891       261.887634    
   184840.000       256.012878       261.888336    
   184860.000       256.050079       261.889008    
   184880.000       256.087555       261.889709    
   184900.000       256.125244       261.890381    
   184920.000       256.163147       261.891083    
   184940.000       256.201294       261.891754    
   184960.000       256.239655       261.892456    
   184980.000       256.278229       261.893127    
   185000.000       256.317078       261.893829    
   185020.000       256.356079       261.894501    
   185040.000       256.395325       261.895203    
   185060.000       256.434784       261.895874    
   185080.000       256.474487       261.896576    
   185100.000       256.514374       261.897247    
   185120.000       256.554443       261.897949    
   185140.000       256.594788       261.898621    
   185160.000       256.635315       261.899323    
   185180.000       256.676025       261.899994    
   185200.000       256.717041       261.900696    
   185220.000       256.758118       261.901367    
   185240.000       256.799469       261.902069    
   185260.000       256.841034       261.902740    
   185280.000       256.882812       261.903442    
   185300.000       256.924713       261.904114    
   185320.000       256.966858       261.904816    
   185340.000       257.009216       261.905487    
   185360.000       257.051758       261.906189    
   185380.000       257.094421       261.906860    
   185400.000       257.137421       261.907562    
   185420.000       257.180481       261.908234    
   185440.000       257.223755       261.908936    
   185460.000       257.267242       261.909607    
   185480.000       257.310913       261.910309    
   185500.000       257.354706       261.910980    
   185520.000       257.398804       261.911682    
   185540.000       257.442963       261.912354    
   185560.000       257.487335       261.913055    
   185580.000       257.531830       261.913727    
   185600.000       257.576630       261.914429    
   185620.000       257.621490       261.915100    
   185640.000       257.666534       261.915802    
   185660.000       257.711792       261.916473    
   185680.000       257.757202       261.917175    
   185700.000       257.802704       261.917847    
   185720.000       257.848480       261.918549    
   185740.000       257.894318       261.919220    
   185760.000       257.940399       261.919922    
   185780.000       257.986603       261.920593    
   185800.000       258.032928       261.921295    
   185820.000       258.079437       261.921967    
   185840.000       258.126129       261.922668    
   185860.000       258.172913       261.923340    
   185880.000       258.219879       261.924042    
   185900.000       258.266937       261.924713    
   185920.000       258.314240       261.925415    
   185940.000       258.361603       261.926086    
   185960.000       258.409119       261.926788    
   185980.000       258.456818       261.927460    
   186000.000       258.504639       261.928162    
   186020.000       258.552582       261.928864    
   186040.000       258.600647       261.929535    
   186060.000       258.648865       261.930237    
   186080.000       258.697174       261.930908    
   186100.000       258.745697       261.931610    
   186120.000       258.794250       261.932281    
   186140.000       258.842987       261.932983    
   186160.000       258.891754       261.933655    
   186180.000       258.940796       261.934357    
   186200.000       258.989807       261.935028    
   186220.000       259.039032       261.935730    
   186240.000       259.088348       261.936401    
   186260.000       259.137756       261.937103    
   186280.000       259.187256       261.937775    
   186300.000       259.236938       261.938477    
   186320.000       259.286652       261.939148    
   186340.000       259.336487       261.939850    
   186360.000       259.386475       261.940521    
   186380.000       259.436493       261.941223    
   186400.000       259.486633       261.941895    
   186420.000       259.536926       261.942596    
   186440.000       259.587280       261.943268    
   186460.000       259.637695       261.943970    
   186480.000       259.688171       261.944641    
   186500.000       259.738831       261.945343    
   186520.000       259.789520       261.946014    
   186540.000       259.840302       261.946716    
   186560.000       259.891205       261.947388    
   186580.000       259.942139       261.948090    
   186600.000       259.993164       261.948761    
   186620.000       260.044312       261.949463    
   186640.000       260.095459       261.950134    
   186660.000       260.146698       261.950836    
   186680.000       260.198059       261.951508    
   186700.000       260.249451       261.952209    
   186720.000       260.300903       261.952881    
   186740.000       260.352417       261.953583    
   186760.000       260.404022       261.954254    
   186780.000       260.455688       261.954956    
   186800.000       260.507385       261.955627    
   186820.000       260.559204       261.956329    
   186840.000       260.610992       261.957001    
   186860.000       260.662872       261.957703    
   186880.000       260.714813       261.958374    
   186900.000       260.766785       261.959076    
   186920.000       260.818756       261.959747    
   186940.000       260.870911       261.960449    
   186960.000       260.922974       261.961121    
   186980.000       260.975159       261.961823    
   187000.000       261.027283       261.962494    
   187020.000       261.079590       261.963196    
   187040.000       261.131805       261.963867    
   187060.000       261.184113       261.964569    
   187080.000       261.236481       261.965240    
   187100.000       261.288849       261.965942    
   187120.000       261.341187       261.966614    
   187140.000       261.393616       261.967316    
   187160.000       261.446045       261.967987    
   187180.000       261.498505       261.968689    
   187200.000       261.550964       261.969360    
   187220.000       261.603455       261.970062    
   187240.000       261.655914       261.970734    
   187260.000       261.708496       261.971436    
   187280.000       261.760986       261.972107    
   187300.000       261.813538       261.972809    
   187320.000       261.866028       261.973480    
   187340.000       261.918610       261.974182    
   187360.000       261.971161       261.974854    
   187380.000       262.023682       261.975555    
   187400.000       262.076263       261.976227    
   187420.000       262.128784       261.976929    
   187440.000       262.181335       261.977600    
   187460.000       262.233887       261.978302    
   187480.000       262.286377       261.978973    
   187500.000       262.338867       261.979675    
   187520.000       262.391388       261.980347    
   187540.000       262.443848       261.981049    
   187560.000       262.496277       261.981720    
   187580.000       262.548676       261.982422    
   187600.000       262.601135       261.983093    
   187620.000       262.653534       261.983795    
   187640.000       262.705872       261.984467    
   187660.000       262.758240       261.985168    
   187680.000       262.810547       261.985840    
   187700.000       262.862793       261.986542    
   187720.000       262.915039       261.987213    
   187740.000       262.967255       261.987915    
   187760.000       263.019409       261.988586    
   187780.000       263.071564       261.989288    
   187800.000       263.123596       261.989990    
   187820.000       263.175629       261.990662    
   187840.000       263.227631       261.991364    
   187860.000       263.279572       261.992035    
   187880.000       263.331451       261.992737    
   187900.000       263.383240       261.993408    
   187920.000       263.435059       261.994110    
   187940.000       263.486786       261.994781    
   187960.000       263.538422       261.995483    
   187980.000       263.590057       261.996155    
   188000.000       263.641571       261.996857    
   188020.000       263.693024       261.997528    
   188040.000       263.744507       261.998230    
   188060.000       263.795807       261.998901    
   188080.000       263.847046       261.999603    
   188100.000       263.898254       262.000275    
   188120.000       263.949402       262.000977    
   188140.000       264.000427       262.001648    
   188160.000       264.051361       262.002350    
   188180.000       264.102264       262.003021    
   188200.000       264.153076       262.003723    
   188220.000       264.203766       262.004395    
   188240.000       264.254456       262.005096    
   188260.000       264.304932       262.005768    
   188280.000       264.355408       262.006470    
   188300.000       264.405762       262.007141    
   188320.000       264.456024       262.007843    
   188340.000       264.506134       262.008514    
   188360.000       264.556274       262.009216    
   188380.000       264.606201       262.009888    
   188400.000       264.656067       262.010590    
   188420.000       264.705780       262.011261    
   188440.000       264.755493       262.011963    
   188460.000       264.805023       262.012634    
   188480.000       264.854431       262.013336    
   188500.000       264.903778       262.014008    
   188520.000       264.953003       262.014709    
   188540.000       265.001526       262.014862    
   188560.000       265.049896       262.014893    
   188580.000       265.098053       262.014893    
   188600.000       265.146088       262.014923    
   188620.000       265.194092       262.014954    
   188640.000       265.241913       262.014984    
   188660.000       265.289581       262.015015    
   188680.000       265.337128       262.015045    
   188700.000       265.384613       262.015076    
   188720.000       265.431915       262.015106    
   188740.000       265.479034       262.015106    
   188760.000       265.526093       262.015137    
   188780.000       265.572968       262.015167    
   188800.000       265.619720       262.015198    
   188820.000       265.666351       262.015228    
   188840.000       265.712769       262.015259    
   188860.000       265.759125       262.015289    
   188880.000       265.805298       262.015320    
   188900.000       265.851288       262.015320    
   188920.000       265.897156       262.015350    
   188940.000       265.942932       262.015381    
   188960.000       265.988434       262.015411    
   188980.000       266.033875       262.015442    
   189000.000       266.079071       262.015472    
   189020.000       266.124207       262.015503    
   189040.000       266.169098       262.015533    
   189060.000       266.213837       262.015533    
   189080.000       266.258484       262.015564    
   189100.000       266.302887       262.015594    
   189120.000       266.347107       262.015625    
   189140.000       266.391235       262.015656    
   189160.000       266.435150       262.015686    
   189180.000       266.478882       262.015717    
   189200.000       266.522491       262.015747    
   189220.000       266.565796       262.015747    
   189240.000       266.609009       262.015778    
   189260.000       266.652039       262.015808    
   189280.000       266.694916       262.015839    
   189300.000       266.737549       262.015869    
   189320.000       266.779999       262.015900    
   189340.000       266.822327       262.015930    
   189360.000       266.864410       262.015961    
   189380.000       266.906250       262.015961    
   189400.000       266.947998       262.015991    
   189420.000       266.989502       262.016022    
   189440.000       267.030823       262.016052    
   189460.000       267.071960       262.016083    
   189480.000       267.112885       262.016113    
   189500.000       267.153595       262.016144    
   189520.000       267.194122       262.016174    
   189540.000       267.234406       262.016174    
   189560.000       267.274506       262.016205    
   189580.000       267.314392       262.016235    
   189600.000       267.354126       262.016266    
   189620.000       267.393555       262.016296    
   189640.000       267.432831       262.016327    
   189660.000       267.471893       262.016357    
   189680.000       267.510742       262.016388    
   189700.000       267.549316       262.016388    
   189720.000       267.587738       262.016418    
   189740.000       267.625916       262.016449    
   189760.000       267.663879       262.016479    
   189780.000       267.701630       262.016510    
   189800.000       267.739105       262.016541    
   189820.000       267.776428       262.016571    
   189840.000       267.813446       262.016602    
   189860.000       267.850311       262.016602    
   189880.000       267.886871       262.016632    
   189900.000       267.923248       262.016663    
   189920.000       267.959381       262.016693    
   189940.000       267.995300       262.016724    
   189960.000       268.030945       262.016754    
   189980.000       268.066406       262.016785    
   190000.000       268.101562       262.016815    
   190020.000       268.136505       262.016815    
   190040.000       268.171234       262.016846    
   190060.000       268.205688       262.016876    
   190080.000       268.239868       262.016907    
   190100.000       268.273865       262.016937    
   190120.000       268.307617       262.016968    
   190140.000       268.341095       262.016998    
   190160.000       268.374298       262.017029    
   190180.000       268.407257       262.017029    
   190200.000       268.439972       262.017059    
   190220.000       268.472443       262.017090    
   190240.000       268.504669       262.017120    
   190260.000       268.536652       262.017151    
   190280.000       268.568329       262.017181    
   190300.000       268.599792       262.017212    
   190320.000       268.630981       262.017242    
   190340.000       268.661896       262.017273    
   190360.000       268.692566       262.017273    
   190380.000       268.722931       262.017303    
   190400.000       268.753052       262.017334    
   190420.000       268.782928       262.017365    
   190440.000       268.812561       262.017395    
   190460.000       268.841858       262.017426    
   190480.000       268.870941       262.017456    
   190500.000       268.899719       262.017487    
   190520.000       268.928223       262.017487    
   190540.000       268.956482       262.017517    
   190560.000       268.984467       262.017548    
   190580.000       269.012146       262.017578    
   190600.000       269.039581       262.017609    
   190620.000       269.066742       262.017639    
   190640.000       269.093597       262.017670    
   190660.000       269.120178       262.017700    
   190680.000       269.146454       262.017700    
   190700.000       269.172516       262.017731    
   190720.000       269.198242       262.017761    
   190740.000       269.223694       262.017792    
   190760.000       269.248871       262.017822    
   190780.000       269.273743       262.017853    
   190800.000       269.298340       262.017883    
   190820.000       269.322693       262.017914    
   190840.000       269.346680       262.017914    
   190860.000       269.370392       262.017944    
   190880.000       269.393890       262.017975    
   190900.000       269.417023       262.018005    
   190920.000       269.439880       262.018036    
   190940.000       269.462463       262.018066    
   190960.000       269.484772       262.018097    
   190980.000       269.506744       262.018127    
   191000.000       269.528381       262.018127    
   191020.000       269.549805       262.018158    
   191040.000       269.570862       262.018188    
   191060.000       269.591675       262.018219    
   191080.000       269.612183       262.018250    
   191100.000       269.632385       262.018280    
   191120.000       269.652283       262.018311    
   191140.000       269.671875       262.018341    
   191160.000       269.691132       262.018341    
   191180.000       269.710114       262.018372    
   191200.000       269.728821       262.018402    
   191220.000       269.747192       262.018433    
   191240.000       269.765259       262.018463    
   191260.000       269.783051       262.018494    
   191280.000       269.800507       262.018524    
   191300.000       269.817657       262.018555    
   191320.000       269.834473       262.018555    
   191340.000       269.851013       262.018585    
   191360.000       269.867249       262.018616    
   191380.000       269.883179       262.018646    
   191400.000       269.898804       262.018677    
   191420.000       269.914093       262.018707    
   191440.000       269.929077       262.018738    
   191460.000       269.943756       262.018768    
   191480.000       269.958099       262.018768    
   191500.000       269.972137       262.018799    
   191520.000       269.985901       262.018829    
   191540.000       269.999329       262.018860    
   191560.000       270.012421       262.018890    
   191580.000       270.025208       262.018921    
   191600.000       270.037689       262.018951    
   191620.000       270.049835       262.018982    
   191640.000       270.061646       262.018982    
   191660.000       270.073181       262.019012    
   191680.000       270.084412       262.019043    
   191700.000       270.095276       262.019073    
   191720.000       270.105865       262.019104    
   191740.000       270.116119       262.019135    
   191760.000       270.126038       262.019165    
   191780.000       270.135651       262.019196    
   191800.000       270.144928       262.019196    
   191820.000       270.153870       262.019226    
   191840.000       270.162506       262.019257    
   191860.000       270.170837       262.019287    
   191880.000       270.178864       262.019318    
   191900.000       270.186554       262.019348    
   191920.000       270.193909       262.019379    
   191940.000       270.200958       262.019409    
   191960.000       270.207611       262.019409    
   191980.000       270.214020       262.019440    
   192000.000       270.220093       262.019470    
   192020.000       270.225830       262.019501    
   192040.000       270.231262       262.019531    
   192060.000       270.236328       262.019562    
   192080.000       270.241119       262.019592    
   192100.000       270.245575       262.019623    
   192120.000       270.249664       262.019623    
   192140.000       270.253479       262.019653    
   192160.000       270.256927       262.019684    
   192180.000       270.260071       262.019714    
   192200.000       270.262878       262.019745    
   192220.000       270.265381       262.019775    
   192240.000       270.267578       262.019806    
   192260.000       270.269409       262.019836    
   192280.000       270.270905       262.019836    
   192300.000       270.272095       262.019867    
   192320.000       270.272949       262.019897    
   192340.000       270.273499       262.019928    
   192360.000       270.273743       262.019958    
   192380.000       270.273621       262.019989    
   192400.000       270.273163       262.020020    
   192420.000       270.272430       262.020050    
   192440.000       270.271301       262.020050    
   192460.000       270.269897       262.020081    
   192480.000       270.268127       262.020111    
   192500.000       270.266083       262.020142    
   192520.000       270.263702       262.020172    
   192540.000       270.260986       262.020203    
   192560.000       270.257935       262.020233    
   192580.000       270.254578       262.020264    
   192600.000       270.250854       262.020264    
   192620.000       270.246826       262.020294    
   192640.000       270.242523       262.020325    
   192660.000       270.237854       262.020355    
   192680.000       270.232849       262.020386    
   192700.000       270.227539       262.020416    
   192720.000       270.221893       262.020447    
   192740.000       270.215942       262.020477    
   192760.000       270.209625       262.020477    
   192780.000       270.203003       262.020508    
   192800.000       270.196075       262.020538    
   192820.000       270.188843       262.020569    
   192840.000       270.181274       262.020599    
   192860.000       270.173370       262.020630    
   192880.000       270.165131       262.020660    
   192900.000       270.156586       262.020691    
   192920.000       270.147705       262.020691    
   192940.000       270.138519       262.020721    
   192960.000       270.128998       262.020752    
   192980.000       270.119202       262.020782    
   193000.000       270.109070       262.020813    
   193020.000       270.098572       262.020844    
   193040.000       270.087799       262.020874    
   193060.000       270.076721       262.020905    
   193080.000       270.065247       262.020905    
   193100.000       270.053528       262.020935    
   193120.000       270.041473       262.020966    
   193140.000       270.029114       262.020996    
   193160.000       270.016418       262.021027    
   193180.000       270.003387       262.021057    
   193200.000       269.990082       262.021088    
   193220.000       269.976440       262.021118    
   193240.000       269.962463       262.021118    
   193260.000       269.948212       262.021149    
   193280.000       269.933624       262.021179    
   193300.000       269.918762       262.021210    
   193320.000       269.903564       262.021240    
   193340.000       269.888062       262.021271    
   193360.000       269.872253       262.021301    
   193380.000       269.856110       262.021332    
   193400.000       269.839630       262.021332    
   193420.000       269.822906       262.021362    
   193440.000       269.805817       262.021393    
   193460.000       269.788483       262.021423    
   193480.000       269.770813       262.021454    
   193500.000       269.752869       262.021484    
   193520.000       269.734558       262.021515    
   193540.000       269.715973       262.021545    
   193560.000       269.697083       262.021545    
   193580.000       269.677887       262.021576    
   193600.000       269.658386       262.021606    
   193620.000       269.638580       262.021637    
   193640.000       269.618500       262.021667    
   193660.000       269.598083       262.021698    
   193680.000       269.577423       262.021729    
   193700.000       269.556427       262.021759    
   193720.000       269.535095       262.021759    
   193740.000       269.513519       262.021790    
   193760.000       269.491638       262.021820    
   193780.000       269.469452       262.021851    
   193800.000       269.446991       262.021881    
   193820.000       269.424225       262.021912    
   193840.000       269.401154       262.021942    
   193860.000       269.377777       262.021973    
   193880.000       269.354126       262.021973    
   193900.000       269.330231       262.022003    
   193920.000       269.306000       262.022034    
   193940.000       269.281494       262.022064    
   193960.000       269.256714       262.022095    
   193980.000       269.231628       262.022125    
   194000.000       269.206268       262.022156    
   194020.000       269.180634       262.022186    
   194040.000       269.154694       262.022186    
   194060.000       269.128448       262.022217    
   194080.000       269.101990       262.022247    
   194100.000       269.075226       262.022278    
   194120.000       269.048157       262.022308    
   194140.000       269.020844       262.022339    
   194160.000       268.993256       262.022369    
   194180.000       268.965393       262.022400    
   194200.000       268.937164       262.022400    
   194220.000       268.908783       262.022430    
   194240.000       268.880066       262.022461    
   194260.000       268.851105       262.022491    
   194280.000       268.821869       262.022522    
   194300.000       268.792328       262.022552    
   194320.000       268.762573       262.022583    
   194340.000       268.732574       262.022614    
   194360.000       268.702240       262.022614    
   194380.000       268.671661       262.022644    
   194400.000       268.640839       262.022675    
   194420.000       268.609772       262.022705    
   194440.000       268.578369       262.022736    
   194460.000       268.546783       262.022766    
   194480.000       268.514954       262.022797    
   194500.000       268.482788       262.022827    
   194520.000       268.450378       262.022827    
   194540.000       268.417786       262.022858    
   194560.000       268.384857       262.022888    
   194580.000       268.351746       262.022919    
   194600.000       268.318359       262.022949    
   194620.000       268.284760       262.022980    
   194640.000       268.250854       262.023010    
   194660.000       268.216736       262.023041    
   194680.000       268.182312       262.023041    
   194700.000       268.147705       262.023071    
   194720.000       268.112885       262.023102    
   194740.000       268.077789       262.023132    
   194760.000       268.042450       262.023163    
   194780.000       268.006866       262.023193    
   194800.000       267.971069       262.023224    
   194820.000       267.934998       262.023254    
   194840.000       267.898712       262.023254    
   194860.000       267.862183       262.023285    
   194880.000       267.825470       262.023315    
   194900.000       267.788483       262.023346    
   194920.000       267.751312       262.023376    
   194940.000       267.713867       262.023407    
   194960.000       267.676208       262.023438    
   194980.000       267.638367       262.023468    
   195000.000       267.600281       262.023468    
   195020.000       267.561890       262.023499    
   195040.000       267.523407       262.023529    
   195060.000       267.484680       262.023560    
   195080.000       267.445679       262.023590    
   195100.000       267.406494       262.023621    
   195120.000       267.367126       262.023651    
   195140.000       267.327515       262.023682    
   195160.000       267.287689       262.023682    
   195180.000       267.247650       262.023712    
   195200.000       267.207458       262.023743    
   195220.000       267.167023       262.023773    
   195240.000       267.126404       262.023804    
   195260.000       267.085541       262.023834    
   195280.000       267.044495       262.023865    
   195300.000       267.003296       262.023895    
   195320.000       266.961884       262.023926    
   195340.000       266.920227       262.023926    
   195360.000       266.878387       262.023956    
   195380.000       266.836395       262.023987    
   195400.000       266.794189       262.024017    
   195420.000       266.751831       262.024048    
   195440.000       266.709229       262.024078    
   195460.000       266.666504       262.024109    
   195480.000       266.623505       262.024139    
   195500.000       266.580414       262.024139    
   195520.000       266.537109       262.024170    
   195540.000       266.493591       262.024200    
   195560.000       266.449951       262.024231    
   195580.000       266.406128       262.024261    
   195600.000       266.362122       262.024292    
   195620.000       266.317657       262.024048    
   195640.000       266.272980       262.023712    
   195660.000       266.228058       262.023376    
   195680.000       266.183044       262.023041    
   195700.000       266.137817       262.022705    
   195720.000       266.092407       262.022369    
   195740.000       266.046936       262.022034    
   195760.000       266.001251       262.021698    
   195780.000       265.955383       262.021362    
   195800.000       265.909363       262.021027    
   195820.000       265.863220       262.020691    
   195840.000       265.816956       262.020355    
   195860.000       265.770416       262.020020    
   195880.000       265.723846       262.019684    
   195900.000       265.677124       262.019348    
   195920.000       265.630188       262.019012    
   195940.000       265.583130       262.018677    
   195960.000       265.535980       262.018341    
   195980.000       265.488617       262.018005    
   196000.000       265.441223       262.017670    
   196020.000       265.393585       262.017334    
   196040.000       265.345886       262.016998    
   196060.000       265.298035       262.016663    
   196080.000       265.250061       262.016327    
   196100.000       265.201935       262.015991    
   196120.000       265.153656       262.015656    
   196140.000       265.105347       262.015320    
   196160.000       265.056885       262.014984    
   196180.000       265.008240       262.014648    
   196200.000       264.959503       262.014313    
   196220.000       264.910675       262.013977    
   196240.000       264.861694       262.013641    
   196260.000       264.812653       262.013306    
   196280.000       264.763458       262.012970    
   196300.000       264.714233       262.012634    
   196320.000       264.664795       262.012299    
   196340.000       264.615356       262.011963    
   196360.000       264.565704       262.011627    
   196380.000       264.515991       262.011292    
   196400.000       264.466217       262.010956    
   196420.000       264.416351       262.010620    
   196440.000       264.366272       262.010284    
   196460.000       264.316223       262.009949    
   196480.000       264.266083       262.009613    
   196500.000       264.215790       262.009277    
   196520.000       264.165405       262.008942    
   196540.000       264.115021       262.008606    
   196560.000       264.064453       262.008270    
   196580.000       264.013885       262.007935    
   196600.000       263.963165       262.007599    
   196620.000       263.912445       262.007263    
   196640.000       263.861603       262.006927    
   196660.000       263.810730       262.006592    
   196680.000       263.759735       262.006256    
   196700.000       263.708649       262.005920    
   196720.000       263.657593       262.005585    
   196740.000       263.606445       262.005249    
   196760.000       263.555145       262.004913    
   196780.000       263.503845       262.004578    
   196800.000       263.452515       262.004242    
   196820.000       263.401031       262.003906    
   196840.000       263.349609       262.003571    
   196860.000       263.298065       262.003235    
   196880.000       263.246521       262.002899    
   196900.000       263.194855       262.002563    
   196920.000       263.143219       262.002228    
   196940.000       263.091461       262.001892    
   196960.000       263.039673       262.001556    
   196980.000       262.987915       262.001221    
   197000.000       262.936096       262.000885    
   197020.000       262.884125       262.000549    
   197040.000       262.832245       262.000214    
   197060.000       262.780334       261.999878    
   197080.000       262.728302       261.999542    
   197100.000       262.676300       261.999207    
   197120.000       262.624298       261.998871    
   197140.000       262.572266       261.998535    
   197160.000       262.520172       261.998199    
   197180.000       262.468048       261.997864    
   197200.000       262.415955       261.997528    
   197220.000       262.363770       261.997192    
   197240.000       262.311676       261.996857    
   197260.000       262.259460       261.996521    
   197280.000       262.207245       261.996185    
   197300.000       262.155121       261.995850    
   197320.000       262.102966       261.995514    
   197340.000       262.050751       261.995178    
   197360.000       261.998535       261.994843    
   197380.000       261.946381       261.994507    
   197400.000       261.894135       261.994171    
   197420.000       261.841980       261.993835    
   197440.000       261.789764       261.993500    
   197460.000       261.737640       261.993164    
   197480.000       261.685455       261.992828    
   197500.000       261.633331       261.992493    
   197520.000       261.581146       261.992157    
   197540.000       261.528992       261.991821    
   197560.000       261.476929       261.991486    
   197580.000       261.424896       261.991150    
   197600.000       261.372772       261.990814    
   197620.000       261.320709       261.990479    
   197640.000       261.268738       261.990143    
   197660.000       261.216736       261.989807    
   197680.000       261.164825       261.989471    
   197700.000       261.112885       261.989166    
   197720.000       261.061066       261.988831    
   197740.000       261.009155       261.988495    
   197760.000       260.957397       261.988159    
   197780.000       260.905609       261.987823    
   197800.000       260.853851       261.987488    
   197820.000       260.802185       261.987152    
   197840.000       260.750610       261.986816    
   197860.000       260.698914       261.986481    
   197880.000       260.647430       261.986145    
   197900.000       260.595978       261.985809    
   197920.000       260.544525       261.985474    
   197940.000       260.493134       261.985138    
   197960.000       260.441833       261.984802    
   197980.000       260.390625       261.984467    
   198000.000       260.339417       261.984131    
   198020.000       260.288269       261.983795    
   198040.000       260.237244       261.983459    
   198060.000       260.186218       261.983124    
   198080.000       260.135345       261.982788    
   198100.000       260.084473       261.982452    
   198120.000       260.033661       261.982117    
   198140.000       259.983002       261.981781    
   198160.000       259.932434       261.981445    
   198180.000       259.881866       261.981110    
   198200.000       259.831390       261.980774    
   198220.000       259.781067       261.980438    
   198240.000       259.730774       261.980103    
   198260.000       259.680634       261.979767    
   198280.000       259.630493       261.979431    
   198300.000       259.580505       261.979095    
   198320.000       259.530579       261.978760    
   198340.000       259.480804       261.978424    
   198360.000       259.431030       261.978088    
   198380.000       259.381409       261.977753    
   198400.000       259.331940       261.977417    
   198420.000       259.282562       261.977081    
   198440.000       259.233185       261.976746    
   198460.000       259.184021       261.976410    
   198480.000       259.134979       261.976074    
   198500.000       259.085968       261.975739    
   198520.000       259.037079       261.975403    
   198540.000       258.988373       261.975067    
   198560.000       258.939789       261.974731    
   198580.000       258.891266       261.974396    
   198600.000       258.842865       261.974060    
   198620.000       258.794617       261.973724    
   198640.000       258.746490       261.973389    
   198660.000       258.698486       261.973053    
   198680.000       258.650604       261.972717    
   198700.000       258.602814       261.972382    
   198720.000       258.555237       261.972046    
   198740.000       258.507812       261.971710    
   198760.000       258.460419       261.971375    
   198780.000       258.413239       261.971039    
   198800.000       258.366211       261.970703    
   198820.000       258.319244       261.970367    
   198840.000       258.272522       261.970032    
   198860.000       258.225861       261.969696    
   198880.000       258.179413       261.969360    
   198900.000       258.133026       261.969025    
   198920.000       258.086884       261.968689    
   198940.000       258.040863       261.968353    
   198960.000       257.994934       261.968018    
   198980.000       257.949249       261.967682    
   199000.000       257.903748       261.967346    
   199020.000       257.858276       261.967010    
   199040.000       257.813049       261.966675    
   199060.000       257.768036       261.966339    
   199080.000       257.723083       261.966003    
   199100.000       257.678345       261.965668    
   199120.000       257.633820       261.965332    
   199140.000       257.589447       261.964996    
   199160.000       257.545197       261.964661    
   199180.000       257.501129       261.964325    
   199200.000       257.457306       261.963989    
   199220.000       257.413574       261.963654    
   199240.000       257.370087       261.963318    
   199260.000       257.326721       261.962982    
   199280.000       257.283569       261.962646    
   199300.000       257.240631       261.962311    
   199320.000       257.197876       261.961975    
   199340.000       257.155243       261.961639    
   199360.000       257.112823       261.961304    
   199380.000       257.070648       261.960968    
   199400.000       257.028656       261.960632    
   199420.000       256.986816       261.960297    
   199440.000       256.945190       261.959961    
   199460.000       256.903778       261.959625    
   199480.000       256.862518       261.959290    
   199500.000       256.821503       261.958954    
   199520.000       256.780670       261.958618    
   199540.000       256.740021       261.958282    
   199560.000       256.699646       261.957947    
   199580.000       256.659454       261.957611    
   199600.000       256.619446       261.957275    
   199620.000       256.579651       261.956940    
   199640.000       256.540100       261.956604    
   199660.000       256.500702       261.956268    
   199680.000       256.461609       261.955933    
   199700.000       256.422668       261.955597    
   199720.000       256.383972       261.955261    
   199740.000       256.345490       261.954926    
   199760.000       256.307220       261.954590    
   199780.000       256.269165       261.954254    
   199800.000       256.231323       261.953918    
   199820.000       256.193726       261.953583    
   199840.000       256.156403       261.953247    
   199860.000       256.119202       261.952911    
   199880.000       256.082306       261.952576    
   199900.000       256.045654       261.952240    
   199920.000       256.009216       261.951904    
   199940.000       255.972977       261.951569    
   199960.000       255.937027       261.951233    
   199980.000       255.901321       261.950897    
   200000.000       255.865799       261.950562    
   200020.000       255.830521       261.950226    
   200040.000       255.795547       261.949890    
   200060.000       255.760742       261.949554    
   200080.000       255.726257       261.949219    
   200100.000       255.691956       261.948883    
   200120.000       255.657898       261.948547    
   200140.000       255.624115       261.948212    
   200160.000       255.590622       261.947876    
   200180.000       255.557312       261.947540    
   200200.000       255.524261       261.947205    
   200220.000       255.491501       261.946869    
   200240.000       255.459000       261.946533    
   200260.000       255.426727       261.946198    
   200280.000       255.394684       261.945862    
   200300.000       255.362961       261.945526    
   200320.000       255.331467       261.945190    
   200340.000       255.300232       261.944855    
   200360.000       255.269257       261.944519    
   200380.000       255.238525       261.944183    
   200400.000       255.208115       261.943848    
   200420.000       255.177948       261.943512    
   200440.000       255.147995       261.943176    
   200460.000       255.118378       261.942841    
   200480.000       255.089020       261.942505    
   200500.000       255.059921       261.942169    
   200520.000       255.031082       261.941833    
   200540.000       255.002533       261.941498    
   200560.000       254.974258       261.941162    
   200580.000       254.946243       261.940826    
   200600.000       254.918518       261.940491    
   200620.000       254.891083       261.940155    
   200640.000       254.863876       261.939819    
   200660.000       254.837006       261.939484    
   200680.000       254.810394       261.939148    
   200700.000       254.784027       261.938812    
   200720.000       254.757996       261.938477    
   200740.000       254.732254       261.938141    
   200760.000       254.706741       261.937805    
   200780.000       254.681549       261.937469    
   200800.000       254.656662       261.937134    
   200820.000       254.632034       261.936798    
   200840.000       254.607697       261.936462    
   200860.000       254.583649       261.936127    
   200880.000       254.559891       261.935791    
   200900.000       254.536423       261.935455    
   200920.000       254.513260       261.935120    
   200940.000       254.490387       261.934784    
   200960.000       254.467773       261.934448    
   200980.000       254.445496       261.934113    
   201000.000       254.423508       261.933777    
   201020.000       254.401779       261.933441    
   201040.000       254.380402       261.933105    
   201060.000       254.359299       261.932770    
   201080.000       254.338516       261.932434    
   201100.000       254.317978       261.932098    
   201120.000       254.297775       261.931763    
   201140.000       254.277908       261.931427    
   201160.000       254.258286       261.931091    
   201180.000       254.238983       261.930756    
   201200.000       254.220001       261.930420    
   201220.000       254.201294       261.930084    
   201240.000       254.182938       261.929749    
   201260.000       254.164856       261.929413    
   201280.000       254.147064       261.929077    
   201300.000       254.129608       261.928741    
   201320.000       254.112457       261.928406    
   201340.000       254.095612       261.928070    
   201360.000       254.079071       261.927734    
   201380.000       254.062836       261.927399    
   201400.000       254.046921       261.927063    
   201420.000       254.031326       261.926727    
   201440.000       254.016006       261.926392    
   201460.000       254.001053       261.926056    
   201480.000       253.986374       261.925720    
   201500.000       253.972031       261.925385    
   201520.000       253.957977       261.925049    
   201540.000       253.944244       261.924713    
   201560.000       253.930832       261.924377    
   201580.000       253.917740       261.924042    
   201600.000       253.904938       261.923706    
   201620.000       253.892487       261.923370    
   201640.000       253.880341       261.923035    
   201660.000       253.868530       261.922699    
   201680.000       253.857010       261.922363    
   201700.000       253.845795       261.922028    
   201720.000       253.834930       261.921692    
   201740.000       253.824371       261.921356    
   201760.000       253.814148       261.921021    
   201780.000       253.804230       261.920685    
   201800.000       253.794617       261.920349    
   201820.000       253.785339       261.920013    
   201840.000       253.776413       261.919678    
   201860.000       253.767761       261.919342    
   201880.000       253.759430       261.919006    
   201900.000       253.751465       261.918671    
   201920.000       253.743805       261.918335    
   201940.000       253.736450       261.917999    
   201960.000       253.729431       261.917664    
   201980.000       253.722763       261.917328    
   202000.000       253.716354       261.916992    
   202020.000       253.710312       261.916656    
   202040.000       253.704590       261.916321    
   202060.000       253.699203       261.915985    
   202080.000       253.694122       261.915649    
   202100.000       253.689346       261.915314    
   202120.000       253.684921       261.914978    
   202140.000       253.680832       261.914642    
   202160.000       253.677032       261.914307    
   202180.000       253.673599       261.913971    
   202200.000       253.670471       261.913635    
   202220.000       253.667679       261.913300    
   202240.000       253.665192       261.912964    
   202260.000       253.663040       261.912628    
   202280.000       253.661224       261.912292    
   202300.000       253.659729       261.911957    
   202320.000       253.658554       261.911621    
   202340.000       253.657730       261.911316    
   202360.000       253.657196       261.910980    
   202380.000       253.657013       261.910645    
   202400.000       253.657150       261.910309    
   202420.000       253.657593       261.909973    
   202440.000       253.658371       261.909637    
   202460.000       253.659500       261.909302    
   202480.000       253.660919       261.908966    
   202500.000       253.662674       261.908630    
   202520.000       253.664749       261.908295    
   202540.000       253.667160       261.907959    
   202560.000       253.669907       261.907623    
   202580.000       253.672958       261.907288    
   202600.000       253.676346       261.906952    
   202620.000       253.680054       261.906616    
   202640.000       253.684082       261.906281    
   202660.000       253.688446       261.905945    
   202680.000       253.693146       261.905609    
   202700.000       253.698135       261.905273    
   202720.000       253.703461       261.904938    
   202740.000       253.709122       261.904602    
   202760.000       253.715118       261.904266    
   202780.000       253.721420       261.903931    
   202800.000       253.728058       261.903595    
   202820.000       253.734970       261.903259    
   202840.000       253.742249       261.902924    
   202860.000       253.749863       261.902588    
   202880.000       253.757751       261.902252    
   202900.000       253.766022       261.901917    
   202920.000       253.774567       261.901581    
   202940.000       253.783447       261.901245    
   202960.000       253.792633       261.900909    
   202980.000       253.802155       261.900574    
   203000.000       253.811981       261.900238    
   203020.000       253.822174       261.899902    
   203040.000       253.832642       261.899567    
   203060.000       253.843414       261.899231    
   203080.000       253.854523       261.898895    
   203100.000       253.865967       261.898560    
   203120.000       253.877579       261.898102    
   203140.000       253.889496       261.897614    
   203160.000       253.901703       261.897095    
   203180.000       253.914261       261.896606    
   203200.000       253.927078       261.896088    
   203220.000       253.940262       261.895599    
   203240.000       253.953705       261.895081    
   203260.000       253.967499       261.894592    
   203280.000       253.981598       261.894073    
   203300.000       253.996017       261.893585    
   203320.000       254.010727       261.893066    
   203340.000       254.025772       261.892578    
   203360.000       254.041122       261.892059    
   203380.000       254.056778       261.891571    
   203400.000       254.072723       261.891052    
   203420.000       254.088989       261.890533    
   203440.000       254.105591       261.890045    
   203460.000       254.122452       261.889526    
   203480.000       254.139664       261.889038    
   203500.000       254.157135       261.888519    
   203520.000       254.174988       261.888031    
   203540.000       254.193085       261.887512    
   203560.000       254.211487       261.887024    
   203580.000       254.230194       261.886505    
   203600.000       254.249237       261.886017    
   203620.000       254.268539       261.885498    
   203640.000       254.288162       261.885010    
   203660.000       254.308075       261.884491    
   203680.000       254.328262       261.883972    
   203700.000       254.348816       261.883484    
   203720.000       254.369598       261.882965    
   203740.000       254.390732       261.882477    
   203760.000       254.412125       261.881958    
   203780.000       254.433853       261.881470    
   203800.000       254.455841       261.880951    
   203820.000       254.478134       261.880463    
   203840.000       254.500687       261.879944    
   203860.000       254.523590       261.879456    
   203880.000       254.546768       261.878937    
   203900.000       254.570221       261.878448    
   203920.000       254.593933       261.877930    
   203940.000       254.617996       261.877441    
   203960.000       254.642303       261.876923    
   203980.000       254.666870       261.876404    
   204000.000       254.691772       261.875916    
   204020.000       254.716919       261.875397    
   204040.000       254.742401       261.874908    
   204060.000       254.768127       261.874390    
   204080.000       254.794159       261.873901    
   204100.000       254.820404       261.873383    
   204120.000       254.847000       261.872894    
   204140.000       254.873856       261.872375    
   204160.000       254.900970       261.871887    
   204180.000       254.928345       261.871368    
   204200.000       254.956055       261.870880    
   204220.000       254.984024       261.870361    
   204240.000       255.012222       261.869843    
   204260.000       255.040726       261.869354    
   204280.000       255.069458       261.868835    
   204300.000       255.098511       261.868347    
   204320.000       255.127808       261.867828    
   204340.000       255.157349       261.867340    
   204360.000       255.187164       261.866821    
   204380.000       255.217331       261.866333    
   204400.000       255.247650       261.865814    
   204420.000       255.278244       261.865326    
   204440.000       255.309113       261.864807    
   204460.000       255.340302       261.864319    
   204480.000       255.371643       261.863800    
   204500.000       255.403305       261.863312    
   204520.000       255.435181       261.862793    
   204540.000       255.467346       261.862274    
   204560.000       255.499756       261.861786    
   204580.000       255.532440       261.861267    
   204600.000       255.565323       261.860779    
   204620.000       255.598480       261.860260    
   204640.000       255.631943       261.859772    
   204660.000       255.665543       261.859253    
   204680.000       255.699432       261.858765    
   204700.000       255.733582       261.858246    
   204720.000       255.767990       261.857758    
   204740.000       255.802582       261.857239    
   204760.000       255.837433       261.856750    
   204780.000       255.872543       261.856232    
   204800.000       255.907852       261.855713    
   204820.000       255.943420       261.855225    
   204840.000       255.979248       261.854706    
   204860.000       256.015259       261.854218    
   204880.000       256.051514       261.853699    
   204900.000       256.088043       261.853210    
   204920.000       256.124756       261.852692    
   204940.000       256.161652       261.852203    
   204960.000       256.198914       261.851685    
   204980.000       256.236298       261.851196    
   205000.000       256.273865       261.850677    
   205020.000       256.311737       261.850189    
   205040.000       256.349792       261.849670    
   205060.000       256.388092       261.849182    
   205080.000       256.426514       261.848663    
   205100.000       256.465240       261.848145    
   205120.000       256.504181       261.847656    
   205140.000       256.543274       261.847137    
   205160.000       256.582642       261.846649    
   205180.000       256.622131       261.846130    
   205200.000       256.661926       261.845642    
   205220.000       256.701904       261.845123    
   205240.000       256.742035       261.844635    
   205260.000       256.782349       261.844116    
   205280.000       256.822937       261.843628    
   205300.000       256.863708       261.843109    
   205320.000       256.904663       261.842621    
   205340.000       256.945770       261.842102    
   205360.000       256.987091       261.841583    
   205380.000       257.028687       261.841095    
   205400.000       257.070374       261.840576    
   205420.000       257.112305       261.840088    
   205440.000       257.154358       261.839569    
   205460.000       257.196686       261.839081    
   205480.000       257.239166       261.838562    
   205500.000       257.281799       261.838074    
   205520.000       257.324585       261.837555    
   205540.000       257.367706       261.837067    
   205560.000       257.410828       261.836548    
   205580.000       257.454163       261.836060    
   205600.000       257.497650       261.835541    
   205620.000       257.541443       261.835052    
   205640.000       257.585266       261.834534    
   205660.000       257.629272       261.834015    
   205680.000       257.673523       261.833527    
   205700.000       257.717896       261.833008    
   205720.000       257.762421       261.832520    
   205740.000       257.807098       261.832001    
   205760.000       257.851959       261.831512    
   205780.000       257.896973       261.830994    
   205800.000       257.942169       261.830505    
   205820.000       257.987457       261.829987    
   205840.000       258.032898       261.829498    
   205860.000       258.078522       261.828979    
   205880.000       258.124329       261.828491    
   205900.000       258.170197       261.827972    
   205920.000       258.216217       261.827454    
   205940.000       258.262451       261.826965    
   205960.000       258.308807       261.826447    
   205980.000       258.355255       261.825958    
   206000.000       258.401917       261.825439    
   206020.000       258.448608       261.824951    
   206040.000       258.495514       261.824432    
   206060.000       258.542572       261.823944    
   206080.000       258.589661       261.823425    
   206100.000       258.636932       261.822937    
   206120.000       258.684357       261.822418    
   206140.000       258.731934       261.821930    
   206160.000       258.779510       261.821411    
   206180.000       258.827240       261.820892    
   206200.000       258.875153       261.820404    
   206220.000       258.923157       261.819885    
   206240.000       258.971283       261.819397    
   206260.000       259.019501       261.818878    
   206280.000       259.067810       261.818390    
   206300.000       259.116272       261.817871    
   206320.000       259.164886       261.817383    
   206340.000       259.213501       261.816864    
   206360.000       259.262238       261.816376    
   206380.000       259.311157       261.815857    
   206400.000       259.360107       261.815369    
   206420.000       259.409119       261.814850    
   206440.000       259.458252       261.814362    
   206460.000       259.507568       261.813843    
   206480.000       259.556854       261.813324    
   206500.000       259.606262       261.812836    
   206520.000       259.655792       261.812317    
   206540.000       259.705444       261.811829    
   206560.000       259.755066       261.811310    
   206580.000       259.804871       261.810822    
   206600.000       259.854645       261.810303    
   206620.000       259.904602       261.809814    
   206640.000       259.954620       261.809296    
   206660.000       260.004669       261.808807    
   206680.000       260.054749       261.808289    
   206700.000       260.105011       261.807800    
   206720.000       260.155304       261.807281    
   206740.000       260.205566       261.806763    
   206760.000       260.255951       261.806274    
   206780.000       260.306458       261.805756    
   206800.000       260.357025       261.805267    
   206820.000       260.407532       261.804749    
   206840.000       260.458221       261.804260    
   206860.000       260.508881       261.803741    
   206880.000       260.559662       261.803253    
   206900.000       260.610443       261.802734    
   206920.000       260.661255       261.802246    
   206940.000       260.712097       261.801727    
   206960.000       260.763123       261.801239    
   206980.000       260.814056       261.800720    
   207000.000       260.865021       261.800232    
   207020.000       260.916016       261.799713    
   207040.000       260.967163       261.799194    
   207060.000       261.018250       261.798706    
   207080.000       261.069336       261.798187    
   207100.000       261.120544       261.797699    
   207120.000       261.171753       261.797180    
   207140.000       261.222961       261.796692    
   207160.000       261.274231       261.796173    
   207180.000       261.325470       261.795685    
   207200.000       261.376740       261.795166    
   207220.000       261.428070       261.794678    
   207240.000       261.479340       261.794159    
   207260.000       261.530640       261.793671    
   207280.000       261.582001       261.793152    
   207300.000       261.633362       261.792633    
   207320.000       261.684692       261.792145    
   207340.000       261.735992       261.791626    
   207360.000       261.787384       261.791138    
   207380.000       261.838776       261.790619    
   207400.000       261.890106       261.790131    
   207420.000       261.941467       261.789612    
   207440.000       261.992798       261.789124    
   207460.000       262.044159       261.788605    
   207480.000       262.095520       261.788116    
   207500.000       262.146759       261.787598    
   207520.000       262.198059       261.787109    
   207540.000       262.249420       261.786591    
   207560.000       262.300659       261.786102    
   207580.000       262.351837       261.785583    
   207600.000       262.403015       261.785065    
   207620.000       262.454346       261.784576    
   207640.000       262.505463       261.784058    
   207660.000       262.556580       261.783569    
   207680.000       262.607697       261.783051    
   207700.000       262.658844       261.782562    
   207720.000       262.709808       261.782043    
   207740.000       262.760864       261.781555    
   207760.000       262.811798       261.781036    
   207780.000       262.862762       261.780548    
   207800.000       262.913666       261.780029    
   207820.000       262.964508       261.779541    
   207840.000       263.015228       261.779022    
   207860.000       263.066010       261.778503    
   207880.000       263.116730       261.778015    
   207900.000       263.167328       261.777496    
   207920.000       263.217896       261.777008    
   207940.000       263.268433       261.776489    
   207960.000       263.318939       261.776001    
   207980.000       263.369324       261.775482    
   208000.000       263.419708       261.774994    
   208020.000       263.469940       261.774475    
   208040.000       263.520203       261.773987    
   208060.000       263.570374       261.773468    
   208080.000       263.620422       261.772980    
   208100.000       263.670380       261.772461    
   208120.000       263.720337       261.771973    
   208140.000       263.770203       261.771454    
   208160.000       263.819946       261.770935    
   208180.000       263.869598       261.770447    
   208200.000       263.919220       261.769928    
   208220.000       263.968811       261.769440    
   208240.000       264.018188       261.768921    
   208260.000       264.067596       261.768433    
   208280.000       264.116821       261.767914    
   208300.000       264.165985       261.767426    
   208320.000       264.215088       261.766907    
   208340.000       264.264038       261.766418    
   208360.000       264.312866       261.765900    
   208380.000       264.361755       261.765411    
   208400.000       264.410370       261.764893    
   208420.000       264.458893       261.764374    
   208440.000       264.507324       261.763885    
   208460.000       264.555756       261.763367    
   208480.000       264.603973       261.762878    
   208500.000       264.652069       261.762360    
   208520.000       264.700104       261.761871    
   208540.000       264.748047       261.761353    
   208560.000       264.795807       261.760864    
   208580.000       264.843475       261.760345    
   208600.000       264.890991       261.759857    
   208620.000       264.938446       261.759338    
   208640.000       264.985748       261.758850    
   208660.000       265.032898       261.758331    
   208680.000       265.079895       261.757843    
   208700.000       265.126801       261.757324    
   208720.000       265.173615       261.756805    
   208740.000       265.220215       261.756317    
   208760.000       265.266663       261.755798    
   208780.000       265.313080       261.755310    
   208800.000       265.359283       261.754791    
   208820.000       265.405365       261.754303    
   208840.000       265.451294       261.753784    
   208860.000       265.497070       261.753296    
   208880.000       265.542725       261.752777    
   208900.000       265.588257       261.752289    
   208920.000       265.633575       261.751770    
   208940.000       265.678711       261.751282    
   208960.000       265.723846       261.750763    
   208980.000       265.768646       261.750244    
   209000.000       265.813354       261.749756    
   209020.000       265.857849       261.749237    
   209040.000       265.902344       261.748749    
   209060.000       265.946533       261.748230    
   209080.000       265.990570       261.747742    
   209100.000       266.034485       261.747223    
   209120.000       266.078247       261.746735    
   209140.000       266.121765       261.746216    
   209160.000       266.165192       261.745728    
   209180.000       266.208344       261.745209    
   209200.000       266.251434       261.744720    
   209220.000       266.294281       261.744202    
   209240.000       266.336945       261.743713    
   209260.000       266.379395       261.743195    
   209280.000       266.421722       261.742676    
   209300.000       266.463867       261.742188    
   209320.000       266.505768       261.741669    
   209340.000       266.547516       261.741180    
   209360.000       266.589081       261.740662    
   209380.000       266.630493       261.740173    
   209400.000       266.671600       261.739655    
   209420.000       266.712646       261.739166    
   209440.000       266.753387       261.738647    
   209460.000       266.794006       261.738159    
   209480.000       266.834412       261.737640    
   209500.000       266.874573       261.737152    
   209520.000       266.914520       261.736633    
   209540.000       266.954315       261.736115    
   209560.000       266.993927       261.735626    
   209580.000       267.033234       261.735107    
   209600.000       267.072388       261.734619    
   209620.000       267.111359       261.734100    
   209640.000       267.150116       261.733612    
   209660.000       267.188599       261.733093    
   209680.000       267.226929       261.732605    
   209700.000       267.265045       261.732086    
   209720.000       267.302887       261.731598    
   209740.000       267.340546       261.731079    
   209760.000       267.377960       261.730591    
   209780.000       267.415161       261.730072    
   209800.000       267.452179       261.729584    
   209820.000       267.488892       261.729065    
   209840.000       267.525391       261.728546    
   209860.000       267.561707       261.728058    
   209880.000       267.597778       261.727539    
   209900.000       267.633606       261.727051    
   209920.000       267.669189       261.726532    
   209940.000       267.704590       261.726044    
   209960.000       267.739716       261.725525    
   209980.000       267.774628       261.725037    
   210000.000       267.809265       261.724518    
   210020.000       267.843689       261.724030    
   210040.000       267.877869       261.723511    
   210060.000       267.911835       261.723022    
   210080.000       267.945465       261.722504    
   210100.000       267.978882       261.721985    
   210120.000       268.012085       261.721497    
   210140.000       268.045074       261.720978    
   210160.000       268.077728       261.720490    
   210180.000       268.110138       261.719971    
   210200.000       268.142395       261.719482    
   210220.000       268.174316       261.718964    
   210240.000       268.205994       261.718475    
   210260.000       268.237427       261.717957    
   210280.000       268.268616       261.717468    
   210300.000       268.299500       261.716949    
   210320.000       268.330200       261.716461    
   210340.000       268.360535       261.715942    
   210360.000       268.390686       261.715454    
   210380.000       268.420563       261.714935    
   210400.000       268.450134       261.714417    
   210420.000       268.479462       261.713928    
   210440.000       268.508514       261.713409    
   210460.000       268.537384       261.712921    
   210480.000       268.565887       261.712402    
   210500.000       268.594116       261.711914    
   210520.000       268.622101       261.711395    
   210540.000       268.649872       261.710907    
   210560.000       268.677277       261.710388    
   210580.000       268.704468       261.709900    
   210600.000       268.731323       261.709381    
   210620.000       268.757996       261.708893    
   210640.000       268.784302       261.708374    
   210660.000       268.810333       261.707855    
   210680.000       268.836090       261.707367    
   210700.000       268.861603       261.706848    
   210720.000       268.886810       261.706360    
   210740.000       268.911713       261.705841    
   210760.000       268.936371       261.705353    
   210780.000       268.960724       261.704834    
   210800.000       268.984802       261.704346    
   210820.000       269.008575       261.703827    
   210840.000       269.032074       261.703339    
   210860.000       269.055267       261.702820    
   210880.000       269.078217       261.702332    
   210900.000       269.100830       261.701813    
   210920.000       269.123169       261.701324    
   210940.000       269.145203       261.700806    
   210960.000       269.166931       261.700287    
   210980.000       269.188385       261.699768    
   211000.000       269.209473       261.699219    
   211020.000       269.230286       261.698669    
   211040.000       269.250824       261.698120    
   211060.000       269.271027       261.697571    
   211080.000       269.290955       261.697052    
   211100.000       269.310608       261.696503    
   211120.000       269.329926       261.695953    
   211140.000       269.348907       261.695404    
   211160.000       269.367645       261.694855    
   211180.000       269.386047       261.694305    
   211200.000       269.404175       261.693756    
   211220.000       269.421967       261.693207    
   211240.000       269.439453       261.692657    
   211260.000       269.456665       261.692108    
   211280.000       269.473541       261.691559    
   211300.000       269.490112       261.691010    
   211320.000       269.506378       261.690460    
   211340.000       269.522339       261.689911    
   211360.000       269.537994       261.689362    
   211380.000       269.553345       261.688812    
   211400.000       269.568390       261.688263    
   211420.000       269.583099       261.687714    
   211440.000       269.597504       261.687164    
   211460.000       269.611603       261.686615    
   211480.000       269.625397       261.686066    
   211500.000       269.638855       261.685516    
   211520.000       269.652008       261.684967    
   211540.000       269.664856       261.684418    
   211560.000       269.677399       261.683868    
   211580.000       269.689606       261.683319    
   211600.000       269.701508       261.682770    
   211620.000       269.713074       261.682220    
   211640.000       269.724365       261.681671    
   211660.000       269.735291       261.681122    
   211680.000       269.745941       261.680573    
   211700.000       269.756226       261.680023    
   211720.000       269.766235       261.679474    
   211740.000       269.775909       261.678925    
   211760.000       269.785248       261.678375    
   211780.000       269.794281       261.677826    
   211800.000       269.802979       261.677277    
   211820.000       269.811401       261.676758    
   211840.000       269.819458       261.676208    
   211860.000       269.827209       261.675659    
   211880.000       269.834656       261.675110    
   211900.000       269.841766       261.674561    
   211920.000       269.848511       261.674011    
   211940.000       269.854980       261.673462    
   211960.000       269.861145       261.672913    
   211980.000       269.866943       261.672363    
   212000.000       269.872437       261.671814    
   212020.000       269.877594       261.671265    
   212040.000       269.882446       261.670715    
   212060.000       269.886963       261.670166    
   212080.000       269.891144       261.669617    
   212100.000       269.895020       261.669067    
   212120.000       269.898560       261.668518    
   212140.000       269.901794       261.667969    
   212160.000       269.904663       261.667419    
   212180.000       269.907227       261.666870    
   212200.000       269.909454       261.666321    
   212220.000       269.911377       261.665771    
   212240.000       269.912994       261.665222    
   212260.000       269.914246       261.664673    
   212280.000       269.915161       261.664124    
   212300.000       269.915802       261.663574    
   212320.000       269.916077       261.663025    
   212340.000       269.916046       261.662476    
   212360.000       269.915710       261.661926    
   212380.000       269.915009       261.661377    
   212400.000       269.913971       261.660828    
   212420.000       269.912659       261.660278    
   212440.000       269.910980       261.659729    
   212460.000       269.908997       261.659180    
   212480.000       269.906647       261.658630    
   212500.000       269.904022       261.658081    
   212520.000       269.901062       261.657532    
   212540.000       269.897766       261.656982    
   212560.000       269.894165       261.656464    
   212580.000       269.890228       261.655914    
   212600.000       269.885956       261.655365    
   212620.000       269.881348       261.654816    
   212640.000       269.876465       261.654266    
   212660.000       269.871185       261.653717    
   212680.000       269.865631       261.653168    
   212700.000       269.859741       261.652618    
   212720.000       269.853516       261.652069    
   212740.000       269.846985       261.651520    
   212760.000       269.840118       261.650970    
   212780.000       269.832947       261.650421    
   212800.000       269.825409       261.649872    
   212820.000       269.817596       261.649323    
   212840.000       269.809448       261.648773    
   212860.000       269.800964       261.648224    
   212880.000       269.792175       261.647675    
   212900.000       269.783020       261.647125    
   212920.000       269.773590       261.646576    
   212940.000       269.763855       261.646027    
   212960.000       269.753754       261.645477    
   212980.000       269.743347       261.644928    
   213000.000       269.732605       261.644379    
   213020.000       269.721588       261.643829    
   213040.000       269.710205       261.643280    
   213060.000       269.698517       261.642731    
   213080.000       269.686523       261.642181    
   213100.000       269.674225       261.641632    
   213120.000       269.661591       261.641083    
   213140.000       269.648651       261.640533    
   213160.000       269.635376       261.639984    
   213180.000       269.621765       261.639435    
   213200.000       269.607880       261.638885    
   213220.000       269.593689       261.638336    
   213240.000       269.579132       261.637787    
   213260.000       269.564331       261.637238    
   213280.000       269.549194       261.636719    
   213300.000       269.533722       261.636169    
   213320.000       269.517944       261.635620    
   213340.000       269.501892       261.635071    
   213360.000       269.485474       261.634521    
   213380.000       269.468750       261.633972    
   213400.000       269.451721       261.633423    
   213420.000       269.434418       261.632874    
   213440.000       269.416779       261.632324    
   213460.000       269.398834       261.631775    
   213480.000       269.380615       261.631226    
   213500.000       269.362030       261.630676    
   213520.000       269.343201       261.630127    
   213540.000       269.324005       261.629578    
   213560.000       269.304565       261.629028    
   213580.000       269.284790       261.628479    
   213600.000       269.264740       261.627930    
   213620.000       269.244354       261.627380    
   213640.000       269.223663       261.626831    
   213660.000       269.202698       261.626282    
   213680.000       269.181427       261.625732    
   213700.000       269.159851       261.625183    
   213720.000       269.137970       261.624634    
   213740.000       269.115814       261.624084    
   213760.000       269.093353       261.623535    
   213780.000       269.070618       261.622986    
   213800.000       269.047546       261.622437    
   213820.000       269.024200       261.621887    
   213840.000       269.000580       261.621338    
   213860.000       268.976654       261.620789    
   213880.000       268.952393       261.620239    
   213900.000       268.927887       261.619690    
   213920.000       268.903137       261.619141    
   213940.000       268.878021       261.618591    
   213960.000       268.852631       261.618042    
   213980.000       268.826996       261.617493    
   214000.000       268.801056       261.616943    
   214020.000       268.774902       261.616425    
   214040.000       268.748383       261.615875    
   214060.000       268.721588       261.615326    
   214080.000       268.694489       261.614777    
   214100.000       268.667175       261.614227    
   214120.000       268.639557       261.613678    
   214140.000       268.611633       261.613129    
   214160.000       268.583466       261.612579    
   214180.000       268.555023       261.612030    
   214200.000       268.526276       261.611481    
   214220.000       268.497284       261.610931    
   214240.000       268.468018       261.610382    
   214260.000       268.438446       261.609833    
   214280.000       268.408661       261.609283    
   214300.000       268.378540       261.608734    
   214320.000       268.348175       261.608185    
   214340.000       268.317596       261.607635    
   214360.000       268.286713       261.607086    
   214380.000       268.255585       261.606537    
   214400.000       268.224121       261.605988    
   214420.000       268.192505       261.605438    
   214440.000       268.160583       261.604889    
   214460.000       268.128326       261.604340    
   214480.000       268.095947       261.603790    
   214500.000       268.063232       261.603241    
   214520.000       268.030243       261.602692    
   214540.000       267.997040       261.602142    
   214560.000       267.963593       261.601593    
   214580.000       267.929871       261.601044    
   214600.000       267.895935       261.600494    
   214620.000       267.861694       261.599945    
   214640.000       267.827271       261.599396    
   214660.000       267.792542       261.598846    
   214680.000       267.757629       261.598297    
   214700.000       267.722382       261.597748    
   214720.000       267.686951       261.597198    
   214740.000       267.651306       261.596649    
   214760.000       267.615417       261.596130    
   214780.000       267.579254       261.595581    
   214800.000       267.542877       261.595032    
   214820.000       267.506256       261.594482    
   214840.000       267.469391       261.593933    
   214860.000       267.432312       261.593384    
   214880.000       267.394989       261.592834    
   214900.000       267.357452       261.592285    
   214920.000       267.319672       261.591736    
   214940.000       267.281677       261.591187    
   214960.000       267.243439       261.590637    
   214980.000       267.204956       261.590088    
   215000.000       267.166321       261.589539    
   215020.000       267.127472       261.588989    
   215040.000       267.088287       261.588440    
   215060.000       267.048981       261.587891    
   215080.000       267.009460       261.587341    
   215100.000       266.969696       261.586792    
   215120.000       266.929688       261.586243    
   215140.000       266.889557       261.585693    
   215160.000       266.849152       261.585144    
   215180.000       266.808563       261.584595    
   215200.000       266.767761       261.584045    
   215220.000       266.726746       261.583496    
   215240.000       266.685547       261.582947    
   215260.000       266.644135       261.582397    
   215280.000       266.602509       261.581848    
   215300.000       266.560669       261.581299    
   215320.000       266.518707       261.580750    
   215340.000       266.476532       261.580200    
   215360.000       266.434113       261.579651    
   215380.000       266.391510       261.579102    
   215400.000       266.348755       261.578552    
   215420.000       266.305756       261.578003    
   215440.000       266.262634       261.577454    
   215460.000       266.219269       261.576904    
   215480.000       266.175812       261.576385    
   215500.000       266.132080       261.575836    
   215520.000       266.088226       261.575287    
   215540.000       266.044159       261.574738    
   215560.000       265.999878       261.574188    
   215580.000       265.955505       261.573639    
   215600.000       265.910950       261.573090    
   215620.000       265.866180       261.572540    
   215640.000       265.821228       261.571991    
   215660.000       265.776184       261.571442    
   215680.000       265.730896       261.570892    
   215700.000       265.685486       261.570343    
   215720.000       265.639862       261.569794    
   215740.000       265.594177       261.569244    
   215760.000       265.548218       261.568695    
   215780.000       265.502197       261.568146    
   215800.000       265.455963       261.567596    
   215820.000       265.409576       261.567047    
   215840.000       265.363068       261.566498    
   215860.000       265.316437       261.565948    
   215880.000       265.269531       261.565399    
   215900.000       265.222595       261.564850    
   215920.000       265.175537       261.564301    
   215940.000       265.128235       261.563751    
   215960.000       265.080811       261.563202    
   215980.000       265.033325       261.562653    
   216000.000       264.985626       261.562103    
   216020.000       264.937866       261.561554    
   216040.000       264.889893       261.561005    
   216060.000       264.841827       261.560455    
   216080.000       264.793640       261.559906    
   216100.000       264.745331       261.559357    
   216120.000       264.696838       261.558807    
   216140.000       264.648254       261.558258    
   216160.000       264.599609       261.557709    
   216180.000       264.550781       261.557159    
   216200.000       264.501831       261.556610    
   216220.000       264.452759       261.556091    
   216240.000       264.403656       261.555542    
   216260.000       264.354340       261.554993    
   216280.000       264.304993       261.554443    
   216300.000       264.255463       261.553894    
   216320.000       264.205902       261.553345    
   216340.000       264.156158       261.552795    
   216360.000       264.106354       261.552246    
   216380.000       264.056427       261.551697    
   216400.000       264.006378       261.551147    
   216420.000       263.956329       261.550598    
   216440.000       263.906158       261.550049    
   216460.000       263.855774       261.549500    
   216480.000       263.805420       261.548950    
   216500.000       263.754944       261.548401    
   216520.000       263.704346       261.547852    
   216540.000       263.653687       261.547302    
   216560.000       263.602997       261.546753    
   216580.000       263.552216       261.546204    
   216600.000       263.501282       261.545654    
   216620.000       263.450287       261.545105    
   216640.000       263.399292       261.544556    
   216660.000       263.348114       261.544006    
   216680.000       263.296967       261.543457    
   216700.000       263.245697       261.542908    
   216720.000       263.194336       261.542358    
   216740.000       263.142975       261.541809    
   216760.000       263.091553       261.541260    
   216780.000       263.040009       261.540710    
   216800.000       262.988403       261.540161    
   216820.000       262.936798       261.539612    
   216840.000       262.885071       261.539062    
   216860.000       262.833374       261.538513    
   216880.000       262.781555       261.537964    
   216900.000       262.729736       261.537415    
   216920.000       262.677826       261.536865    
   216940.000       262.625916       261.536316    
   216960.000       262.573944       261.535797    
   216980.000       262.521912       261.535248    
   217000.000       262.469910       261.534698    
   217020.000       262.417816       261.534149    
   217040.000       262.365601       261.533600    
   217060.000       262.313477       261.533051    
   217080.000       262.261353       261.532501    
   217100.000       262.209076       261.531952    
   217120.000       262.156799       261.531403    
   217140.000       262.104584       261.530853    
   217160.000       262.052307       261.530304    
   217180.000       261.999969       261.529755    
   217200.000       261.947601       261.529205    
   217220.000       261.895294       261.528656    
   217240.000       261.842896       261.528107    
   217260.000       261.790558       261.527557    
   217280.000       261.738129       261.527008    
   217300.000       261.685699       261.526459    
   217320.000       261.633331       261.525909    
   217340.000       261.580963       261.525360    
   217360.000       261.528534       261.524811    
   217380.000       261.476074       261.524261    
   217400.000       261.423706       261.523712    
   217420.000       261.371277       261.523163    
   217440.000       261.318939       261.522614    
   217460.000       261.266510       261.522064    
   217480.000       261.214172       261.521515    
   217500.000       261.161743       261.520966    
   217520.000       261.109467       261.520416    
   217540.000       261.057098       261.519867    
   217560.000       261.004761       261.519318    
   217580.000       260.952484       261.518768    
   217600.000       260.900238       261.518219    
   217620.000       260.847961       261.517670    
   217640.000       260.795715       261.517120    
   217660.000       260.743530       261.516571    
   217680.000       260.691376       261.516052    
   217700.000       260.639282       261.515503    
   217720.000       260.587128       261.514954    
   217740.000       260.535126       261.514404    
   217760.000       260.483093       261.513855    
   217780.000       260.431122       261.513306    
   217800.000       260.379150       261.512756    
   217820.000       260.327240       261.512207    
   217840.000       260.275421       261.511658    
   217860.000       260.223633       261.511108    
   217880.000       260.171844       261.510559    
   217900.000       260.120148       261.510010    
   217920.000       260.068542       261.509460    
   217940.000       260.016937       261.508911    
   217960.000       259.965393       261.508362    
   217980.000       259.913940       261.507812    
   218000.000       259.862579       261.507263    
   218020.000       259.811218       261.506714    
   218040.000       259.759949       261.506165    
   218060.000       259.708771       261.505615    
   218080.000       259.657593       261.505066    
   218100.000       259.606598       261.504517    
   218120.000       259.555573       261.503967    
   218140.000       259.504639       261.503418    
   218160.000       259.453827       261.502869    
   218180.000       259.403137       261.502319    
   218200.000       259.352417       261.501770    
   218220.000       259.301819       261.501221    
   218240.000       259.251373       261.500671    
   218260.000       259.200958       261.500122    
   218280.000       259.150665       261.499573    
   218300.000       259.100403       261.499023    
   218320.000       259.050323       261.498474    
   218340.000       259.000275       261.497925    
   218360.000       258.950378       261.497375    
   218380.000       258.900543       261.496826    
   218400.000       258.850800       261.496277    
   218420.000       258.801239       261.495758    
   218440.000       258.751740       261.495209    
   218460.000       258.702240       261.494659    
   218480.000       258.652985       261.494110    
   218500.000       258.603821       261.493561    
   218520.000       258.554749       261.493011    
   218540.000       258.505768       261.492462    
   218560.000       258.456940       261.491913    
   218580.000       258.408264       261.491364    
   218600.000       258.359650       261.490814    
   218620.000       258.311157       261.490265    
   218640.000       258.262848       261.489716    
   218660.000       258.214600       261.489166    
   218680.000       258.166534       261.488617    
   218700.000       258.118530       261.488068    
   218720.000       258.070709       261.487518    
   218740.000       258.023041       261.486969    
   218760.000       257.975525       261.486420    
   218780.000       257.928101       261.485870    
   218800.000       257.880768       261.485321    
   218820.000       257.833679       261.484772    
   218840.000       257.786713       261.484222    
   218860.000       257.739868       261.483673    
   218880.000       257.693146       261.483124    
   218900.000       257.646606       261.482574    
   218920.000       257.600220       261.482025    
   218940.000       257.554016       261.481476    
   218960.000       257.507904       261.480927    
   218980.000       257.461945       261.480377    
   219000.000       257.416199       261.479828    
   219020.000       257.370636       261.479279    
   219040.000       257.325104       261.478729    
   219060.000       257.279846       261.478180    
   219080.000       257.234741       261.477631    
   219100.000       257.189789       261.477081    
   219120.000       257.144989       261.476532    
   219140.000       257.100403       261.475983    
   219160.000       257.056030       261.475464    
   219180.000       257.011749       261.474915    
   219200.000       256.967621       261.474365    
   219220.000       256.923767       261.473816    
   219240.000       256.880005       261.473267    
   219260.000       256.836517       261.472748    
   219280.000       256.793152       261.472198    
   219300.000       256.749939       261.471649    
   219320.000       256.707001       261.471130    
   219340.000       256.664246       261.470581    
   219360.000       256.621582       261.470032    
   219380.000       256.579163       261.469482    
   219400.000       256.536987       261.468964    
   219420.000       256.494965       261.468414    
   219440.000       256.453094       261.467865    
   219460.000       256.411499       261.467346    
   219480.000       256.370056       261.466797    
   219500.000       256.328796       261.466248    
   219520.000       256.287781       261.465698    
   219540.000       256.246979       261.465179    
   219560.000       256.206299       261.464630    
   219580.000       256.165924       261.464081    
   219600.000       256.125763       261.463562    
   219620.000       256.085754       261.463013    
   219640.000       256.045959       261.462463    
   219660.000       256.006378       261.461914    
   219680.000       255.967102       261.461395    
   219700.000       255.927933       261.460846    
   219720.000       255.888992       261.460297    
   219740.000       255.850327       261.459747    
   219760.000       255.811844       261.459229    
   219780.000       255.773621       261.458679    
   219800.000       255.735550       261.458130    
   219820.000       255.697754       261.457611    
   219840.000       255.660202       261.457062    
   219860.000       255.622879       261.456512    
   219880.000       255.585693       261.455963    
   219900.000       255.548859       261.455444    
   219920.000       255.512222       261.454895    
   219940.000       255.475784       261.454346    
   219960.000       255.439606       261.453827    
   219980.000       255.403687       261.453278    
   220000.000       255.367996       261.452728    
   220020.000       255.332489       261.452179    
   220040.000       255.297287       261.451660    
   220060.000       255.262344       261.451111    
   220080.000       255.227585       261.450562    
   220100.000       255.193130       261.450043    
   220120.000       255.158875       261.449493    
   220140.000       255.124847       261.448944    
   220160.000       255.091125       261.448395    
   220180.000       255.057678       261.447876    
   220200.000       255.024414       261.447327    
   220220.000       254.991409       261.446777    
   220240.000       254.958710       261.446259    
   220260.000       254.926270       261.445709    
   220280.000       254.893997       261.445160    
   220300.000       254.862030       261.444611    
   220320.000       254.830383       261.444092    
   220340.000       254.798920       261.443542    
   220360.000       254.767746       261.442993    
   220380.000       254.736801       261.442444    
   220400.000       254.706177       261.441925    
   220420.000       254.675812       261.441376    
   220440.000       254.645706       261.440826    
   220460.000       254.615829       261.440308    
   220480.000       254.586273       261.439758    
   220500.000       254.556976       261.439209    
   220520.000       254.527954       261.438660    
   220540.000       254.499176       261.438141    
   220560.000       254.470688       261.437592    
   220580.000       254.442490       261.437042    
   220600.000       254.414566       261.436523    
   220620.000       254.386887       261.435974    
   220640.000       254.359497       261.435425    
   220660.000       254.332382       261.434875    
   220680.000       254.305618       261.434357    
   220700.000       254.279053       261.433807    
   220720.000       254.252777       261.433258    
   220740.000       254.226837       261.432739    
   220760.000       254.201157       261.432190    
   220780.000       254.175735       261.431641    
   220800.000       254.150604       261.431091    
   220820.000       254.125809       261.430573    
   220840.000       254.101273       261.430023    
   220860.000       254.077011       261.429474    
   220880.000       254.053040       261.428955    
   220900.000       254.029373       261.428406    
   220920.000       254.005997       261.427856    
   220940.000       253.982910       261.427307    
   220960.000       253.960114       261.426788    
   220980.000       253.937607       261.426239    
   221000.000       253.915421       261.425690    
   221020.000       253.893524       261.425140    
   221040.000       253.871918       261.424622    
   221060.000       253.850601       261.424072    
   221080.000       253.829590       261.423523    
   221100.000       253.808929       261.423004    
   221120.000       253.788467       261.422455    
   221140.000       253.768372       261.421906    
   221160.000       253.748566       261.421356    
   221180.000       253.729080       261.420837    
   221200.000       253.709869       261.420288    
   221220.000       253.690964       261.419739    
   221240.000       253.672394       261.419220    
   221260.000       253.654114       261.418671    
   221280.000       253.636124       261.418121    
   221300.000       253.618439       261.417572    
   221320.000       253.601105       261.417053    
   221340.000       253.584061       261.416504    
   221360.000       253.567291       261.415955    
   221380.000       253.550873       261.415436    
   221400.000       253.534744       261.414886    
   221420.000       253.518951       261.414337    
   221440.000       253.503433       261.413788    
   221460.000       253.488266       261.413269    
   221480.000       253.473373       261.412720    
   221500.000       253.458786       261.412170    
   221520.000       253.444580       261.411652    
   221540.000       253.430634       261.411102    
   221560.000       253.417007       261.410553    
   221580.000       253.403702       261.410004    
   221600.000       253.390762       261.409485    
   221620.000       253.378067       261.408936    
   221640.000       253.365692       261.408386    
   221660.000       253.353668       261.407837    
   221680.000       253.341965       261.407318    
   221700.000       253.330551       261.406769    
   221720.000       253.319458       261.406219    
   221740.000       253.308716       261.405701    
   221760.000       253.298279       261.405151    
   221780.000       253.288147       261.404602    
   221800.000       253.278320       261.404053    
   221820.000       253.268860       261.403534    
   221840.000       253.259720       261.402985    
   221860.000       253.250870       261.402435    
   221880.000       253.242340       261.401917    
   221900.000       253.234161       261.401367    
   221920.000       253.226288       261.400818    
   221940.000       253.218719       261.400269    
   221960.000       253.211517       261.399750    
   221980.000       253.204590       261.399200    
   222000.000       253.198029       261.398651    
   222020.000       253.191788       261.398132    
   222040.000       253.185852       261.397583    
   222060.000       253.180252       261.397034    
   222080.000       253.174957       261.396484    
   222100.000       253.169998       261.395966    
   222120.000       253.165359       261.395416    
   222140.000       253.161041       261.394867    
   222160.000       253.157074       261.394348    
   222180.000       253.153427       261.393799    
   222200.000       253.150085       261.393250    
   222220.000       253.147064       261.392700    
   222240.000       253.144409       261.392181    
   222260.000       253.142044       261.391632    
   222280.000       253.140015       261.391083    
   222300.000       253.138306       261.390533    
   222320.000       253.136948       261.390015    
   222340.000       253.135880       261.389465    
   222360.000       253.135132       261.388916    
   222380.000       253.134766       261.388397    
   222400.000       253.134689       261.387848    
   222420.000       253.134918       261.387299    
   222440.000       253.135483       261.386749    
   222460.000       253.136429       261.386230    
   222480.000       253.137634       261.385681    
   222500.000       253.139175       261.385132    
   222520.000       253.141052       261.384613    
   222540.000       253.143265       261.384064    
   222560.000       253.145798       261.383514    
   222580.000       253.148636       261.382965    
   222600.000       253.151840       261.382446    
   222620.000       253.155334       261.381897    
   222640.000       253.159149       261.381348    
   222660.000       253.163330       261.380829    
   222680.000       253.167801       261.380280    
   222700.000       253.172592       261.379730    
   222720.000       253.177704       261.379181    
   222740.000       253.183182       261.378662    
   222760.000       253.188950       261.378113    
   222780.000       253.195038       261.377563    
   222800.000       253.201508       261.377045    
   222820.000       253.208221       261.376495    
   222840.000       253.215271       261.375946    
   222860.000       253.222672       261.375397    
   222880.000       253.230377       261.374878    
   222900.000       253.238403       261.374329    
   222920.000       253.246765       261.373779    
   222940.000       253.255402       261.373230    
   222960.000       253.264435       261.372711    
   222980.000       253.273743       261.372162    
   223000.000       253.283356       261.371613    
   223020.000       253.293320       261.371094    
   223040.000       253.303619       261.370544    
   223060.000       253.314178       261.369995    
   223080.000       253.325073       261.369446    
   223100.000       253.336319       261.368927    
   223120.000       253.347885       261.368378    
   223140.000       253.359711       261.367828    
   223160.000       253.371902       261.367310    
   223180.000       253.384399       261.366760    
   223200.000       253.397202       261.366211    
   223220.000       253.410309       261.365662    
   223240.000       253.423767       261.365143    
   223260.000       253.437500       261.364594    
   223280.000       253.451569       261.364044    
   223300.000       253.465958       261.363525    
   223320.000       253.480637       261.362976    
   223340.000       253.495605       261.362427    
   223360.000       253.510910       261.361877    
   223380.000       253.526566       261.361359    
   223400.000       253.542496       261.360809    
   223420.000       253.558701       261.360260    
   223440.000       253.575287       261.359741    
   223460.000       253.592117       261.359192    
   223480.000       253.609253       261.358643    
   223500.000       253.626709       261.358093    
   223520.000       253.644485       261.357574    
   223540.000       253.662582       261.357025    
   223560.000       253.680939       261.356476    
   223580.000       253.699615       261.355927    
   223600.000       253.718582       261.355408    
   223620.000       253.737885       261.354858    
   223640.000       253.757477       261.354309    
   223660.000       253.777374       261.353790    
   223680.000       253.797516       261.353241    
   223700.000       253.818008       261.352692    
   223720.000       253.838776       261.352142    
   223740.000       253.859879       261.351624    
   223760.000       253.881256       261.351074    
   223780.000       253.902878       261.350525    
   223800.000       253.924881       261.350006    
   223820.000       253.947144       261.349457    
   223840.000       253.969650       261.348907    
   223860.000       253.992477       261.348358    
   223880.000       254.015671       261.347839    
   223900.000       254.039062       261.347290    
   223920.000       254.062744       261.346741    
   223940.000       254.086731       261.346222    
   223960.000       254.111069       261.345673    
   223980.000       254.135590       261.345123    
   224000.000       254.160416       261.344574    
   224020.000       254.185577       261.344055    
   224040.000       254.211014       261.343506    
   224060.000       254.236679       261.342957    
   224080.000       254.262695       261.342438    
   224100.000       254.288925       261.341888    
   224120.000       254.315460       261.341339    
   224140.000       254.342285       261.340790    
   224160.000       254.369370       261.340271    
   224180.000       254.396713       261.339722    
   224200.000       254.424377       261.339172    
   224220.000       254.452286       261.338623    
   224240.000       254.480484       261.338104    
   224260.000       254.508896       261.337555    
   224280.000       254.537628       261.337006    
   224300.000       254.566650       261.336487    
   224320.000       254.595901       261.335938    
   224340.000       254.625427       261.335388    
   224360.000       254.655182       261.334839    
   224380.000       254.685272       261.334320    
   224400.000       254.715607       261.333771    
   224420.000       254.746155       261.333221    
   224440.000       254.776993       261.332703    
   224460.000       254.808136       261.332153    
   224480.000       254.839462       261.331604    
   224500.000       254.871063       261.331055    
   224520.000       254.902908       261.330536    
   224540.000       254.935074       261.329987    
   224560.000       254.967422       261.329437    
   224580.000       255.000031       261.328918    
   224600.000       255.032928       261.328369    
   224620.000       255.066055       261.327820    
   224640.000       255.099380       261.327271    
   224660.000       255.133041       261.326752    
   224680.000       255.166870       261.326202    
   224700.000       255.201004       261.325653    
   224720.000       255.235352       261.325104    
   224740.000       255.269928       261.324585    
   224760.000       255.304718       261.324036    
   224780.000       255.339813       261.323486    
   224800.000       255.375153       261.322968    
   224820.000       255.410645       261.322418    
   224840.000       255.446381       261.321869    
   224860.000       255.482376       261.321320    
   224880.000       255.518646       261.320801    
   224900.000       255.555069       261.320251    
   224920.000       255.591766       261.319702    
   224940.000       255.628693       261.319183    
   224960.000       255.665817       261.318634    
   224980.000       255.703186       261.318085    
   225000.000       255.740738       261.317535    
   225020.000       255.778549       261.317017    
   225040.000       255.816574       261.316467    
   225060.000       255.854828       261.315918    
   225080.000       255.893280       261.315399    
   225100.000       255.931885       261.314850    
   225120.000       255.970840       261.314301    
   225140.000       256.009888       261.313751    
   225160.000       256.049194       261.313232    
   225180.000       256.088715       261.312683    
   225200.000       256.128418       261.312134    
   225220.000       256.168365       261.311615    
   225240.000       256.208496       261.311066    
   225260.000       256.248749       261.310516    
   225280.000       256.289307       261.309967    
   225300.000       256.330048       261.309448    
   225320.000       256.370941       261.308899    
   225340.000       256.412018       261.308350    
   225360.000       256.453369       261.307800    
   225380.000       256.494873       261.307281    
   225400.000       256.536560       261.306732    
   225420.000       256.578400       261.306183    
   225440.000       256.620483       261.305664    
   225460.000       256.662750       261.305115    
   225480.000       256.705109       261.304565    
   225500.000       256.747742       261.304016    
   225520.000       256.790527       261.303497    
   225540.000       256.833527       261.302948    
   225560.000       256.876678       261.302399    
   225580.000       256.920013       261.301880    
   225600.000       256.963470       261.301331    
   225620.000       257.007141       261.300781    
   225640.000       257.050995       261.300232    
   225660.000       257.094971       261.299713    
   225680.000       257.139130       261.299164    
   225700.000       257.183441       261.298615    
   225720.000       257.228027       261.298096    
   225740.000       257.272614       261.297546    
   225760.000       257.317444       261.296997    
   225780.000       257.362396       261.296448    
   225800.000       257.407562       261.295929    
   225820.000       257.452850       261.295380    
   225840.000       257.498260       261.294830    
   225860.000       257.543823       261.294312    
   225880.000       257.589569       261.293762    
   225900.000       257.635437       261.293213    
   225920.000       257.681458       261.292664    
   225940.000       257.727600       261.292145    
   225960.000       257.773956       261.291595    
   225980.000       257.820374       261.291046    
   226000.000       257.866913       261.290497    
   226020.000       257.913666       261.289978    
   226040.000       257.960541       261.289429    
   226060.000       258.007477       261.288879    
   226080.000       258.054657       261.288361    
   226100.000       258.101837       261.287811    
   226120.000       258.149231       261.287262    
   226140.000       258.196716       261.286713    
   226160.000       258.244324       261.286194    
   226180.000       258.291992       261.285645    
   226200.000       258.339874       261.285095    
   226220.000       258.387878       261.284576    
   226240.000       258.435913       261.284027    
   226260.000       258.484070       261.283478    
   226280.000       258.532379       261.282928    
   226300.000       258.580841       261.282410    
   226320.000       258.629333       261.281860    
   226340.000       258.677948       261.281311    
   226360.000       258.726685       261.280792    
   226380.000       258.775513       261.280243    
   226400.000       258.824463       261.279694    
   226420.000       258.873444       261.279144    
   226440.000       258.922546       261.278625    
   226460.000       258.971741       261.278076    
   226480.000       259.021088       261.277527    
   226500.000       259.070465       261.277008    
   226520.000       259.119904       261.276459    
   226540.000       259.169525       261.275909    
   226560.000       259.219116       261.275360    
   226580.000       259.268829       261.274841    
   226600.000       259.318665       261.274292    
   226620.000       259.368561       261.273743    
   226640.000       259.418457       261.273193    
   226660.000       259.468536       261.272675    
   226680.000       259.518616       261.272125    
   226700.000       259.568787       261.271576    
   226720.000       259.619049       261.271057    
   226740.000       259.669342       261.270508    
   226760.000       259.719666       261.269958    
   226780.000       259.770111       261.269409    
   226800.000       259.820648       261.268890    
   226820.000       259.871155       261.268341    
   226840.000       259.921722       261.267792    
   226860.000       259.972412       261.267273    
   226880.000       260.023132       261.266724    
   226900.000       260.073822       261.266174    
   226920.000       260.124634       261.265625    
   226940.000       260.175507       261.265106    
   226960.000       260.226410       261.264557    
   226980.000       260.277344       261.264008    
   227000.000       260.328278       261.263489    
   227020.000       260.379242       261.262939    
   227040.000       260.430328       261.262390    
   227060.000       260.481415       261.261841    
   227080.000       260.532471       261.261322    
   227100.000       260.583588       261.260773    
   227120.000       260.634827       261.260223    
   227140.000       260.686005       261.259705    
   227160.000       260.737152       261.259155    
   227180.000       260.788391       261.258606    
   227200.000       260.839661       261.258057    
   227220.000       260.890900       261.257538    
   227240.000       260.942200       261.256989    
   227260.000       260.993439       261.256439    
   227280.000       261.044769       261.255890    
   227300.000       261.096069       261.255371    
   227320.000       261.147369       261.254822    
   227340.000       261.198669       261.254272    
   227360.000       261.250031       261.253754    
   227380.000       261.301392       261.253204    
   227400.000       261.352631       261.252655    
   227420.000       261.403900       261.252106    
   227440.000       261.455261       261.251587    
   227460.000       261.506592       261.251038    
   227480.000       261.557831       261.250488    
   227500.000       261.609161       261.249969    
   227520.000       261.660370       261.249420    
   227540.000       261.711670       261.248871    
   227560.000       261.762909       261.248322    
   227580.000       261.814087       261.247803    
   227600.000       261.865234       261.247253    
   227620.000       261.916412       261.246704    
   227640.000       261.967590       261.246185    
   227660.000       262.018677       261.245636    
   227680.000       262.069702       261.245087    
   227700.000       262.120758       261.244537    
   227720.000       262.171814       261.244019    
   227740.000       262.222748       261.243469    
   227760.000       262.273712       261.242920    
   227780.000       262.324554       261.242371    
   227800.000       262.375427       261.241821    
   227820.000       262.426239       261.241272    
   227840.000       262.476959       261.240723    
   227860.000       262.527618       261.240143    
   227880.000       262.578278       261.239594    
   227900.000       262.628876       261.239044    
   227920.000       262.679413       261.238495    
   227940.000       262.729858       261.237946    
   227960.000       262.780365       261.237396    
   227980.000       262.830688       261.236847    
   228000.000       262.880981       261.236298    
   228020.000       262.931244       261.235748    
   228040.000       262.981445       261.235199    
   228060.000       263.031494       261.234650    
   228080.000       263.081512       261.234070    
   228100.000       263.131470       261.233521    
   228120.000       263.181366       261.232971    
   228140.000       263.231140       261.232422    
   228160.000       263.280914       261.231873    
   228180.000       263.330505       261.231323    
   228200.000       263.380096       261.230774    
   228220.000       263.429596       261.230225    
   228240.000       263.478943       261.229675    
   228260.000       263.528259       261.229126    
   228280.000       263.577484       261.228577    
   228300.000       263.626617       261.228027    
   228320.000       263.675598       261.227448    
   228340.000       263.724518       261.226898    
   228360.000       263.773315       261.226349    
   228380.000       263.822083       261.225800    
   228400.000       263.870758       261.225250    
   228420.000       263.919250       261.224701    
   228440.000       263.967621       261.224152    
   228460.000       264.015961       261.223602    
   228480.000       264.064178       261.223053    
   228500.000       264.112213       261.222504    
   228520.000       264.160156       261.221954    
   228540.000       264.208069       261.221375    
   228560.000       264.255768       261.220825    
   228580.000       264.303345       261.220276    
   228600.000       264.350891       261.219727    
   228620.000       264.398285       261.219177    
   228640.000       264.445496       261.218628    
   228660.000       264.492645       261.218079    
   228680.000       264.539612       261.217529    
   228700.000       264.586487       261.216980    
   228720.000       264.633179       261.216431    
   228740.000       264.679810       261.215881    
   228760.000       264.726196       261.215332    
   228780.000       264.772522       261.214752    
   228800.000       264.818756       261.214203    
   228820.000       264.864716       261.213654    
   228840.000       264.910583       261.213104    
   228860.000       264.956360       261.212555    
   228880.000       265.001984       261.212006    
   228900.000       265.047394       261.211456    
   228920.000       265.092712       261.210907    
   228940.000       265.137848       261.210358    
   228960.000       265.182831       261.209808    
   228980.000       265.227631       261.209259    
   229000.000       265.272308       261.208679    
   229020.000       265.316772       261.208130    
   229040.000       265.361145       261.207581    
   229060.000       265.405334       261.207031    
   229080.000       265.449341       261.206482    
   229100.000       265.493164       261.205933    
   229120.000       265.536865       261.205383    
   229140.000       265.580414       261.204834    
   229160.000       265.623718       261.204285    
   229180.000       265.666901       261.203735    
   229200.000       265.709900       261.203186    
   229220.000       265.752686       261.202637    
   229240.000       265.795319       261.202057    
   229260.000       265.837738       261.201508    
   229280.000       265.880005       261.200958    
   229300.000       265.922058       261.200409    
   229320.000       265.963989       261.199860    
   229340.000       266.005676       261.199310    
   229360.000       266.047211       261.198761    
   229380.000       266.088562       261.198212    
   229400.000       266.129639       261.197662    
   229420.000       266.170563       261.197113    
   229440.000       266.211304       261.196564    
   229460.000       266.251862       261.195984    
   229480.000       266.292175       261.195435    
   229500.000       266.332336       261.194885    
   229520.000       266.372253       261.194336    
   229540.000       266.412018       261.193787    
   229560.000       266.451508       261.193237    
   229580.000       266.490845       261.192688    
   229600.000       266.529907       261.192139    
   229620.000       266.568848       261.191589    
   229640.000       266.607544       261.191040    
   229660.000       266.645996       261.190491    
   229680.000       266.684235       261.189941    
   229700.000       266.722260       261.189362    
   229720.000       266.760101       261.188812    
   229740.000       266.797699       261.188263    
   229760.000       266.835083       261.187714    
   229780.000       266.872253       261.187164    
   229800.000       266.909180       261.186615    
   229820.000       266.945862       261.186066    
   229840.000       266.982361       261.185516    
   229860.000       267.018585       261.184967    
   229880.000       267.054657       261.184418    
   229900.000       267.090454       261.183868    
   229920.000       267.125946       261.183289    
   229940.000       267.161255       261.182739    
   229960.000       267.196411       261.182190    
   229980.000       267.231232       261.181641    
   230000.000       267.265808       261.181091    
   230020.000       267.300201       261.180542    
   230040.000       267.334351       261.179993    
   230060.000       267.368195       261.179443    
   230080.000       267.401886       261.178894    
   230100.000       267.435242       261.178345    
   230120.000       267.468414       261.177795    
   230140.000       267.501282       261.177246    
   230160.000       267.533936       261.176666    
   230180.000       267.566315       261.176117    
   230200.000       267.598480       261.175568    
   230220.000       267.630371       261.175018    
   230240.000       267.662018       261.174469    
   230260.000       267.693390       261.173920    
   230280.000       267.724518       261.173370    
   230300.000       267.755402       261.172821    
   230320.000       267.785980       261.172272    
   230340.000       267.816345       261.171722    
   230360.000       267.846405       261.171173    
   230380.000       267.876221       261.170593    
   230400.000       267.905762       261.170044    
   230420.000       267.935059       261.169495    
   230440.000       267.964050       261.168945    
   230460.000       267.992828       261.168396    
   230480.000       268.021332       261.167847    
   230500.000       268.049530       261.167297    
   230520.000       268.077454       261.166748    
   230540.000       268.105164       261.166199    
   230560.000       268.132538       261.165649    
   230580.000       268.159637       261.165100    
   230600.000       268.186493       261.164551    
   230620.000       268.213074       261.163971    
   230640.000       268.239349       261.163422    
   230660.000       268.265350       261.162872    
   230680.000       268.291046       261.162323    
   230700.000       268.316528       261.161774    
   230720.000       268.341675       261.161224    
   230740.000       268.366577       261.160675    
   230760.000       268.391144       261.160126    
   230780.000       268.415466       261.159576    
   230800.000       268.439514       261.159027    
   230820.000       268.463226       261.158478    
   230840.000       268.486633       261.157898    
   230860.000       268.509796       261.157349    
   230880.000       268.532715       261.156799    
   230900.000       268.555267       261.156250    
   230920.000       268.577545       261.155701    
   230940.000       268.599548       261.155151    
   230960.000       268.621246       261.154602    
   230980.000       268.642639       261.154053    
   231000.000       268.663757       261.153503    
   231020.000       268.684570       261.152954    
   231040.000       268.705078       261.152405    
   231060.000       268.725311       261.151855    
   231080.000       268.745178       261.151276    
   231100.000       268.764801       261.150726    
   231120.000       268.784149       261.150177    
   231140.000       268.803131       261.149628    
   231160.000       268.821869       261.149078    
   231180.000       268.840271       261.148529    
   231200.000       268.858368       261.147980    
   231220.000       268.876190       261.147430    
   231240.000       268.893677       261.146881    
   231260.000       268.910889       261.146332    
   231280.000       268.927765       261.145782    
   231300.000       268.944305       261.145203    
   231320.000       268.960602       261.144653    
   231340.000       268.976532       261.144104    
   231360.000       268.992188       261.143555    
   231380.000       269.007568       261.143005    
   231400.000       269.022583       261.142456    
   231420.000       269.037292       261.141907    
   231440.000       269.051697       261.141357    
   231460.000       269.065796       261.140808    
   231480.000       269.079590       261.140259    
   231500.000       269.093079       261.139709    
   231520.000       269.106201       261.139160    
   231540.000       269.119049       261.138580    
   231560.000       269.131561       261.138031    
   231580.000       269.143768       261.137482    
   231600.000       269.155670       261.136932    
   231620.000       269.167236       261.136383    
   231640.000       269.178528       261.135834    
   231660.000       269.189453       261.135284    
   231680.000       269.200104       261.134735    
   231700.000       269.210388       261.134186    
   231720.000       269.220398       261.133636    
   231740.000       269.230072       261.133087    
   231760.000       269.239380       261.132507    
   231780.000       269.248383       261.131958    
   231800.000       269.257141       261.131409    
   231820.000       269.265503       261.130859    
   231840.000       269.273560       261.130310    
   231860.000       269.281311       261.129761    
   231880.000       269.288727       261.129211    
   231900.000       269.295868       261.128662    
   231920.000       269.302612       261.128113    
   231940.000       269.309082       261.127563    
   231960.000       269.315247       261.127014    
   231980.000       269.321045       261.126465    
   232000.000       269.326508       261.125885    
   232020.000       269.331665       261.125336    
   232040.000       269.336517       261.124786    
   232060.000       269.341003       261.124237    
   232080.000       269.345215       261.123688    
   232100.000       269.349091       261.123138    
   232120.000       269.352631       261.122589    
   232140.000       269.355835       261.122040    
   232160.000       269.358734       261.121490    
   232180.000       269.361298       261.120941    
   232200.000       269.363525       261.120392    
   232220.000       269.365448       261.119812    
   232240.000       269.367035       261.119263    
   232260.000       269.368286       261.118713    
   232280.000       269.369202       261.118164    
   232300.000       269.369843       261.117615    
   232320.000       269.370117       261.117065    
   232340.000       269.370087       261.116516    
   232360.000       269.369751       261.115967    
   232380.000       269.369049       261.115417    
   232400.000       269.368011       261.114868    
   232420.000       269.366699       261.114319    
   232440.000       269.365021       261.113770    
   232460.000       269.363007       261.113190    
   232480.000       269.360657       261.112640    
   232500.000       269.358032       261.112091    
   232520.000       269.355072       261.111542    
   232540.000       269.351776       261.110992    
   232560.000       269.348145       261.110443    
   232580.000       269.344208       261.109894    
   232600.000       269.339935       261.109344    
   232620.000       269.335327       261.108795    
   232640.000       269.330444       261.108246    
   232660.000       269.325195       261.107697    
   232680.000       269.319580       261.107117    
   232700.000       269.313690       261.106567    
   232720.000       269.307495       261.106018    
   232740.000       269.300934       261.105469    
   232760.000       269.294067       261.104919    
   232780.000       269.286865       261.104370    
   232800.000       269.279358       261.103821    
   232820.000       269.271545       261.103271    
   232840.000       269.263397       261.102722    
   232860.000       269.254913       261.102173    
   232880.000       269.246094       261.101624    
   232900.000       269.237000       261.101074    
   232920.000       269.227509       261.100494    
   232940.000       269.217743       261.099945    
   232960.000       269.207642       261.099396    
   232980.000       269.197266       261.098846    
   233000.000       269.186523       261.098297    
   233020.000       269.175507       261.097748    
   233040.000       269.164124       261.097198    
   233060.000       269.152435       261.096649    
   233080.000       269.140442       261.096100    
   233100.000       269.128143       261.095551    
   233120.000       269.115509       261.095001    
   233140.000       269.102539       261.094421    
   233160.000       269.089264       261.093872    
   233180.000       269.075653       261.093323    
   233200.000       269.061768       261.092773    
   233220.000       269.047546       261.092224    
   233240.000       269.033051       261.091675    
   233260.000       269.018219       261.091125    
   233280.000       269.003052       261.090576    
   233300.000       268.987579       261.090027    
   233320.000       268.971802       261.089478    
   233340.000       268.955719       261.088928    
   233360.000       268.939331       261.088379    
   233380.000       268.922577       261.087799    
   233400.000       268.905548       261.087250    
   233420.000       268.888245       261.086700    
   233440.000       268.870605       261.086151    
   233460.000       268.852661       261.085602    
   233480.000       268.834412       261.085052    
   233500.000       268.815887       261.084503    
   233520.000       268.797028       261.083954    
   233540.000       268.777832       261.083405    
   233560.000       268.758392       261.082855    
   233580.000       268.738586       261.082306    
   233600.000       268.718536       261.081726    
   233620.000       268.698120       261.081177    
   233640.000       268.677460       261.080627    
   233660.000       268.656464       261.080078    
   233680.000       268.635223       261.079529    
   233700.000       268.613647       261.078979    
   233720.000       268.591766       261.078430    
   233740.000       268.569611       261.077881    
   233760.000       268.547150       261.077332    
   233780.000       268.524414       261.076782    
   233800.000       268.501343       261.076233    
   233820.000       268.477997       261.075684    
   233840.000       268.454346       261.075104    
   233860.000       268.430420       261.074554    
   233880.000       268.406189       261.074005    
   233900.000       268.381653       261.073456    
   233920.000       268.356873       261.072906    
   233940.000       268.331818       261.072357    
   233960.000       268.306396       261.071808    
   233980.000       268.280762       261.071259    
   234000.000       268.254852       261.070709    
   234020.000       268.228607       261.070160    
   234040.000       268.202087       261.069611    
   234060.000       268.175293       261.069031    
   234080.000       268.148224       261.068481    
   234100.000       268.120880       261.067932    
   234120.000       268.093231       261.067383    
   234140.000       268.065338       261.066833    
   234160.000       268.037140       261.066284    
   234180.000       268.008728       261.065735    
   234200.000       267.979980       261.065186    
   234220.000       267.950958       261.064636    
   234240.000       267.921692       261.064087    
   234260.000       267.892181       261.063538    
   234280.000       267.862335       261.062988    
   234300.000       267.832214       261.062408    
   234320.000       267.801880       261.061859    
   234340.000       267.771301       261.061310    
   234360.000       267.740387       261.060760    
   234380.000       267.709229       261.060211    
   234400.000       267.677856       261.059662    
   234420.000       267.646149       261.059113    
   234440.000       267.614258       261.058563    
   234460.000       267.582031       261.058014    
   234480.000       267.549591       261.057465    
   234500.000       267.516907       261.056915    
   234520.000       267.483948       261.056335    
   234540.000       267.450684       261.055786    
   234560.000       267.417236       261.055237    
   234580.000       267.383545       261.054688    
   234600.000       267.349548       261.054138    
   234620.000       267.315338       261.053589    
   234640.000       267.280914       261.053040    
   234660.000       267.246216       261.052490    
   234680.000       267.211243       261.051941    
   234700.000       267.176025       261.051392    
   234720.000       267.140625       261.050842    
   234740.000       267.104919       261.050293    
   234760.000       267.069000       261.049713    
   234780.000       267.032837       261.049164    
   234800.000       266.996429       261.048615    
   234820.000       266.959808       261.048065    
   234840.000       266.922974       261.047516    
   234860.000       266.885895       261.046967    
   234880.000       266.848541       261.046417    
   234900.000       266.811035       261.045868    
   234920.000       266.773254       261.045319    
   234940.000       266.735229       261.044769    
   234960.000       266.696991       261.044220    
   234980.000       266.658569       261.043640    
   235000.000       266.619873       261.043091    
   235020.000       266.580994       261.042542    
   235040.000       266.541870       261.041992    
   235060.000       266.502502       261.041443    
   235080.000       266.462982       261.040894    
   235100.000       266.423279       261.040344    
   235120.000       266.383270       261.039795    
   235140.000       266.343079       261.039246    
   235160.000       266.302734       261.038696    
   235180.000       266.262146       261.038147    
   235200.000       266.221283       261.037567    
   235220.000       266.180267       261.037018    
   235240.000       266.139069       261.036469    
   235260.000       266.097656       261.035919    
   235280.000       266.056061       261.035370    
   235300.000       266.014221       261.034821    
   235320.000       265.972198       261.034271    
   235340.000       265.930023       261.033722    
   235360.000       265.887665       261.033173    
   235380.000       265.845001       261.032623    
   235400.000       265.802246       261.032074    
   235420.000       265.759308       261.031525    
   235440.000       265.716125       261.030945    
   235460.000       265.672760       261.030396    
   235480.000       265.629272       261.029846    
   235500.000       265.585571       261.029297    
   235520.000       265.541687       261.028748    
   235540.000       265.497589       261.028198    
   235560.000       265.453400       261.027649    
   235580.000       265.408966       261.027100    
   235600.000       265.364380       261.026550    
   235620.000       265.319611       261.026001    
   235640.000       265.274658       261.025452    
   235660.000       265.229584       261.024872    
   235680.000       265.184357       261.024323    
   235700.000       265.138916       261.023773    
   235720.000       265.093292       261.023224    
   235740.000       265.047577       261.022675    
   235760.000       265.001678       261.022125    
   235780.000       264.955627       261.021576    
   235800.000       264.909363       261.021027    
   235820.000       264.863037       261.020477    
   235840.000       264.816498       261.019928    
   235860.000       264.769836       261.019379    
   235880.000       264.723022       261.018829    
   235900.000       264.675964       261.018250    
   235920.000       264.628906       261.017700    
   235940.000       264.581665       261.017151    
   235960.000       264.534210       261.016602    
   235980.000       264.486694       261.016052    
   236000.000       264.439087       261.015503    
   236020.000       264.391296       261.014954    
   236040.000       264.343262       261.014404    
   236060.000       264.295227       261.013855    
   236080.000       264.247070       261.013306    
   236100.000       264.198730       261.012756    
   236120.000       264.150208       261.012177    
   236140.000       264.101654       261.011627    
   236160.000       264.052917       261.011078    
   236180.000       264.004150       261.010529    
   236200.000       263.955170       261.009979    
   236220.000       263.906097       261.009430    
   236240.000       263.856995       261.008881    
   236260.000       263.807739       261.008331    
   236280.000       263.758301       261.007782    
   236300.000       263.708771       261.007233    
   236320.000       263.659180       261.006683    
   236340.000       263.609528       261.006134    
   236360.000       263.559662       261.005554    
   236380.000       263.509705       261.005005    
   236400.000       263.459717       261.004456    
   236420.000       263.409607       261.003906    
   236440.000       263.359436       261.003357    
   236460.000       263.309113       261.002808    
   236480.000       263.258667       261.002258    
   236500.000       263.208221       261.001709    
   236520.000       263.157715       261.001160    
   236540.000       263.106964       261.000610    
   236560.000       263.056274       261.000061    
   236580.000       263.005432       260.999481    
   236600.000       262.954590       260.998932    
   236620.000       262.903534       260.998383    
   236640.000       262.852509       260.997833    
   236660.000       262.801422       260.997284    
   236680.000       262.750214       260.996735    
   236700.000       262.698944       260.996185    
   236720.000       262.647644       260.995636    
   236740.000       262.596222       260.995087    
   236760.000       262.544769       260.994507    
   236780.000       262.493164       260.993896    
   236800.000       262.441498       260.993256    
   236820.000       262.389771       260.992615    
   236840.000       262.338043       260.991974    
   236860.000       262.286194       260.991333    
   236880.000       262.234283       260.990723    
   236900.000       262.182404       260.990082    
   236920.000       262.130432       260.989441    
   236940.000       262.078400       260.988800    
   236960.000       262.026306       260.988159    
   236980.000       261.974213       260.987518    
   237000.000       261.922089       260.986908    
   237020.000       261.869934       260.986267    
   237040.000       261.817657       260.985626    
   237060.000       261.765411       260.984985    
   237080.000       261.713135       260.984344    
   237100.000       261.660889       260.983734    
   237120.000       261.608521       260.983093    
   237140.000       261.556152       260.982452    
   237160.000       261.503784       260.981812    
   237180.000       261.451416       260.981171    
   237200.000       261.398987       260.980560    
   237220.000       261.346527       260.979919    
   237240.000       261.294098       260.979279    
   237260.000       261.241608       260.978638    
   237280.000       261.189148       260.977997    
   237300.000       261.136688       260.977386    
   237320.000       261.084167       260.976746    
   237340.000       261.031677       260.976105    
   237360.000       260.979218       260.975464    
   237380.000       260.926636       260.974823    
   237400.000       260.874176       260.974182    
   237420.000       260.821747       260.973572    
   237440.000       260.769287       260.972931    
   237460.000       260.716736       260.972290    
   237480.000       260.664276       260.971649    
   237500.000       260.611847       260.971008    
   237520.000       260.559418       260.970398    
   237540.000       260.506927       260.969757    
   237560.000       260.454590       260.969116    
   237580.000       260.402161       260.968475    
   237600.000       260.349823       260.967834    
   237620.000       260.297485       260.967224    
   237640.000       260.245148       260.966583    
   237660.000       260.192902       260.965942    
   237680.000       260.140656       260.965302    
   237700.000       260.088440       260.964661    
   237720.000       260.036224       260.964050    
   237740.000       259.984100       260.963409    
   237760.000       259.932037       260.962769    
   237780.000       259.879913       260.962128    
   237800.000       259.827850       260.961487    
   237820.000       259.775909       260.960846    
   237840.000       259.723969       260.960236    
   237860.000       259.672119       260.959595    
   237880.000       259.620270       260.958954    
   237900.000       259.568420       260.958313    
   237920.000       259.516724       260.957672    
   237940.000       259.465118       260.957062    
   237960.000       259.413422       260.956421    
   237980.000       259.361877       260.955780    
   238000.000       259.310425       260.955139    
   238020.000       259.259064       260.954498    
   238040.000       259.207611       260.953888    
   238060.000       259.156342       260.953247    
   238080.000       259.105164       260.952606    
   238100.000       259.053986       260.951965    
   238120.000       259.002899       260.951324    
   238140.000       258.951965       260.950714    
   238160.000       258.901031       260.950073    
   238180.000       258.850220       260.949432    
   238200.000       258.799438       260.948792    
   238220.000       258.748749       260.948151    
   238240.000       258.698212       260.947510    
   238260.000       258.647766       260.946899    
   238280.000       258.597351       260.946259    
   238300.000       258.546997       260.945618    
   238320.000       258.496826       260.944977    
   238340.000       258.446716       260.944336    
   238360.000       258.396729       260.943726    
   238380.000       258.346771       260.943085    
   238400.000       258.296997       260.942444    
   238420.000       258.247253       260.941803    
   238440.000       258.197662       260.941162    
   238460.000       258.148163       260.940552    
   238480.000       258.098755       260.939911    
   238500.000       258.049530       260.939270    
   238520.000       258.000397       260.938629    
   238540.000       257.951233       260.937988    
   238560.000       257.902405       260.937378    
   238580.000       257.853607       260.936737    
   238600.000       257.804962       260.936096    
   238620.000       257.756317       260.935455    
   238640.000       257.707916       260.934814    
   238660.000       257.659637       260.934174    
   238680.000       257.611450       260.933563    
   238700.000       257.563385       260.932922    
   238720.000       257.515503       260.932281    
   238740.000       257.467712       260.931641    
   238760.000       257.420074       260.931000    
   238780.000       257.372589       260.930389    
   238800.000       257.325195       260.929749    
   238820.000       257.278015       260.929108    
   238840.000       257.230957       260.928467    
   238860.000       257.183990       260.927826    
   238880.000       257.137238       260.927216    
   238900.000       257.090607       260.926575    
   238920.000       257.044159       260.925934    
   238940.000       256.997803       260.925293    
   238960.000       256.951630       260.924652    
   238980.000       256.905640       260.924042    
   239000.000       256.859772       260.923401    
   239020.000       256.814087       260.922760    
   239040.000       256.768524       260.922119    
   239060.000       256.723145       260.921478    
   239080.000       256.677948       260.920837    
   239100.000       256.632996       260.920227    
   239120.000       256.588074       260.919586    
   239140.000       256.543365       260.918945    
   239160.000       256.498871       260.918304    
   239180.000       256.454559       260.917664    
   239200.000       256.410370       260.917053    
   239220.000       256.366333       260.916412    
   239240.000       256.322540       260.915771    
   239260.000       256.278900       260.915131    
   239280.000       256.235474       260.914490    
   239300.000       256.192200       260.913879    
   239320.000       256.149109       260.913239    
   239340.000       256.106232       260.912598    
   239360.000       256.063568       260.911957    
   239380.000       256.020966       260.911316    
   239400.000       255.978699       260.910706    
   239420.000       255.936600       260.910065    
   239440.000       255.894684       260.909424    
   239460.000       255.852890       260.908783    
   239480.000       255.811386       260.908142    
   239500.000       255.770096       260.907501    
   239520.000       255.728958       260.906891    
   239540.000       255.688004       260.906250    
   239560.000       255.647339       260.905609    
   239580.000       255.606796       260.904968    
   239600.000       255.566528       260.904327    
   239620.000       255.526443       260.903717    
   239640.000       255.486526       260.903076    
   239660.000       255.446899       260.902435    
   239680.000       255.407471       260.901794    
   239700.000       255.368225       260.901154    
   239720.000       255.329239       260.900543    
   239740.000       255.290466       260.899902    
   239760.000       255.251892       260.899261    
   239780.000       255.213531       260.898621    
   239800.000       255.175385       260.897980    
   239820.000       255.137543       260.897369    
   239840.000       255.099869       260.896729    
   239860.000       255.062439       260.896088    
   239880.000       255.025192       260.895447    
   239900.000       254.988190       260.894806    
   239920.000       254.951492       260.894165    
   239940.000       254.915009       260.893555    
   239960.000       254.878677       260.892914    
   239980.000       254.842667       260.892273    
   240000.000       254.806885       260.891632    
   240020.000       254.771362       260.890991    
   240040.000       254.736008       260.890381    
   240060.000       254.700958       260.889740    
   240080.000       254.666138       260.889099    
   240100.000       254.631531       260.888458    
   240120.000       254.597168       260.887817    
   240140.000       254.563141       260.887207    
   240160.000       254.529282       260.886566    
   240180.000       254.495712       260.885925    
   240200.000       254.462357       260.885284    
   240220.000       254.429260       260.884644    
   240240.000       254.396484       260.884033    
   240260.000       254.363922       260.883392    
   240280.000       254.331589       260.882751    
   240300.000       254.299515       260.882111    
   240320.000       254.267746       260.881470    
   240340.000       254.236221       260.880829    
   240360.000       254.204971       260.880219    
   240380.000       254.173935       260.879578    
   240400.000       254.143219       260.878937    
   240420.000       254.112717       260.878296    
   240440.000       254.082520       260.877655    
   240460.000       254.052597       260.877045    
   240480.000       254.022903       260.876404    
   240500.000       253.993515       260.875763    
   240520.000       253.964401       260.875122    
   240540.000       253.935532       260.874481    
   240560.000       253.906952       260.873871    
   240580.000       253.878662       260.873230    
   240600.000       253.850647       260.872589    
   240620.000       253.822845       260.871948    
   240640.000       253.795380       260.871307    
   240660.000       253.768234       260.870697    
   240680.000       253.741302       260.870056    
   240700.000       253.714645       260.869415    
   240720.000       253.688309       260.868774    
   240740.000       253.662216       260.868134    
   240760.000       253.636459       260.867493    
   240780.000       253.610977       260.866882    
   240800.000       253.585724       260.866241    
   240820.000       253.560822       260.865601    
   240840.000       253.536209       260.864960    
   240860.000       253.511841       260.864319    
   240880.000       253.487793       260.863708    
   240900.000       253.464035       260.863068    
   240920.000       253.440582       260.862427    
   240940.000       253.417389       260.861786    
   240960.000       253.394470       260.861145    
   240980.000       253.371933       260.860535    
   241000.000       253.349609       260.859894    
   241020.000       253.327621       260.859253    
   241040.000       253.305908       260.858612    
   241060.000       253.284500       260.857971    
   241080.000       253.263428       260.857361    
   241100.000       253.242615       260.856720    
   241120.000       253.222107       260.856079    
   241140.000       253.201904       260.855438    
   241160.000       253.182007       260.854797    
   241180.000       253.162415       260.854156    
   241200.000       253.143127       260.853546    
   241220.000       253.124130       260.852905    
   241240.000       253.105453       260.852264    
   241260.000       253.087067       260.851624    
   241280.000       253.068985       260.850983    
   241300.000       253.051254       260.850372    
   241320.000       253.033783       260.849731    
   241340.000       253.016632       260.849091    
   241360.000       252.999802       260.848450    
   241380.000       252.983261       260.847809    
   241400.000       252.967056       260.847198    
   241420.000       252.951157       260.846558    
   241440.000       252.935562       260.845917    
   241460.000       252.920258       260.845276    
   241480.000       252.905289       260.844635    
   241500.000       252.890671       260.844025    
   241520.000       252.876312       260.843384    
   241540.000       252.862274       260.842743    
   241560.000       252.848557       260.842102    
   241580.000       252.835159       260.841461    
   241600.000       252.822052       260.840820    
   241620.000       252.809341       260.840210    
   241640.000       252.796875       260.839569    
   241660.000       252.784744       260.838928    
   241680.000       252.772934       260.838287    
   241700.000       252.761429       260.837646    
   241720.000       252.750259       260.837036    
   241740.000       252.739410       260.836395    
   241760.000       252.728882       260.835754    
   241780.000       252.718658       260.835114    
   241800.000       252.708740       260.834473    
   241820.000       252.699203       260.833862    
   241840.000       252.689941       260.833221    
   241860.000       252.681015       260.832581    
   241880.000       252.672394       260.831940    
   241900.000       252.664093       260.831299    
   241920.000       252.656158       260.830688    
   241940.000       252.648499       260.830048    
   241960.000       252.641174       260.829407    
   241980.000       252.634155       260.828766    
   242000.000       252.627487       260.828125    
   242020.000       252.621140       260.827484    
   242040.000       252.615143       260.826874    
   242060.000       252.609451       260.826233    
   242080.000       252.604065       260.825592    
   242100.000       252.598984       260.824951    
   242120.000       252.594254       260.824310    
   242140.000       252.589890       260.823700    
   242160.000       252.585785       260.823059    
   242180.000       252.582047       260.822418    
   242200.000       252.578613       260.821777    
   242220.000       252.575516       260.821136    
   242240.000       252.572754       260.820526    
   242260.000       252.570297       260.819885    
   242280.000       252.568176       260.819244    
   242300.000       252.566376       260.818604    
   242320.000       252.564896       260.817963    
   242340.000       252.563736       260.817322    
   242360.000       252.562927       260.816711    
   242380.000       252.562439       260.816071    
   242400.000       252.562271       260.815430    
   242420.000       252.562408       260.814789    
   242440.000       252.562881       260.814148    
   242460.000       252.563736       260.813538    
   242480.000       252.564850       260.812897    
   242500.000       252.566299       260.812256    
   242520.000       252.568054       260.811615    
   242540.000       252.570175       260.810974    
   242560.000       252.572647       260.810364    
   242580.000       252.575394       260.809723    
   242600.000       252.578476       260.809082    
   242620.000       252.581879       260.808441    
   242640.000       252.585602       260.807800    
   242660.000       252.589691       260.807190    
   242680.000       252.594086       260.806549    
   242700.000       252.598770       260.805908    
   242720.000       252.603790       260.805267    
   242740.000       252.609146       260.804626    
   242760.000       252.614822       260.803986    
   242780.000       252.620850       260.803375    
   242800.000       252.627197       260.802734    
   242820.000       252.633820       260.802094    
   242840.000       252.640778       260.801453    
   242860.000       252.648087       260.800812    
   242880.000       252.655701       260.800201    
   242900.000       252.663635       260.799561    
   242920.000       252.671906       260.798920    
   242940.000       252.680466       260.798279    
   242960.000       252.689362       260.797638    
   242980.000       252.698608       260.797028    
   243000.000       252.708130       260.796387    
   243020.000       252.717987       260.795746    
   243040.000       252.728165       260.795105    
   243060.000       252.738647       260.794464    
   243080.000       252.749496       260.793854    
   243100.000       252.760620       260.793213    
   243120.000       252.772049       260.792572    
   243140.000       252.783829       260.791931    
   243160.000       252.795883       260.791290    
   243180.000       252.808273       260.790649    
   243200.000       252.821030       260.790039    
   243220.000       252.834045       260.789398    
   243240.000       252.847366       260.788757    
   243260.000       252.861023       260.788116    
   243280.000       252.874985       260.787476    
   243300.000       252.889282       260.786865    
   243320.000       252.903900       260.786224    
   243340.000       252.918762       260.785583    
   243360.000       252.933975       260.784943    
   243380.000       252.949509       260.784302    
   243400.000       252.965378       260.783691    
   243420.000       252.981506       260.783051    
   243440.000       252.997910       260.782410    
   243460.000       253.014709       260.781769    
   243480.000       253.031738       260.781128    
   243500.000       253.049133       260.780518    
   243520.000       253.066818       260.779877    
   243540.000       253.084793       260.779236    
   243560.000       253.103043       260.778595    
   243580.000       253.121643       260.777954    
   243600.000       253.140503       260.777313    
   243620.000       253.159729       260.776703    
   243640.000       253.179214       260.776062    
   243660.000       253.199005       260.775421    
   243680.000       253.219070       260.774780    
   243700.000       253.239456       260.774139    
   243720.000       253.260178       260.773529    
   243740.000       253.281143       260.772888    
   243760.000       253.302399       260.772247    
   243780.000       253.323990       260.771606    
   243800.000       253.345856       260.770966    
   243820.000       253.368027       260.770355    
   243840.000       253.390503       260.769714    
   243860.000       253.413208       260.769073    
   243880.000       253.436249       260.768433    
   243900.000       253.459579       260.767792    
   243920.000       253.483200       260.767181    
   243940.000       253.507065       260.766541    
   243960.000       253.531281       260.765900    
   243980.000       253.555740       260.765259    
   244000.000       253.580475       260.764618    
   244020.000       253.605484       260.763977    
   244040.000       253.630890       260.763367    
   244060.000       253.656464       260.762726    
   244080.000       253.682312       260.762085    
   244100.000       253.708481       260.761444    
   244120.000       253.734955       260.760803    
   244140.000       253.761673       260.760193    
   244160.000       253.788696       260.759552    
   244180.000       253.815918       260.758911    
   244200.000       253.843491       260.758270    
   244220.000       253.871277       260.757629    
   244240.000       253.899414       260.757019    
   244260.000       253.927734       260.756378    
   244280.000       253.956375       260.755737    
   244300.000       253.985275       260.755096    
   244320.000       254.014435       260.754456    
   244340.000       254.043854       260.753845    
   244360.000       254.073563       260.753204    
   244380.000       254.103546       260.752563    
   244400.000       254.133743       260.751923    
   244420.000       254.164230       260.751282    
   244440.000       254.194946       260.750641    
   244460.000       254.225998       260.750031    
   244480.000       254.257233       260.749390    
   244500.000       254.288757       260.748749    
   244520.000       254.320480       260.748108    
   244540.000       254.352524       260.747467    
   244560.000       254.384857       260.746857    
   244580.000       254.417343       260.746216    
   244600.000       254.450119       260.745575    
   244620.000       254.483185       260.744934    
   244640.000       254.516449       260.744293    
   244660.000       254.549957       260.743683    
   244680.000       254.583725       260.743042    
   244700.000       254.617752       260.742401    
   244720.000       254.651978       260.741760    
   244740.000       254.686478       260.741119    
   244760.000       254.721207       260.740509    
   244780.000       254.756210       260.739868    
   244800.000       254.791367       260.739227    
   244820.000       254.826813       260.738586    
   244840.000       254.862473       260.737946    
   244860.000       254.898376       260.737305    
   244880.000       254.934555       260.736694    
   244900.000       254.970886       260.736053    
   244920.000       255.007446       260.735413    
   244940.000       255.044281       260.734772    
   244960.000       255.081345       260.734131    
   244980.000       255.118591       260.733521    
   245000.000       255.156097       260.732880    
   245020.000       255.193787       260.732239    
   245040.000       255.231705       260.731598    
   245060.000       255.269821       260.730957    
   245080.000       255.308243       260.730347    
   245100.000       255.346756       260.729706    
   245120.000       255.385574       260.729065    
   245140.000       255.424576       260.728424    
   245160.000       255.463745       260.727783    
   245180.000       255.503159       260.727173    
   245200.000       255.542801       260.726532    
   245220.000       255.582642       260.725891    
   245240.000       255.622650       260.725250    
   245260.000       255.662888       260.724609    
   245280.000       255.703262       260.723969    
   245300.000       255.743942       260.723358    
   245320.000       255.784729       260.722717    
   245340.000       255.825760       260.722076    
   245360.000       255.866943       260.721436    
   245380.000       255.908356       260.720795    
   245400.000       255.950012       260.720184    
   245420.000       255.991760       260.719543    
   245440.000       256.033691       260.718903    
   245460.000       256.075897       260.718262    
   245480.000       256.118195       260.717621    
   245500.000       256.160706       260.717010    
   245520.000       256.203430       260.716370    
   245540.000       256.246338       260.715729    
   245560.000       256.289368       260.715088    
   245580.000       256.332581       260.714447    
   245600.000       256.375977       260.713837    
   245620.000       256.419586       260.713196    
   245640.000       256.463287       260.712555    
   245660.000       256.507202       260.711914    
   245680.000       256.551239       260.711273    
   245700.000       256.595490       260.710632    
   245720.000       256.639954       260.710022    
   245740.000       256.684479       260.709381    
   245760.000       256.729156       260.708740    
   245780.000       256.774048       260.708099    
   245800.000       256.819092       260.707458    
   245820.000       256.864288       260.706848    
   245840.000       256.909637       260.706207    
   245860.000       256.955109       260.705566    
   245880.000       257.000763       260.704926    
   245900.000       257.046478       260.704285    
   245920.000       257.092468       260.703674    
   245940.000       257.138519       260.703033    
   245960.000       257.184723       260.702393    
   245980.000       257.231110       260.701752    
   246000.000       257.277557       260.701111    
   246020.000       257.324158       260.700500    
   246040.000       257.370972       260.699860    
   246060.000       257.417847       260.699219    
   246080.000       257.464813       260.698578    
   246100.000       257.511963       260.697937    
   246120.000       257.559265       260.697296    
   246140.000       257.606659       260.696686    
   246160.000       257.654205       260.696045    
   246180.000       257.701782       260.695404    
   246200.000       257.749542       260.694763    
   246220.000       257.797394       260.694122    
   246240.000       257.845428       260.693512    
   246260.000       257.893494       260.692871    
   246280.000       257.941711       260.692230    
   246300.000       257.990051       260.691589    
   246320.000       258.038422       260.690948    
   246340.000       258.086945       260.690338    
   246360.000       258.135590       260.689697    
   246380.000       258.184326       260.689056    
   246400.000       258.233124       260.688416    
   246420.000       258.282043       260.687744    
   246440.000       258.330841       260.686890    
   246460.000       258.379761       260.686035    
   246480.000       258.428711       260.685181    
   246500.000       258.477783       260.684326    
   246520.000       258.526917       260.683472    
   246540.000       258.576172       260.682587    
   246560.000       258.625519       260.681732    
   246580.000       258.674896       260.680878    
   246600.000       258.724365       260.680023    
   246620.000       258.774017       260.679169    
   246640.000       258.823608       260.678314    
   246660.000       258.873291       260.677460    
   246680.000       258.923096       260.676605    
   246700.000       258.972992       260.675751    
   246720.000       259.022888       260.674896    
   246740.000       259.072845       260.674042    
   246760.000       259.122925       260.673187    
   246780.000       259.173065       260.672333    
   246800.000       259.223206       260.671478    
   246820.000       259.273438       260.670624    
   246840.000       259.323700       260.669769    
   246860.000       259.374084       260.668915    
   246880.000       259.424500       260.668060    
   246900.000       259.474884       260.667206    
   246920.000       259.525330       260.666351    
   246940.000       259.575897       260.665497    
   246960.000       259.626495       260.664642    
   246980.000       259.677094       260.663788    
   247000.000       259.727783       260.662933    
   247020.000       259.778412       260.662079    
   247040.000       259.829132       260.661194    
   247060.000       259.879852       260.660339    
   247080.000       259.930695       260.659485    
   247100.000       259.981476       260.658630    
   247120.000       260.032349       260.657776    
   247140.000       260.083221       260.656921    
   247160.000       260.134064       260.656067    
   247180.000       260.184967       260.655212    
   247200.000       260.235931       260.654358    
   247220.000       260.286896       260.653503    
   247240.000       260.337830       260.652649    
   247260.000       260.388824       260.651794    
   247280.000       260.439789       260.650940    
   247300.000       260.490814       260.650085    
   247320.000       260.541748       260.649231    
   247340.000       260.592773       260.648376    
   247360.000       260.643738       260.647522    
   247380.000       260.694794       260.646667    
   247400.000       260.745819       260.645813    
   247420.000       260.796783       260.644958    
   247440.000       260.847748       260.644104    
   247460.000       260.898834       260.643250    
   247480.000       260.949768       260.642395    
   247500.000       261.000702       260.641541    
   247520.000       261.051697       260.640686    
   247540.000       261.102600       260.639801    
   247560.000       261.153473       260.638947    
   247580.000       261.204346       260.638092    
   247600.000       261.255219       260.637238    
   247620.000       261.306122       260.636383    
   247640.000       261.356903       260.635529    
   247660.000       261.407715       260.634674    
   247680.000       261.458466       260.633820    
   247700.000       261.509216       260.632965    
   247720.000       261.559937       260.632111    
   247740.000       261.610565       260.631256    
   247760.000       261.661163       260.630402    
   247780.000       261.711731       260.629547    
   247800.000       261.762299       260.628693    
   247820.000       261.812744       260.627838    
   247840.000       261.863251       260.626984    
   247860.000       261.913605       260.626129    
   247880.000       261.963989       260.625275    
   247900.000       262.014221       260.624420    
   247920.000       262.064514       260.623566    
   247940.000       262.114624       260.622711    
   247960.000       262.164795       260.621857    
   247980.000       262.214874       260.621002    
   248000.000       262.264862       260.620148    
   248020.000       262.314758       260.619293    
   248040.000       262.364685       260.618408    
   248060.000       262.414429       260.617554    
   248080.000       262.464111       260.616699    
   248100.000       262.513824       260.615845    
   248120.000       262.563416       260.614990    
   248140.000       262.612885       260.614136    
   248160.000       262.662292       260.613281    
   248180.000       262.711639       260.612427    
   248200.000       262.760925       260.611572    
   248220.000       262.810059       260.610718    
   248240.000       262.859192       260.609863    
   248260.000       262.908142       260.609009    
   248280.000       262.957092       260.608154    
   248300.000       263.005920       260.607300    
   248320.000       263.054596       260.606445    
   248340.000       263.103180       260.605591    
   248360.000       263.151733       260.604736    
   248380.000       263.200195       260.603882    
   248400.000       263.248505       260.603027    
   248420.000       263.296661       260.602173    
   248440.000       263.344818       260.601318    
   248460.000       263.392853       260.600464    
   248480.000       263.440704       260.599609    
   248500.000       263.488495       260.598755    
   248520.000       263.536102       260.597870    
   248540.000       263.583679       260.597015    
   248560.000       263.631134       260.596161    
   248580.000       263.678436       260.595306    
   248600.000       263.725586       260.594452    
   248620.000       263.772675       260.593597    
   248640.000       263.819641       260.592743    
   248660.000       263.866425       260.591888    
   248680.000       263.913116       260.591034    
   248700.000       263.959656       260.590179    
   248720.000       264.006104       260.589325    
   248740.000       264.052368       260.588470    
   248760.000       264.098541       260.587616    
   248780.000       264.144562       260.586761    
   248800.000       264.190399       260.585907    
   248820.000       264.236145       260.585052    
   248840.000       264.281708       260.584198    
   248860.000       264.327179       260.583344    
   248880.000       264.372467       260.582489    
   248900.000       264.417603       260.581635    
   248920.000       264.462555       260.580780    
   248940.000       264.507416       260.579926    
   248960.000       264.552094       260.579071    
   248980.000       264.596588       260.578217    
   249000.000       264.640961       260.577362    
   249020.000       264.685150       260.576477    
   249040.000       264.729187       260.575623    
   249060.000       264.773071       260.574768    
   249080.000       264.816803       260.573914    
   249100.000       264.860321       260.573059    
   249120.000       264.903687       260.572205    
   249140.000       264.946930       260.571350    
   249160.000       264.989929       260.570496    
   249180.000       265.032776       260.569641    
   249200.000       265.075470       260.568787    
   249220.000       265.118011       260.567932    
   249240.000       265.160309       260.567078    
   249260.000       265.202454       260.566223    
   249280.000       265.244385       260.565369    
   249300.000       265.286194       260.564514    
   249320.000       265.327728       260.563660    
   249340.000       265.369171       260.562805    
   249360.000       265.410339       260.561951    
   249380.000       265.451385       260.561096    
   249400.000       265.492249       260.560242    
   249420.000       265.532837       260.559387    
   249440.000       265.573273       260.558533    
   249460.000       265.613586       260.557678    
   249480.000       265.653564       260.556824    
   249500.000       265.693359       260.555969    
   249520.000       265.733002       260.555084    
   249540.000       265.772461       260.554230    
   249560.000       265.811676       260.553375    
   249580.000       265.850647       260.552521    
   249600.000       265.889465       260.551666    
   249620.000       265.928070       260.550812    
   249640.000       265.966431       260.549957    
   249660.000       266.004639       260.549103    
   249680.000       266.042572       260.548248    
   249700.000       266.080322       260.547394    
   249720.000       266.117859       260.546539    
   249740.000       266.155121       260.545685    
   249760.000       266.192200       260.544830    
   249780.000       266.229065       260.543976    
   249800.000       266.265686       260.543121    
   249820.000       266.302063       260.542267    
   249840.000       266.338226       260.541412    
   249860.000       266.374207       260.540558    
   249880.000       266.409943       260.539703    
   249900.000       266.445404       260.538849    
   249920.000       266.480682       260.537994    
   249940.000       266.515686       260.537140    
   249960.000       266.550476       260.536285    
   249980.000       266.585022       260.535431    
