L_susp,N_cables,r_attach,m_gondola,m_one_cable_total,m_cables_total,zeta_pendulum,zeta_torsion,gondola_shape,I_gondola_tilt,I_gondola_yaw,gondola_reference_size,disturbance_case,pend_initial_angle_deg,pend_initial_rate_deg_s,torsion_initial_twist_deg,torsion_initial_yaw_rate_deg_s,dominant_pendulum_period_s,dominant_torsion_period_s,dominant_pendulum_frequency_hz,dominant_torsion_frequency_hz,max_gondola_swing_angle_deg,max_gondola_swing_rate_deg_s,max_gondola_yaw_deg,max_gondola_yaw_rate_deg_s,settling_time_pendulum_s,settling_time_torsion_s,peak_total_cable_tension_N,peak_per_cable_tension_N,minimum_per_cable_tension_N,dynamic_static_tension_ratio,maximum_torsional_torque_Nm,maximum_torsion_element_twist_deg,f_max_relevant_hz,required_imu_sampling_10x_hz,required_imu_sampling_20x_hz,feasible,violations,passes,config_id,shape_complexity,max_ang_rate_deg_s,max_ang_amp_deg,max_settling_s,rank
10.0,3,0.5,100.0,0.1,0.30000000000000004,0.02,0.01,cube,16.666666666666664,16.666666666666664,side=1.00,high,8.0,3.0,8.0,3.0,10.690014957570398,5.476911618294677,0.09354523861464059,0.18258465166019347,8.855477995104259,10.746978508778092,8.413130145086928,9.42403896435772,340.27374444472537,348.6710227716119,908.4926004135788,302.83086680452624,288.0663800668921,1.038733113061708,3.236313772638509,0.944934867390846,80.96786356096322,809.6786356096322,1619.3572712192645,OK,OK,True,7,1,10.746978508778092,8.855477995104259,348.6710227716119,1
10.0,3,0.5,100.0,0.1,0.30000000000000004,0.02,0.005,cube,16.666666666666664,16.666666666666664,side=1.00,high,8.0,3.0,8.0,3.0,10.690014957570398,5.476911618294677,0.09354523861464059,0.18258465166019347,8.855477995104259,10.746978508778092,8.414098942802319,9.49913654018992,340.27374444472537,697.3420455432238,908.4926004135788,302.83086680452624,288.0663800668921,1.038733113061708,3.239623471490501,0.9459012291423706,80.96786356096322,809.6786356096322,1619.3572712192645,OK,OK,True,6,1,10.746978508778092,8.855477995104259,697.3420455432238,2
10.0,3,0.5,100.0,0.1,0.30000000000000004,0.01,0.01,cube,16.666666666666664,16.666666666666664,side=1.00,high,8.0,3.0,8.0,3.0,10.690014957570398,5.476911618294677,0.09354523861464059,0.18258465166019347,8.866268426851535,11.142109324725505,8.413130145086928,9.42403896435772,680.5474888894507,348.6710227716119,913.453384842613,304.48446161420435,288.0565414146011,1.0444050701594907,3.236313772638509,0.944934867390846,80.96786356096322,809.6786356096322,1619.3572712192645,OK,OK,True,5,1,11.142109324725505,8.866268426851535,680.5474888894507,3
10.0,3,0.5,100.0,0.1,0.30000000000000004,0.01,0.005,cube,16.666666666666664,16.666666666666664,side=1.00,high,8.0,3.0,8.0,3.0,10.690014957570398,5.476911618294677,0.09354523861464059,0.18258465166019347,8.866268426851535,11.142109324725505,8.414098942802319,9.49913654018992,680.5474888894507,697.3420455432238,913.453384842613,304.48446161420435,288.0565414146011,1.0444050701594907,3.239623471490501,0.9459012291423706,80.96786356096322,809.6786356096322,1619.3572712192645,OK,OK,True,4,1,11.142109324725505,8.866268426851535,697.3420455432238,4
10.0,3,0.75,100.0,0.1,0.30000000000000004,0.02,0.01,cube,16.666666666666664,16.666666666666664,side=1.00,high,8.0,3.0,8.0,3.0,10.690014957570398,3.654649546968832,0.09354523861464059,0.2736240471618956,8.855477995104259,10.746978508778092,8.180285154033067,13.742909896196673,340.27374444472537,232.6622162674582,908.4926004135788,302.83086680452624,288.0663800668921,1.038733113061708,7.0637891704793985,0.9157257405417558,80.96798689700714,809.6798689700713,1619.3597379401426,OK,OK,True,23,1,13.742909896196673,8.855477995104259,340.27374444472537,5
10.0,3,0.75,100.0,0.1,0.30000000000000004,0.02,0.005,cube,16.666666666666664,16.666666666666664,side=1.00,high,8.0,3.0,8.0,3.0,10.690014957570398,3.654649546968832,0.09354523861464059,0.2736240471618956,8.855477995104259,10.746978508778092,8.180630474115167,13.851767434626417,340.27374444472537,465.3244325349164,908.4926004135788,302.83086680452624,288.0663800668921,1.038733113061708,7.068287957981278,0.9163237936655061,80.96798689700714,809.6798689700713,1619.3597379401426,OK,OK,True,22,1,13.851767434626417,8.855477995104259,465.3244325349164,6
10.0,3,0.75,100.0,0.1,0.30000000000000004,0.01,0.01,cube,16.666666666666664,16.666666666666664,side=1.00,high,8.0,3.0,8.0,3.0,10.690014957570398,3.654649546968832,0.09354523861464059,0.2736240471618956,8.866268426851535,11.142109324725505,8.180285154033067,13.742909896196673,680.5474888894507,232.6622162674582,913.453384842613,304.48446161420435,288.0565414146011,1.0444050701594907,7.0637891704793985,0.9157257405417558,80.96798689700714,809.6798689700713,1619.3597379401426,OK,OK,True,21,1,13.742909896196673,8.866268426851535,680.5474888894507,7
10.0,3,0.75,100.0,0.1,0.30000000000000004,0.01,0.005,cube,16.666666666666664,16.666666666666664,side=1.00,high,8.0,3.0,8.0,3.0,10.690014957570398,3.654649546968832,0.09354523861464059,0.2736240471618956,8.866268426851535,11.142109324725505,8.180630474115167,13.851767434626417,680.5474888894507,465.3244325349164,913.453384842613,304.48446161420435,288.0565414146011,1.0444050701594907,7.068287957981278,0.9163237936655061,80.96798689700714,809.6798689700713,1619.3597379401426,OK,OK,True,20,1,13.851767434626417,8.866268426851535,680.5474888894507,8
10.0,3,1.0,100.0,0.1,0.30000000000000004,0.02,0.01,cube,16.666666666666664,16.666666666666664,side=1.00,high,8.0,3.0,8.0,3.0,10.690014957570398,2.74453002288008,0.09354523861464059,0.3643611079723627,8.855477995104259,10.746978508778092,8.096768400056236,18.142637621590303,340.27374444472537,174.72220784219093,908.4926004135788,302.83086680452624,288.0663800668921,1.038733113061708,12.420703247200695,0.9047023896702542,80.9681595569123,809.6815955691229,1619.3631911382458,OK,OK,True,39,1,18.142637621590303,8.855477995104259,340.27374444472537,9
10.0,3,1.0,100.0,0.1,0.30000000000000004,0.02,0.005,cube,16.666666666666664,16.666666666666664,side=1.00,high,8.0,3.0,8.0,3.0,10.690014957570398,2.74453002288008,0.09354523861464059,0.3643611079723627,8.855477995104259,10.746978508778092,8.096833561252023,18.284827240934924,340.27374444472537,349.44441568438185,908.4926004135788,302.83086680452624,288.0663800668921,1.038733113061708,12.421740740592583,0.9049487847103501,80.9681595569123,809.6815955691229,1619.3631911382458,OK,OK,True,38,1,18.284827240934924,8.855477995104259,349.44441568438185,10
10.0,3,1.0,100.0,0.1,0.30000000000000004,0.01,0.01,cube,16.666666666666664,16.666666666666664,side=1.00,high,8.0,3.0,8.0,3.0,10.690014957570398,2.74453002288008,0.09354523861464059,0.3643611079723627,8.866268426851535,11.142109324725505,8.096768400056236,18.142637621590303,680.5474888894507,174.72220784219093,913.453384842613,304.48446161420435,288.0565414146011,1.0444050701594907,12.420703247200695,0.9047023896702542,80.9681595569123,809.6815955691229,1619.3631911382458,OK,OK,True,37,1,18.142637621590303,8.866268426851535,680.5474888894507,11
10.0,3,1.0,100.0,0.1,0.30000000000000004,0.01,0.005,cube,16.666666666666664,16.666666666666664,side=1.00,high,8.0,3.0,8.0,3.0,10.690014957570398,2.74453002288008,0.09354523861464059,0.3643611079723627,8.866268426851535,11.142109324725505,8.096833561252023,18.284827240934924,680.5474888894507,349.44441568438185,913.453384842613,304.48446161420435,288.0565414146011,1.0444050701594907,12.421740740592583,0.9049487847103501,80.9681595569123,809.6815955691229,1619.3631911382458,OK,OK,True,36,1,18.284827240934924,8.866268426851535,680.5474888894507,12
10.0,3,1.25,100.0,0.1,0.30000000000000004,0.02,0.01,cube,16.666666666666664,16.666666666666664,side=1.00,high,8.0,3.0,8.0,3.0,10.690014957570398,2.1992666752347563,0.09354523861464059,0.4546970184474136,8.855477995104259,10.746978508778092,8.067134313460095,22.523246435015647,340.27374444472537,140.0096650163558,908.4926004135788,302.83086680452624,288.0663800668921,1.038733113061708,19.355690259002166,0.9024275020052301,80.96838153012095,809.6838153012095,1619.367630602419,OK,OK,True,55,1,22.523246435015647,8.855477995104259,340.27374444472537,13
10.0,3,1.25,100.0,0.1,0.30000000000000004,0.02,0.005,cube,16.666666666666664,16.666666666666664,side=1.00,high,8.0,3.0,8.0,3.0,10.690014957570398,2.1992666752347563,0.09354523861464059,0.4546970184474136,8.855477995104259,10.746978508778092,8.067200941184531,22.70163933243242,340.27374444472537,280.0193300327116,908.4926004135788,302.83086680452624,288.0663800668921,1.038733113061708,19.360813902357012,0.9026663835233785,80.96838153012095,809.6838153012095,1619.367630602419,OK,OK,True,54,1,22.70163933243242,8.855477995104259,340.27374444472537,14
10.0,3,1.25,100.0,0.1,0.30000000000000004,0.01,0.01,cube,16.666666666666664,16.666666666666664,side=1.00,high,8.0,3.0,8.0,3.0,10.690014957570398,2.1992666752347563,0.09354523861464059,0.4546970184474136,8.866268426851535,11.142109324725505,8.067134313460095,22.523246435015647,680.5474888894507,140.0096650163558,913.453384842613,304.48446161420435,288.0565414146011,1.0444050701594907,19.355690259002166,0.9024275020052301,80.96838153012095,809.6838153012095,1619.367630602419,OK,OK,True,53,1,22.523246435015647,8.866268426851535,680.5474888894507,15
10.0,3,1.25,100.0,0.1,0.30000000000000004,0.01,0.005,cube,16.666666666666664,16.666666666666664,side=1.00,high,8.0,3.0,8.0,3.0,10.690014957570398,2.1992666752347563,0.09354523861464059,0.4546970184474136,8.866268426851535,11.142109324725505,8.067200941184531,22.70163933243242,680.5474888894507,280.0193300327116,913.453384842613,304.48446161420435,288.0565414146011,1.0444050701594907,19.360813902357012,0.9026663835233785,80.96838153012095,809.6838153012095,1619.367630602419,OK,OK,True,52,1,22.70163933243242,8.866268426851535,680.5474888894507,16
12.0,3,0.5,100.0,0.1,0.30000000000000004,0.02,0.01,cube,16.666666666666664,16.666666666666664,side=1.00,high,8.0,3.0,8.0,3.0,10.831437132509523,5.999656077238944,0.09232385211364018,0.16667622062433324,8.912696285128126,9.008844006126145,8.494861326431383,8.683069814646887,344.775352085599,381.9499686175633,902.1270040194635,300.70900133982116,288.03379356531406,1.031454951681039,2.725417167413464,0.9526941124576399,73.91320884223352,739.1320884223352,1478.2641768446704,OK,OK,True,199,1,9.008844006126145,8.912696285128126,381.9499686175633,17
12.0,3,0.5,100.0,0.1,0.30000000000000004,0.02,0.005,cube,16.666666666666664,16.666666666666664,side=1.00,high,8.0,3.0,8.0,3.0,10.831437132509523,5.999656077238944,0.09232385211364018,0.16667622062433324,8.912696285128126,9.008844006126145,8.49607540482135,8.752756168844797,344.775352085599,763.8999372351266,902.1270040194635,300.70900133982116,288.03379356531406,1.031454951681039,2.7286146851075466,0.9538118335603225,73.91320884223352,739.1320884223352,1478.2641768446704,OK,OK,True,198,1,9.008844006126145,8.912696285128126,763.8999372351266,18
12.0,3,0.5,100.0,0.1,0.30000000000000004,0.01,0.01,cube,16.666666666666664,16.666666666666664,side=1.00,high,8.0,3.0,8.0,3.0,10.831437132509523,5.999656077238944,0.09232385211364018,0.16667622062433324,8.922444173758876,9.751328950394928,8.494861326431383,8.683069814646887,689.550704171198,381.9499686175633,910.7680034090885,303.58933446969615,288.03003294721367,1.0413347153597563,2.725417167413464,0.9526941124576399,73.91320884223352,739.1320884223352,1478.2641768446704,OK,OK,True,197,1,9.751328950394928,8.922444173758876,689.550704171198,19
12.0,3,0.5,100.0,0.1,0.30000000000000004,0.01,0.005,cube,16.666666666666664,16.666666666666664,side=1.00,high,8.0,3.0,8.0,3.0,10.831437132509523,5.999656077238944,0.09232385211364018,0.16667622062433324,8.922444173758876,9.751328950394928,8.49607540482135,8.752756168844797,689.550704171198,763.8999372351266,910.7680034090885,303.58933446969615,288.03003294721367,1.0413347153597563,2.7286146851075466,0.9538118335603225,73.91320884223352,739.1320884223352,1478.2641768446704,OK,OK,True,196,1,9.751328950394928,8.922444173758876,763.8999372351266,20
12.0,3,0.75,100.0,0.1,0.30000000000000004,0.02,0.01,cube,16.666666666666664,16.666666666666664,side=1.00,high,8.0,3.0,8.0,3.0,10.831437132509523,4.00346799333833,0.09232385211364018,0.2497834381750959,8.912696285128126,9.008844006126145,8.22472790240468,12.605175957830458,344.775352085599,254.8686882599945,902.1270040194635,300.70900133982116,288.03379356531406,1.031454951681039,5.9385796874426635,0.9247675231636294,73.91332143212257,739.1332143212258,1478.2664286424515,OK,OK,True,215,1,12.605175957830458,8.912696285128126,344.775352085599,21
12.0,3,0.75,100.0,0.1,0.30000000000000004,0.02,0.005,cube,16.666666666666664,16.666666666666664,side=1.00,high,8.0,3.0,8.0,3.0,10.831437132509523,4.00346799333833,0.09232385211364018,0.2497834381750959,8.912696285128126,9.008844006126145,8.225079352296339,12.703744617333996,344.775352085599,509.737376519989,902.1270040194635,300.70900133982116,288.03379356531406,1.031454951681039,5.941724730344707,0.9252572755434647,73.91332143212257,739.1332143212258,1478.2664286424515,OK,OK,True,214,1,12.703744617333996,8.912696285128126,509.737376519989,22
12.0,3,0.75,100.0,0.1,0.30000000000000004,0.01,0.01,cube,16.666666666666664,16.666666666666664,side=1.00,high,8.0,3.0,8.0,3.0,10.831437132509523,4.00346799333833,0.09232385211364018,0.2497834381750959,8.922444173758876,9.751328950394928,8.22472790240468,12.605175957830458,689.550704171198,254.8686882599945,910.7680034090885,303.58933446969615,288.03003294721367,1.0413347153597563,5.9385796874426635,0.9247675231636294,73.91332143212257,739.1332143212258,1478.2664286424515,OK,OK,True,213,1,12.605175957830458,8.922444173758876,689.550704171198,23
12.0,3,0.75,100.0,0.1,0.30000000000000004,0.01,0.005,cube,16.666666666666664,16.666666666666664,side=1.00,high,8.0,3.0,8.0,3.0,10.831437132509523,4.00346799333833,0.09232385211364018,0.2497834381750959,8.922444173758876,9.751328950394928,8.225079352296339,12.703744617333996,689.550704171198,509.737376519989,910.7680034090885,303.58933446969615,288.03003294721367,1.0413347153597563,5.941724730344707,0.9252572755434647,73.91332143212257,739.1332143212258,1478.2664286424515,OK,OK,True,212,1,12.703744617333996,8.922444173758876,689.550704171198,24
12.0,3,1.0,100.0,0.1,0.30000000000000004,0.02,0.01,cube,16.666666666666664,16.666666666666664,side=1.00,high,8.0,3.0,8.0,3.0,10.831437132509523,3.0064820065565807,0.09232385211364018,0.3326146631907941,8.912696285128126,9.008844006126145,8.122731402706906,16.588656323573364,344.775352085599,191.39858906412798,902.1270040194635,300.70900133982116,288.03379356531406,1.031454951681039,10.43986592778686,0.9122627724640874,73.91347904833059,739.1347904833059,1478.2695809666118,OK,OK,True,231,1,16.588656323573364,8.912696285128126,344.775352085599,25
12.0,3,1.0,100.0,0.1,0.30000000000000004,0.02,0.005,cube,16.666666666666664,16.666666666666664,side=1.00,high,8.0,3.0,8.0,3.0,10.831437132509523,3.0064820065565807,0.09232385211364018,0.3326146631907941,8.912696285128126,9.008844006126145,8.122913165025722,16.722961225533535,344.775352085599,382.79717812825595,902.1270040194635,300.70900133982116,288.03379356531406,1.031454951681039,10.441331089947703,0.9124872040069117,73.91347904833059,739.1347904833059,1478.2695809666118,OK,OK,True,230,1,16.722961225533535,8.912696285128126,382.79717812825595,26
12.0,3,1.0,100.0,0.1,0.30000000000000004,0.01,0.01,cube,16.666666666666664,16.666666666666664,side=1.00,high,8.0,3.0,8.0,3.0,10.831437132509523,3.0064820065565807,0.09232385211364018,0.3326146631907941,8.922444173758876,9.751328950394928,8.122731402706906,16.588656323573364,689.550704171198,191.39858906412798,910.7680034090885,303.58933446969615,288.03003294721367,1.0413347153597563,10.43986592778686,0.9122627724640874,73.91347904833059,739.1347904833059,1478.2695809666118,OK,OK,True,229,1,16.588656323573364,8.922444173758876,689.550704171198,27
12.0,3,1.0,100.0,0.1,0.30000000000000004,0.01,0.005,cube,16.666666666666664,16.666666666666664,side=1.00,high,8.0,3.0,8.0,3.0,10.831437132509523,3.0064820065565807,0.09232385211364018,0.3326146631907941,8.922444173758876,9.751328950394928,8.122913165025722,16.722961225533535,689.550704171198,382.79717812825595,910.7680034090885,303.58933446969615,288.03003294721367,1.0413347153597563,10.441331089947703,0.9124872040069117,73.91347904833059,739.1347904833059,1478.2695809666118,OK,OK,True,228,1,16.722961225533535,8.922444173758876,689.550704171198,28
12.0,3,1.25,100.0,0.1,0.30000000000000004,0.02,0.01,cube,16.666666666666664,16.666666666666664,side=1.00,high,8.0,3.0,8.0,3.0,10.831437132509523,2.40917593600991,0.09232385211364018,0.41507968972004816,8.912696285128126,9.008844006126145,8.080772258397444,20.593723991475393,344.775352085599,153.37290359760834,902.1270040194635,300.70900133982116,288.03379356531406,1.031454951681039,16.14531601455081,0.9035993928330077,73.91368168121984,739.1368168121984,1478.2736336243968,OK,OK,True,247,1,20.593723991475393,8.912696285128126,344.775352085599,29
12.0,3,1.25,100.0,0.1,0.30000000000000004,0.02,0.005,cube,16.666666666666664,16.666666666666664,side=1.00,high,8.0,3.0,8.0,3.0,10.831437132509523,2.40917593600991,0.09232385211364018,0.41507968972004816,8.912696285128126,9.008844006126145,8.080839714547785,20.752807417178765,344.775352085599,306.7458071952167,902.1270040194635,300.70900133982116,288.03379356531406,1.031454951681039,16.14732411632766,0.9037117795800166,73.91368168121984,739.1368168121984,1478.2736336243968,OK,OK,True,246,1,20.752807417178765,8.912696285128126,344.775352085599,30
12.0,3,1.25,100.0,0.1,0.30000000000000004,0.01,0.01,cube,16.666666666666664,16.666666666666664,side=1.00,high,8.0,3.0,8.0,3.0,10.831437132509523,2.40917593600991,0.09232385211364018,0.41507968972004816,8.922444173758876,9.751328950394928,8.080772258397444,20.593723991475393,689.550704171198,153.37290359760834,910.7680034090885,303.58933446969615,288.03003294721367,1.0413347153597563,16.14531601455081,0.9035993928330077,73.91368168121984,739.1368168121984,1478.2736336243968,OK,OK,True,245,1,20.593723991475393,8.922444173758876,689.550704171198,31
12.0,3,1.25,100.0,0.1,0.30000000000000004,0.01,0.005,cube,16.666666666666664,16.666666666666664,side=1.00,high,8.0,3.0,8.0,3.0,10.831437132509523,2.40917593600991,0.09232385211364018,0.41507968972004816,8.922444173758876,9.751328950394928,8.080839714547785,20.752807417178765,689.550704171198,306.7458071952167,910.7680034090885,303.58933446969615,288.03003294721367,1.0413347153597563,16.14732411632766,0.9037117795800166,73.91368168121984,739.1368168121984,1478.2736336243968,OK,OK,True,244,1,20.752807417178765,8.922444173758876,689.550704171198,32
15.0,3,0.5,100.0,0.1,0.30000000000000004,0.02,0.01,cube,16.666666666666664,16.666666666666664,side=1.00,high,8.0,3.0,8.0,3.0,11.056234260151822,6.707819415222983,0.090446708750025,0.14907974381817163,8.996129668115946,7.7640555640640025,8.61620327890676,7.874409143930947,351.9308668970254,427.0330469202098,902.9311002307338,300.9770334102446,287.9556143035829,1.0323743222519755,2.212788089718564,0.9666996181391478,66.10998376254908,661.0998376254907,1322.1996752509815,OK,OK,True,391,1,7.874409143930947,8.996129668115946,427.0330469202098,33
15.0,3,0.5,100.0,0.1,0.30000000000000004,0.02,0.005,cube,16.666666666666664,16.666666666666664,side=1.00,high,8.0,3.0,8.0,3.0,11.056234260151822,6.707819415222983,0.090446708750025,0.14907974381817163,8.996129668115946,7.7640555640640025,8.617683673420746,7.936791508778007,351.9308668970254,854.0660938404196,902.9311002307338,300.9770334102446,287.9556143035829,1.0323743222519755,2.2159606257576496,0.9683976184295139,66.10998376254908,661.0998376254907,1322.1996752509815,OK,OK,True,390,1,7.936791508778007,8.996129668115946,854.0660938404196,34
15.0,3,0.5,100.0,0.1,0.30000000000000004,0.01,0.01,cube,16.666666666666664,16.666666666666664,side=1.00,high,8.0,3.0,8.0,3.0,11.056234260151822,6.707819415222983,0.090446708750025,0.14907974381817163,9.006538320767955,8.81232888015825,8.61620327890676,7.874409143930947,703.8617337940508,427.0330469202098,910.6031130451755,303.5343710150585,287.9490588818649,1.04114618649233,2.212788089718564,0.9666996181391478,66.10998376254908,661.0998376254907,1322.1996752509815,OK,OK,True,389,1,8.81232888015825,9.006538320767955,703.8617337940508,35
15.0,3,0.5,100.0,0.1,0.30000000000000004,0.01,0.005,cube,16.666666666666664,16.666666666666664,side=1.00,high,8.0,3.0,8.0,3.0,11.056234260151822,6.707819415222983,0.090446708750025,0.14907974381817163,9.006538320767955,8.81232888015825,8.617683673420746,7.936791508778007,703.8617337940508,854.0660938404196,910.6031130451755,303.5343710150585,287.9490588818649,1.04114618649233,2.2159606257576496,0.9683976184295139,66.10998376254908,661.0998376254907,1322.1996752509815,OK,OK,True,388,1,8.81232888015825,9.006538320767955,854.0660938404196,36
15.0,3,0.75,100.0,0.1,0.30000000000000004,0.02,0.01,cube,16.666666666666664,16.666666666666664,side=1.00,high,8.0,3.0,8.0,3.0,11.056234260151822,4.476013289322344,0.090446708750025,0.22341309897035566,8.996129668115946,7.7640555640640025,8.278228251331273,11.349247020797549,351.9308668970254,284.951856136266,902.9311002307338,300.9770334102446,287.9556143035829,1.0323743222519755,4.776699824994204,0.9290856766891838,66.11008446600725,661.1008446600725,1322.201689320145,OK,OK,True,407,1,11.349247020797549,8.996129668115946,351.9308668970254,37
15.0,3,0.75,100.0,0.1,0.30000000000000004,0.02,0.005,cube,16.666666666666664,16.666666666666664,side=1.00,high,8.0,3.0,8.0,3.0,11.056234260151822,4.476013289322344,0.090446708750025,0.22341309897035566,8.996129668115946,7.7640555640640025,8.278761649145231,11.438407828766966,351.9308668970254,569.903712272532,902.9311002307338,300.9770334102446,287.9556143035829,1.0323743222519755,4.780517544207131,0.9298057548970741,66.11008446600725,661.1008446600725,1322.201689320145,OK,OK,True,406,1,11.438407828766966,8.996129668115946,569.903712272532,38
15.0,3,0.75,100.0,0.1,0.30000000000000004,0.01,0.01,cube,16.666666666666664,16.666666666666664,side=1.00,high,8.0,3.0,8.0,3.0,11.056234260151822,4.476013289322344,0.090446708750025,0.22341309897035566,9.006538320767955,8.81232888015825,8.278228251331273,11.349247020797549,703.8617337940508,284.951856136266,910.6031130451755,303.5343710150585,287.9490588818649,1.04114618649233,4.776699824994204,0.9290856766891838,66.11008446600725,661.1008446600725,1322.201689320145,OK,OK,True,405,1,11.349247020797549,9.006538320767955,703.8617337940508,39
15.0,3,0.75,100.0,0.1,0.30000000000000004,0.01,0.005,cube,16.666666666666664,16.666666666666664,side=1.00,high,8.0,3.0,8.0,3.0,11.056234260151822,4.476013289322344,0.090446708750025,0.22341309897035566,9.006538320767955,8.81232888015825,8.278761649145231,11.438407828766966,703.8617337940508,569.903712272532,910.6031130451755,303.5343710150585,287.9490588818649,1.04114618649233,4.780517544207131,0.9298057548970741,66.11008446600725,661.1008446600725,1322.201689320145,OK,OK,True,404,1,11.438407828766966,9.006538320767955,703.8617337940508,40
15.0,3,1.0,100.0,0.1,0.30000000000000004,0.02,0.01,cube,16.666666666666664,16.666666666666664,side=1.00,high,8.0,3.0,8.0,3.0,11.056234260151822,3.361349069908243,0.090446708750025,0.2974995988819744,8.996129668115946,7.7640555640640025,8.157644890599892,14.901969519529356,351.9308668970254,213.9901279732967,902.9311002307338,300.9770334102446,287.9556143035829,1.0323743222519755,8.438641885352526,0.9215071152625275,66.11022544222946,661.1022544222947,1322.2045088445893,OK,OK,True,423,1,14.901969519529356,8.996129668115946,351.9308668970254,41
15.0,3,1.0,100.0,0.1,0.30000000000000004,0.02,0.005,cube,16.666666666666664,16.666666666666664,side=1.00,high,8.0,3.0,8.0,3.0,11.056234260151822,3.361349069908243,0.090446708750025,0.2974995988819744,8.996129668115946,7.7640555640640025,8.157829706948144,15.021328545299921,351.9308668970254,427.9802559465934,902.9311002307338,300.9770334102446,287.9556143035829,1.0323743222519755,8.441083113820081,0.9217736995581283,66.11022544222946,661.1022544222947,1322.2045088445893,OK,OK,True,422,1,15.021328545299921,8.996129668115946,427.9802559465934,42
15.0,3,1.0,100.0,0.1,0.30000000000000004,0.01,0.01,cube,16.666666666666664,16.666666666666664,side=1.00,high,8.0,3.0,8.0,3.0,11.056234260151822,3.361349069908243,0.090446708750025,0.2974995988819744,9.006538320767955,8.81232888015825,8.157644890599892,14.901969519529356,703.8617337940508,213.9901279732967,910.6031130451755,303.5343710150585,287.9490588818649,1.04114618649233,8.438641885352526,0.9215071152625275,66.11022544222946,661.1022544222947,1322.2045088445893,OK,OK,True,421,1,14.901969519529356,9.006538320767955,703.8617337940508,43
15.0,3,1.0,100.0,0.1,0.30000000000000004,0.01,0.005,cube,16.666666666666664,16.666666666666664,side=1.00,high,8.0,3.0,8.0,3.0,11.056234260151822,3.361349069908243,0.090446708750025,0.2974995988819744,9.006538320767955,8.81232888015825,8.157829706948144,15.021328545299921,703.8617337940508,427.9802559465934,910.6031130451755,303.5343710150585,287.9490588818649,1.04114618649233,8.441083113820081,0.9217736995581283,66.11022544222946,661.1022544222947,1322.2045088445893,OK,OK,True,420,1,15.021328545299921,9.006538320767955,703.8617337940508,44
15.0,3,1.25,100.0,0.1,0.30000000000000004,0.02,0.01,cube,16.666666666666664,16.666666666666664,side=1.00,high,8.0,3.0,8.0,3.0,11.056234260151822,2.693540581336843,0.090446708750025,0.371258560917499,8.996129668115946,7.7640555640640025,8.094443055840314,18.4668206377012,351.9308668970254,171.4761191753504,902.9311002307338,300.9770334102446,287.9556143035829,1.0323743222519755,13.08226769990725,0.9143008883576099,66.1104066825954,661.104066825954,1322.208133651908,OK,OK,True,439,1,18.4668206377012,8.996129668115946,351.9308668970254,45
15.0,3,1.25,100.0,0.1,0.30000000000000004,0.02,0.005,cube,16.666666666666664,16.666666666666664,side=1.00,high,8.0,3.0,8.0,3.0,11.056234260151822,2.693540581336843,0.090446708750025,0.371258560917499,8.996129668115946,7.7640555640640025,8.094509547927332,18.61558903870171,351.9308668970254,342.9522383507008,902.9311002307338,300.9770334102446,287.9556143035829,1.0323743222519755,13.085867260767074,0.914552456492992,66.1104066825954,661.104066825954,1322.208133651908,OK,OK,True,438,1,18.61558903870171,8.996129668115946,351.9308668970254,46
15.0,3,1.25,100.0,0.1,0.30000000000000004,0.01,0.01,cube,16.666666666666664,16.666666666666664,side=1.00,high,8.0,3.0,8.0,3.0,11.056234260151822,2.693540581336843,0.090446708750025,0.371258560917499,9.006538320767955,8.81232888015825,8.094443055840314,18.4668206377012,703.8617337940508,171.4761191753504,910.6031130451755,303.5343710150585,287.9490588818649,1.04114618649233,13.08226769990725,0.9143008883576099,66.1104066825954,661.104066825954,1322.208133651908,OK,OK,True,437,1,18.4668206377012,9.006538320767955,703.8617337940508,47
15.0,3,1.25,100.0,0.1,0.30000000000000004,0.01,0.005,cube,16.666666666666664,16.666666666666664,side=1.00,high,8.0,3.0,8.0,3.0,11.056234260151822,2.693540581336843,0.090446708750025,0.371258560917499,9.006538320767955,8.81232888015825,8.094509547927332,18.61558903870171,703.8617337940508,342.9522383507008,910.6031130451755,303.5343710150585,287.9490588818649,1.04114618649233,13.085867260767074,0.914552456492992,66.1104066825954,661.104066825954,1322.208133651908,OK,OK,True,436,1,18.61558903870171,9.006538320767955,703.8617337940508,48
18.0,3,0.5,100.0,0.1,0.30000000000000004,0.02,0.01,cube,16.666666666666664,16.666666666666664,side=1.00,high,8.0,3.0,8.0,3.0,11.294972830899464,7.348048010639717,0.08853496285217412,0.13609056426305802,9.069090450966165,7.423662458402152,8.733424011830454,7.285626260628259,359.5301516252617,467.7912651879515,905.570993029008,301.856997676336,287.8950919087517,1.035392667215107,1.868750907760942,0.9818167978024142,60.34988230508064,603.4988230508064,1206.9976461016129,OK,OK,True,583,1,7.423662458402152,9.069090450966165,467.7912651879515,49
18.0,3,0.5,100.0,0.1,0.30000000000000004,0.02,0.005,cube,16.666666666666664,16.666666666666664,side=1.00,high,8.0,3.0,8.0,3.0,11.294972830899464,7.348048010639717,0.08853496285217412,0.13609056426305802,9.069090450966165,7.423662458402152,8.735489257798944,7.344030203425771,359.5301516252617,935.582530375903,905.570993029008,301.856997676336,287.8950919087517,1.035392667215107,1.8722472219100434,0.9836537146155249,60.34988230508064,603.4988230508064,1206.9976461016129,OK,OK,True,582,1,7.423662458402152,9.069090450966165,935.582530375903,50
18.0,3,0.5,100.0,0.1,0.30000000000000004,0.01,0.01,cube,16.666666666666664,16.666666666666664,side=1.00,high,8.0,3.0,8.0,3.0,11.294972830899464,7.348048010639717,0.08853496285217412,0.13609056426305802,9.079996517197635,8.24688775094655,8.733424011830454,7.285626260628259,719.0603032505234,467.7912651879515,912.7159570313067,304.23865234376893,287.88576373820734,1.0435619254979407,1.868750907760942,0.9818167978024142,60.34988230508064,603.4988230508064,1206.9976461016129,OK,OK,True,581,1,8.24688775094655,9.079996517197635,719.0603032505234,51
18.0,3,0.5,100.0,0.1,0.30000000000000004,0.01,0.005,cube,16.666666666666664,16.666666666666664,side=1.00,high,8.0,3.0,8.0,3.0,11.294972830899464,7.348048010639717,0.08853496285217412,0.13609056426305802,9.079996517197635,8.24688775094655,8.735489257798944,7.344030203425771,719.0603032505234,935.582530375903,912.7159570313067,304.23865234376893,287.88576373820734,1.0435619254979407,1.8722472219100434,0.9836537146155249,60.34988230508064,603.4988230508064,1206.9976461016129,OK,OK,True,580,1,8.24688775094655,9.079996517197635,935.582530375903,52
18.0,3,0.75,100.0,0.1,0.30000000000000004,0.02,0.01,cube,16.666666666666664,16.666666666666664,side=1.00,high,8.0,3.0,8.0,3.0,11.294972830899464,4.903226892539199,0.08853496285217412,0.20394732324576095,9.069090450966165,7.423662458402152,8.33118473694574,10.428255470349448,359.5301516252617,312.1491188194908,905.570993029008,301.856997676336,287.8950919087517,1.035392667215107,4.034835921520932,0.9399629462940734,60.34997423434008,603.4997423434008,1206.9994846868017,OK,OK,True,599,1,10.428255470349448,9.069090450966165,359.5301516252617,53
18.0,3,0.75,100.0,0.1,0.30000000000000004,0.02,0.005,cube,16.666666666666664,16.666666666666664,side=1.00,high,8.0,3.0,8.0,3.0,11.294972830899464,4.903226892539199,0.08853496285217412,0.20394732324576095,9.069090450966165,7.423662458402152,8.331720004670872,10.511148025783546,359.5301516252617,624.2982376389816,905.570993029008,301.856997676336,287.8950919087517,1.035392667215107,4.039607938714308,0.9410746443725324,60.34997423434008,603.4997423434008,1206.9994846868017,OK,OK,True,598,1,10.511148025783546,9.069090450966165,624.2982376389816,54
18.0,3,0.75,100.0,0.1,0.30000000000000004,0.01,0.01,cube,16.666666666666664,16.666666666666664,side=1.00,high,8.0,3.0,8.0,3.0,11.294972830899464,4.903226892539199,0.08853496285217412,0.20394732324576095,9.079996517197635,8.24688775094655,8.33118473694574,10.428255470349448,719.0603032505234,312.1491188194908,912.7159570313067,304.23865234376893,287.88576373820734,1.0435619254979407,4.034835921520932,0.9399629462940734,60.34997423434008,603.4997423434008,1206.9994846868017,OK,OK,True,597,1,10.428255470349448,9.079996517197635,719.0603032505234,55
18.0,3,0.75,100.0,0.1,0.30000000000000004,0.01,0.005,cube,16.666666666666664,16.666666666666664,side=1.00,high,8.0,3.0,8.0,3.0,11.294972830899464,4.903226892539199,0.08853496285217412,0.20394732324576095,9.079996517197635,8.24688775094655,8.331720004670872,10.511148025783546,719.0603032505234,624.2982376389816,912.7159570313067,304.23865234376893,287.88576373820734,1.0435619254979407,4.039607938714308,0.9410746443725324,60.34997423434008,603.4997423434008,1206.9994846868017,OK,OK,True,596,1,10.511148025783546,9.079996517197635,719.0603032505234,56
18.0,3,1.0,100.0,0.1,0.30000000000000004,0.02,0.01,cube,16.666666666666664,16.666666666666664,side=1.00,high,8.0,3.0,8.0,3.0,11.294972830899464,3.682173418478895,0.08853496285217412,0.2715787352604104,9.069090450966165,7.423662458402152,8.18312958723759,13.651459319535297,359.5301516252617,234.41444034899928,905.570993029008,301.856997676336,287.8950919087517,1.035392667215107,7.0829363540854695,0.9281554547639705,60.35010292743504,603.5010292743503,1207.0020585487007,OK,OK,True,615,1,13.651459319535297,9.069090450966165,359.5301516252617,57
18.0,3,1.0,100.0,0.1,0.30000000000000004,0.02,0.005,cube,16.666666666666664,16.666666666666664,side=1.00,high,8.0,3.0,8.0,3.0,11.294972830899464,3.682173418478895,0.08853496285217412,0.2715787352604104,9.069090450966165,7.423662458402152,8.18347018291094,13.759744318359921,359.5301516252617,468.82888069799856,905.570993029008,301.856997676336,287.8950919087517,1.035392667215107,7.086006248941971,0.9285577370257574,60.35010292743504,603.5010292743503,1207.0020585487007,OK,OK,True,614,1,13.759744318359921,9.069090450966165,468.82888069799856,58
18.0,3,1.0,100.0,0.1,0.30000000000000004,0.01,0.01,cube,16.666666666666664,16.666666666666664,side=1.00,high,8.0,3.0,8.0,3.0,11.294972830899464,3.682173418478895,0.08853496285217412,0.2715787352604104,9.079996517197635,8.24688775094655,8.18312958723759,13.651459319535297,719.0603032505234,234.41444034899928,912.7159570313067,304.23865234376893,287.88576373820734,1.0435619254979407,7.0829363540854695,0.9281554547639705,60.35010292743504,603.5010292743503,1207.0020585487007,OK,OK,True,613,1,13.651459319535297,9.079996517197635,719.0603032505234,59
18.0,3,1.0,100.0,0.1,0.30000000000000004,0.01,0.005,cube,16.666666666666664,16.666666666666664,side=1.00,high,8.0,3.0,8.0,3.0,11.294972830899464,3.682173418478895,0.08853496285217412,0.2715787352604104,9.079996517197635,8.24688775094655,8.18347018291094,13.759744318359921,719.0603032505234,468.82888069799856,912.7159570313067,304.23865234376893,287.88576373820734,1.0435619254979407,7.086006248941971,0.9285577370257574,60.35010292743504,603.5010292743503,1207.0020585487007,OK,OK,True,612,1,13.759744318359921,9.079996517197635,719.0603032505234,60
18.0,3,1.25,100.0,0.1,0.30000000000000004,0.02,0.01,cube,16.666666666666664,16.666666666666664,side=1.00,high,8.0,3.0,8.0,3.0,11.294972830899464,2.9506258719017615,0.08853496285217412,0.3389111474696966,9.069090450966165,7.423662458402152,8.115043507082978,16.887857942837094,359.5301516252617,187.8426770911996,905.570993029008,301.856997676336,287.8950919087517,1.035392667215107,11.006776907222738,0.9230973835796792,60.3502683764963,603.502683764963,1207.005367529926,OK,OK,True,631,1,16.887857942837094,9.069090450966165,359.5301516252617,61
18.0,3,1.25,100.0,0.1,0.30000000000000004,0.02,0.005,cube,16.666666666666664,16.666666666666664,side=1.00,high,8.0,3.0,8.0,3.0,11.294972830899464,2.9506258719017615,0.08853496285217412,0.3389111474696966,9.069090450966165,7.423662458402152,8.115222453338294,17.01647671598734,359.5301516252617,375.6853541823992,905.570993029008,301.856997676336,287.8950919087517,1.035392667215107,11.01158742851168,0.9235008240830079,60.3502683764963,603.502683764963,1207.005367529926,OK,OK,True,630,1,17.01647671598734,9.069090450966165,375.6853541823992,62
18.0,3,1.25,100.0,0.1,0.30000000000000004,0.01,0.01,cube,16.666666666666664,16.666666666666664,side=1.00,high,8.0,3.0,8.0,3.0,11.294972830899464,2.9506258719017615,0.08853496285217412,0.3389111474696966,9.079996517197635,8.24688775094655,8.115043507082978,16.887857942837094,719.0603032505234,187.8426770911996,912.7159570313067,304.23865234376893,287.88576373820734,1.0435619254979407,11.006776907222738,0.9230973835796792,60.3502683764963,603.502683764963,1207.005367529926,OK,OK,True,629,1,16.887857942837094,9.079996517197635,719.0603032505234,63
18.0,3,1.25,100.0,0.1,0.30000000000000004,0.01,0.005,cube,16.666666666666664,16.666666666666664,side=1.00,high,8.0,3.0,8.0,3.0,11.294972830899464,2.9506258719017615,0.08853496285217412,0.3389111474696966,9.079996517197635,8.24688775094655,8.115222453338294,17.01647671598734,719.0603032505234,375.6853541823992,912.7159570313067,304.23865234376893,287.88576373820734,1.0435619254979407,11.01158742851168,0.9235008240830079,60.3502683764963,603.502683764963,1207.005367529926,OK,OK,True,628,1,17.01647671598734,9.079996517197635,719.0603032505234,64
10.0,3,0.5,100.0,0.1,0.30000000000000004,0.02,0.01,solid_sphere,15.395846399999996,15.395846399999996,R=0.62,high,8.0,3.0,8.0,3.0,10.698284669828576,5.26552383249321,0.09347292868549398,0.18991462802410353,8.78331213384261,9.178018243128063,8.385202519042727,9.774692521858734,340.5369775614927,335.2136583637902,901.6806972163922,300.5602324054641,288.1235937994842,1.0309446628193315,3.225630100754705,0.9418154621712034,80.96787165473815,809.6787165473814,1619.3574330947629,OK,OK,True,11,2,9.774692521858734,8.78331213384261,340.5369775614927,65
10.0,3,0.5,100.0,0.1,0.30000000000000004,0.02,0.005,solid_sphere,15.395846399999996,15.395846399999996,R=0.62,high,8.0,3.0,8.0,3.0,10.698284669828576,5.26552383249321,0.09347292868549398,0.18991462802410353,8.78331213384261,9.178018243128063,8.385948574283994,9.851215347955588,340.5369775614927,670.4273167275804,901.6806972163922,300.5602324054641,288.1235937994842,1.0309446628193315,3.228945947649128,0.9427836190205052,80.96787165473815,809.6787165473814,1619.3574330947629,OK,OK,True,10,2,9.851215347955588,8.78331213384261,670.4273167275804,66
10.0,3,0.5,100.0,0.1,0.30000000000000004,0.01,0.005,solid_sphere,15.395846399999996,15.395846399999996,R=0.62,high,8.0,3.0,8.0,3.0,10.698284669828576,5.26552383249321,0.09347292868549398,0.18991462802410353,8.791903101559827,9.914167337860922,8.385948574283994,9.851215347955588,681.0739551229854,670.4273167275804,904.7161317220567,301.5720439073522,288.1188009842983,1.0344152539194993,3.228945947649128,0.9427836190205052,80.96787165473815,809.6787165473814,1619.3574330947629,OK,OK,True,8,2,9.914167337860922,8.791903101559827,681.0739551229854,67
10.0,3,0.5,100.0,0.1,0.30000000000000004,0.01,0.01,solid_sphere,15.395846399999996,15.395846399999996,R=0.62,high,8.0,3.0,8.0,3.0,10.698284669828576,5.26552383249321,0.09347292868549398,0.18991462802410353,8.791903101559827,9.914167337860922,8.385202519042727,9.774692521858734,681.0739551229854,335.2136583637902,904.7161317220567,301.5720439073522,288.1188009842983,1.0344152539194993,3.225630100754705,0.9418154621712034,80.96787165473815,809.6787165473814,1619.3574330947629,OK,OK,True,9,2,9.914167337860922,8.791903101559827,681.0739551229854,68
10.0,3,0.75,100.0,0.1,0.30000000000000004,0.02,0.01,solid_sphere,15.395846399999996,15.395846399999996,R=0.62,high,8.0,3.0,8.0,3.0,10.698284669828576,3.5138649267622095,0.09347292868549398,0.2845869209097439,8.78331213384261,9.178018243128063,8.170186465107738,14.288218929098157,340.5369775614927,223.6995889805786,901.6806972163922,300.5602324054641,288.1235937994842,1.0309446628193315,7.055635520663668,0.913643291158558,80.96800510703487,809.6800510703487,1619.3601021406973,OK,OK,True,27,2,14.288218929098157,8.78331213384261,340.5369775614927,69
10.0,3,0.75,100.0,0.1,0.30000000000000004,0.02,0.005,solid_sphere,15.395846399999996,15.395846399999996,R=0.62,high,8.0,3.0,8.0,3.0,10.698284669828576,3.5138649267622095,0.09347292868549398,0.2845869209097439,8.78331213384261,9.178018243128063,8.17037165916322,14.402939584887232,340.5369775614927,447.3991779611572,901.6806972163922,300.5602324054641,288.1235937994842,1.0309446628193315,7.056403846830297,0.913904000988296,80.96800510703487,809.6800510703487,1619.3601021406973,OK,OK,True,26,2,14.402939584887232,8.78331213384261,447.3991779611572,70
10.0,3,0.75,100.0,0.1,0.30000000000000004,0.01,0.01,solid_sphere,15.395846399999996,15.395846399999996,R=0.62,high,8.0,3.0,8.0,3.0,10.698284669828576,3.5138649267622095,0.09347292868549398,0.2845869209097439,8.791903101559827,9.914167337860922,8.170186465107738,14.288218929098157,681.0739551229854,223.6995889805786,904.7161317220567,301.5720439073522,288.1188009842983,1.0344152539194993,7.055635520663668,0.913643291158558,80.96800510703487,809.6800510703487,1619.3601021406973,OK,OK,True,25,2,14.288218929098157,8.791903101559827,681.0739551229854,71
10.0,3,0.75,100.0,0.1,0.30000000000000004,0.01,0.005,solid_sphere,15.395846399999996,15.395846399999996,R=0.62,high,8.0,3.0,8.0,3.0,10.698284669828576,3.5138649267622095,0.09347292868549398,0.2845869209097439,8.791903101559827,9.914167337860922,8.17037165916322,14.402939584887232,681.0739551229854,447.3991779611572,904.7161317220567,301.5720439073522,288.1188009842983,1.0344152539194993,7.056403846830297,0.913904000988296,80.96800510703487,809.6800510703487,1619.3601021406973,OK,OK,True,24,2,14.402939584887232,8.791903101559827,681.0739551229854,72
10.0,3,1.0,100.0,0.1,0.30000000000000004,0.02,0.01,solid_sphere,15.395846399999996,15.395846399999996,R=0.62,high,8.0,3.0,8.0,3.0,10.698284669828576,2.6390890373357836,0.09347292868549398,0.37891862906206497,8.78331213384261,9.178018243128063,8.09240782163667,18.822846032392526,340.5369775614927,168.00962622064858,901.6806972163922,300.5602324054641,288.1235937994842,1.0309446628193315,12.4030038960532,0.9035466180667743,80.96819192789069,809.6819192789069,1619.3638385578138,OK,OK,True,43,2,18.822846032392526,8.78331213384261,340.5369775614927,73
10.0,3,1.0,100.0,0.1,0.30000000000000004,0.02,0.005,solid_sphere,15.395846399999996,15.395846399999996,R=0.62,high,8.0,3.0,8.0,3.0,10.698284669828576,2.6390890373357836,0.09347292868549398,0.37891862906206497,8.78331213384261,9.178018243128063,8.09247383806576,18.96946808775057,340.5369775614927,336.01925244129717,901.6806972163922,300.5602324054641,288.1235937994842,1.0309446628193315,12.406163610292381,0.9037768001370853,80.96819192789069,809.6819192789069,1619.3638385578138,OK,OK,True,42,2,18.96946808775057,8.78331213384261,340.5369775614927,74
10.0,3,1.0,100.0,0.1,0.30000000000000004,0.01,0.01,solid_sphere,15.395846399999996,15.395846399999996,R=0.62,high,8.0,3.0,8.0,3.0,10.698284669828576,2.6390890373357836,0.09347292868549398,0.37891862906206497,8.791903101559827,9.914167337860922,8.09240782163667,18.822846032392526,681.0739551229854,168.00962622064858,904.7161317220567,301.5720439073522,288.1188009842983,1.0344152539194993,12.4030038960532,0.9035466180667743,80.96819192789069,809.6819192789069,1619.3638385578138,OK,OK,True,41,2,18.822846032392526,8.791903101559827,681.0739551229854,75
10.0,3,1.0,100.0,0.1,0.30000000000000004,0.01,0.005,solid_sphere,15.395846399999996,15.395846399999996,R=0.62,high,8.0,3.0,8.0,3.0,10.698284669828576,2.6390890373357836,0.09347292868549398,0.37891862906206497,8.791903101559827,9.914167337860922,8.09247383806576,18.96946808775057,681.0739551229854,336.01925244129717,904.7161317220567,301.5720439073522,288.1188009842983,1.0344152539194993,12.406163610292381,0.9037768001370853,80.96819192789069,809.6819192789069,1619.3638385578138,OK,OK,True,40,2,18.96946808775057,8.791903101559827,681.0739551229854,76
10.0,3,1.25,100.0,0.1,0.30000000000000004,0.02,0.01,solid_sphere,15.395846399999996,15.395846399999996,R=0.62,high,8.0,3.0,8.0,3.0,10.698284669828576,2.1150654125575685,0.09347292868549398,0.4727986160913979,8.78331213384261,9.178018243128063,8.06036594792757,23.394317982258787,340.5369775614927,134.6492461484944,901.6806972163922,300.5602324054641,288.1235937994842,1.0309446628193315,19.3494331760819,0.9021357757152337,80.9684321049445,809.684321049445,1619.36864209889,OK,OK,True,59,2,23.394317982258787,8.78331213384261,340.5369775614927,77
10.0,3,1.25,100.0,0.1,0.30000000000000004,0.02,0.005,solid_sphere,15.395846399999996,15.395846399999996,R=0.62,high,8.0,3.0,8.0,3.0,10.698284669828576,2.1150654125575685,0.09347292868549398,0.4727986160913979,8.78331213384261,9.178018243128063,8.060431761608646,23.571255475636377,340.5369775614927,269.2984922969888,901.6806972163922,300.5602324054641,288.1235937994842,1.0309446628193315,19.35460486202871,0.902376897140907,80.9684321049445,809.684321049445,1619.36864209889,OK,OK,True,58,2,23.571255475636377,8.78331213384261,340.5369775614927,78
10.0,3,1.25,100.0,0.1,0.30000000000000004,0.01,0.01,solid_sphere,15.395846399999996,15.395846399999996,R=0.62,high,8.0,3.0,8.0,3.0,10.698284669828576,2.1150654125575685,0.09347292868549398,0.4727986160913979,8.791903101559827,9.914167337860922,8.06036594792757,23.394317982258787,681.0739551229854,134.6492461484944,904.7161317220567,301.5720439073522,288.1188009842983,1.0344152539194993,19.3494331760819,0.9021357757152337,80.9684321049445,809.684321049445,1619.36864209889,OK,OK,True,57,2,23.394317982258787,8.791903101559827,681.0739551229854,79
10.0,3,1.25,100.0,0.1,0.30000000000000004,0.01,0.005,solid_sphere,15.395846399999996,15.395846399999996,R=0.62,high,8.0,3.0,8.0,3.0,10.698284669828576,2.1150654125575685,0.09347292868549398,0.4727986160913979,8.791903101559827,9.914167337860922,8.060431761608646,23.571255475636377,681.0739551229854,269.2984922969888,904.7161317220567,301.5720439073522,288.1188009842983,1.0344152539194993,19.35460486202871,0.902376897140907,80.9684321049445,809.684321049445,1619.36864209889,OK,OK,True,56,2,23.571255475636377,8.791903101559827,681.0739551229854,80
12.0,3,0.5,100.0,0.1,0.30000000000000004,0.02,0.01,solid_sphere,15.395846399999996,15.395846399999996,R=0.62,high,8.0,3.0,8.0,3.0,10.840125791867527,5.768092360135333,0.09224985200358278,0.17336754295254342,8.83807630788138,8.92612031713381,8.460071105903152,9.000834515410753,345.0519207027327,367.20816453045416,905.3367838403649,301.7789279467883,288.08633778268916,1.0351248820515118,2.7112645766053545,0.9477469469007045,73.91321623080536,739.1321623080536,1478.2643246161072,OK,OK,True,203,2,9.000834515410753,8.83807630788138,367.20816453045416,81
12.0,3,0.5,100.0,0.1,0.30000000000000004,0.02,0.005,solid_sphere,15.395846399999996,15.395846399999996,R=0.62,high,8.0,3.0,8.0,3.0,10.840125791867527,5.768092360135333,0.09224985200358278,0.17336754295254342,8.83807630788138,8.92612031713381,8.46104690530764,9.07305918623787,345.0519207027327,734.4163290609083,905.3367838403649,301.7789279467883,288.08633778268916,1.0351248820515118,2.7144545770830057,0.9488620402926934,73.91321623080536,739.1321623080536,1478.2643246161072,OK,OK,True,202,2,9.07305918623787,8.83807630788138,734.4163290609083,82
12.0,3,0.5,100.0,0.1,0.30000000000000004,0.01,0.01,solid_sphere,15.395846399999996,15.395846399999996,R=0.62,high,8.0,3.0,8.0,3.0,10.840125791867527,5.768092360135333,0.09224985200358278,0.17336754295254342,8.84761256534042,9.82136452878556,8.460071105903152,9.000834515410753,690.1038414054653,367.20816453045416,911.789775930892,303.92992531029734,288.07678257339154,1.0425029680807258,2.7112645766053545,0.9477469469007045,73.91321623080536,739.1321623080536,1478.2643246161072,OK,OK,True,201,2,9.82136452878556,8.84761256534042,690.1038414054653,83
12.0,3,0.5,100.0,0.1,0.30000000000000004,0.01,0.005,solid_sphere,15.395846399999996,15.395846399999996,R=0.62,high,8.0,3.0,8.0,3.0,10.840125791867527,5.768092360135333,0.09224985200358278,0.17336754295254342,8.84761256534042,9.82136452878556,8.46104690530764,9.07305918623787,690.1038414054653,734.4163290609083,911.789775930892,303.92992531029734,288.07678257339154,1.0425029680807258,2.7144545770830057,0.9488620402926934,73.91321623080536,739.1321623080536,1478.2643246161072,OK,OK,True,200,2,9.82136452878556,8.84761256534042,734.4163290609083,84
12.0,3,0.75,100.0,0.1,0.30000000000000004,0.02,0.01,solid_sphere,15.395846399999996,15.395846399999996,R=0.62,high,8.0,3.0,8.0,3.0,10.840125791867527,3.8492461687525843,0.09224985200358278,0.25979112692708545,8.83807630788138,8.92612031713381,8.206350723331159,13.098285664871284,345.0519207027327,245.0506219738055,905.3367838403649,301.7789279467883,288.08633778268916,1.0351248820515118,5.924368029544625,0.9225544553315671,73.91333805552746,739.1333805552746,1478.2667611105492,OK,OK,True,219,2,13.098285664871284,8.83807630788138,345.0519207027327,85
12.0,3,0.75,100.0,0.1,0.30000000000000004,0.02,0.005,solid_sphere,15.395846399999996,15.395846399999996,R=0.62,high,8.0,3.0,8.0,3.0,10.840125791867527,3.8492461687525843,0.09224985200358278,0.25979112692708545,8.83807630788138,8.92612031713381,8.206701531937906,13.20269619614203,345.0519207027327,490.101243947611,905.3367838403649,301.7789279467883,288.08633778268916,1.0351248820515118,5.9275103808855505,0.9230437885761142,73.91333805552746,739.1333805552746,1478.2667611105492,OK,OK,True,218,2,13.20269619614203,8.83807630788138,490.101243947611,86
12.0,3,0.75,100.0,0.1,0.30000000000000004,0.01,0.01,solid_sphere,15.395846399999996,15.395846399999996,R=0.62,high,8.0,3.0,8.0,3.0,10.840125791867527,3.8492461687525843,0.09224985200358278,0.25979112692708545,8.84761256534042,9.82136452878556,8.206350723331159,13.098285664871284,690.1038414054653,245.0506219738055,911.789775930892,303.92992531029734,288.07678257339154,1.0425029680807258,5.924368029544625,0.9225544553315671,73.91333805552746,739.1333805552746,1478.2667611105492,OK,OK,True,217,2,13.098285664871284,8.84761256534042,690.1038414054653,87
12.0,3,0.75,100.0,0.1,0.30000000000000004,0.01,0.005,solid_sphere,15.395846399999996,15.395846399999996,R=0.62,high,8.0,3.0,8.0,3.0,10.840125791867527,3.8492461687525843,0.09224985200358278,0.25979112692708545,8.84761256534042,9.82136452878556,8.206701531937906,13.20269619614203,690.1038414054653,490.101243947611,911.789775930892,303.92992531029734,288.07678257339154,1.0425029680807258,5.9275103808855505,0.9230437885761142,73.91333805552746,739.1333805552746,1478.2667611105492,OK,OK,True,216,2,13.20269619614203,8.84761256534042,690.1038414054653,88
12.0,3,1.0,100.0,0.1,0.30000000000000004,0.02,0.01,solid_sphere,15.395846399999996,15.395846399999996,R=0.62,high,8.0,3.0,8.0,3.0,10.840125791867527,2.8909771939940665,0.09224985200358278,0.3459038009976264,8.83807630788138,8.92612031713381,8.108282663517898,17.253119781061528,345.0519207027327,184.04532431603718,905.3367838403649,301.7789279467883,288.08633778268916,1.0351248820515118,10.422955584599318,0.9107848374932497,73.91350859885573,739.1350859885573,1478.2701719771146,OK,OK,True,235,2,17.253119781061528,8.83807630788138,345.0519207027327,89
12.0,3,1.0,100.0,0.1,0.30000000000000004,0.02,0.005,solid_sphere,15.395846399999996,15.395846399999996,R=0.62,high,8.0,3.0,8.0,3.0,10.840125791867527,2.8909771939940665,0.09224985200358278,0.3459038009976264,8.83807630788138,8.92612031713381,8.108461106415431,17.389394347855742,345.0519207027327,368.09064863207436,905.3367838403649,301.7789279467883,288.08633778268916,1.0351248820515118,10.42437322732899,0.9110044561207554,73.91350859885573,739.1350859885573,1478.2701719771146,OK,OK,True,234,2,17.389394347855742,8.83807630788138,368.09064863207436,90
12.0,3,1.0,100.0,0.1,0.30000000000000004,0.01,0.01,solid_sphere,15.395846399999996,15.395846399999996,R=0.62,high,8.0,3.0,8.0,3.0,10.840125791867527,2.8909771939940665,0.09224985200358278,0.3459038009976264,8.84761256534042,9.82136452878556,8.108282663517898,17.253119781061528,690.1038414054653,184.04532431603718,911.789775930892,303.92992531029734,288.07678257339154,1.0425029680807258,10.422955584599318,0.9107848374932497,73.91350859885573,739.1350859885573,1478.2701719771146,OK,OK,True,233,2,17.253119781061528,8.84761256534042,690.1038414054653,91
12.0,3,1.0,100.0,0.1,0.30000000000000004,0.01,0.005,solid_sphere,15.395846399999996,15.395846399999996,R=0.62,high,8.0,3.0,8.0,3.0,10.840125791867527,2.8909771939940665,0.09224985200358278,0.3459038009976264,8.84761256534042,9.82136452878556,8.108461106415431,17.389394347855742,690.1038414054653,368.09064863207436,911.789775930892,303.92992531029734,288.07678257339154,1.0425029680807258,10.42437322732899,0.9110044561207554,73.91350859885573,739.1350859885573,1478.2701719771146,OK,OK,True,232,2,17.389394347855742,8.84761256534042,690.1038414054653,92
12.0,3,1.25,100.0,0.1,0.30000000000000004,0.02,0.01,solid_sphere,15.395846399999996,15.395846399999996,R=0.62,high,8.0,3.0,8.0,3.0,10.840125791867527,2.316938074116869,0.09224985200358278,0.43160411198351206,8.83807630788138,8.92612031713381,8.075114046263788,21.36585501198207,345.0519207027327,147.50085893340636,905.3367838403649,301.7789279467883,288.08633778268916,1.0351248820515118,16.138978588614005,0.9032447082778425,73.913727849506,739.1372784950601,1478.2745569901201,OK,OK,True,251,2,21.36585501198207,8.83807630788138,345.0519207027327,93
12.0,3,1.25,100.0,0.1,0.30000000000000004,0.02,0.005,solid_sphere,15.395846399999996,15.395846399999996,R=0.62,high,8.0,3.0,8.0,3.0,10.840125791867527,2.316938074116869,0.09224985200358278,0.43160411198351206,8.83807630788138,8.92612031713381,8.075181552899032,21.53664872207565,345.0519207027327,295.0017178668127,905.3367838403649,301.7789279467883,288.08633778268916,1.0351248820515118,16.140998203207065,0.9033577393587082,73.913727849506,739.1372784950601,1478.2745569901201,OK,OK,True,250,2,21.53664872207565,8.83807630788138,345.0519207027327,94
12.0,3,1.25,100.0,0.1,0.30000000000000004,0.01,0.01,solid_sphere,15.395846399999996,15.395846399999996,R=0.62,high,8.0,3.0,8.0,3.0,10.840125791867527,2.316938074116869,0.09224985200358278,0.43160411198351206,8.84761256534042,9.82136452878556,8.075114046263788,21.36585501198207,690.1038414054653,147.50085893340636,911.789775930892,303.92992531029734,288.07678257339154,1.0425029680807258,16.138978588614005,0.9032447082778425,73.913727849506,739.1372784950601,1478.2745569901201,OK,OK,True,249,2,21.36585501198207,8.84761256534042,690.1038414054653,95
12.0,3,1.25,100.0,0.1,0.30000000000000004,0.01,0.005,solid_sphere,15.395846399999996,15.395846399999996,R=0.62,high,8.0,3.0,8.0,3.0,10.840125791867527,2.316938074116869,0.09224985200358278,0.43160411198351206,8.84761256534042,9.82136452878556,8.075181552899032,21.53664872207565,690.1038414054653,295.0017178668127,911.789775930892,303.92992531029734,288.07678257339154,1.0425029680807258,16.140998203207065,0.9033577393587082,73.913727849506,739.1372784950601,1478.2745569901201,OK,OK,True,248,2,21.53664872207565,8.84761256534042,690.1038414054653,96
15.0,3,0.5,100.0,0.1,0.30000000000000004,0.02,0.01,solid_sphere,15.395846399999996,15.395846399999996,R=0.62,high,8.0,3.0,8.0,3.0,11.065511233160759,6.448923309037458,0.09037088110337216,0.15506464444981224,8.910651384484698,8.287045583862417,8.568935273575335,8.152474007450607,352.22616211928585,410.5512089015416,907.1213295107293,302.37377650357644,288.04253768068867,1.0371652582513118,2.200853640825757,0.9613406124948505,66.10999037108864,661.0999037108865,1322.199807421773,OK,OK,True,395,2,8.287045583862417,8.910651384484698,410.5512089015416,97
15.0,3,0.5,100.0,0.1,0.30000000000000004,0.02,0.005,solid_sphere,15.395846399999996,15.395846399999996,R=0.62,high,8.0,3.0,8.0,3.0,11.065511233160759,6.448923309037458,0.09037088110337216,0.15506464444981224,8.910651384484698,8.287045583862417,8.570413210953257,8.217104040279796,352.22616211928585,821.1024178030832,907.1213295107293,302.37377650357644,288.04253768068867,1.0371652582513118,2.204020313362571,0.9627238261986791,66.10999037108864,661.0999037108865,1322.199807421773,OK,OK,True,394,2,8.287045583862417,8.910651384484698,821.1024178030832,98
15.0,3,0.5,100.0,0.1,0.30000000000000004,0.01,0.01,solid_sphere,15.395846399999996,15.395846399999996,R=0.62,high,8.0,3.0,8.0,3.0,11.065511233160759,6.448923309037458,0.09037088110337216,0.15506464444981224,8.91907354054647,8.547809783191328,8.568935273575335,8.152474007450607,704.4523242385717,410.5512089015416,909.243714337722,303.081238112574,288.0398752474926,1.0395919058623695,2.200853640825757,0.9613406124948505,66.10999037108864,661.0999037108865,1322.199807421773,OK,OK,True,393,2,8.547809783191328,8.91907354054647,704.4523242385717,99
15.0,3,0.5,100.0,0.1,0.30000000000000004,0.01,0.005,solid_sphere,15.395846399999996,15.395846399999996,R=0.62,high,8.0,3.0,8.0,3.0,11.065511233160759,6.448923309037458,0.09037088110337216,0.15506464444981224,8.91907354054647,8.547809783191328,8.570413210953257,8.217104040279796,704.4523242385717,821.1024178030832,909.243714337722,303.081238112574,288.0398752474926,1.0395919058623695,2.204020313362571,0.9627238261986791,66.10999037108864,661.0999037108865,1322.199807421773,OK,OK,True,392,2,8.547809783191328,8.91907354054647,821.1024178030832,100
15.0,3,0.75,100.0,0.1,0.30000000000000004,0.02,0.01,solid_sphere,15.395846399999996,15.395846399999996,R=0.62,high,8.0,3.0,8.0,3.0,11.065511233160759,4.303588047782062,0.09037088110337216,0.23236424790132257,8.910651384484698,8.287045583862417,8.254446400077022,11.782386967970595,352.22616211928585,273.9749243342861,907.1213295107293,302.37377650357644,288.04253768068867,1.0371652582513118,4.772695274213485,0.9273876198759409,66.11009933443265,661.1009933443265,1322.201986688653,OK,OK,True,411,2,11.782386967970595,8.910651384484698,352.22616211928585,101
15.0,3,0.75,100.0,0.1,0.30000000000000004,0.02,0.005,solid_sphere,15.395846399999996,15.395846399999996,R=0.62,high,8.0,3.0,8.0,3.0,11.065511233160759,4.303588047782062,0.09037088110337216,0.23236424790132257,8.910651384484698,8.287045583862417,8.254794414198734,11.875709671265373,352.22616211928585,547.9498486685721,907.1213295107293,302.37377650357644,288.04253768068867,1.0371652582513118,4.774107060230654,0.928112991131085,66.11009933443265,661.1009933443265,1322.201986688653,OK,OK,True,410,2,11.875709671265373,8.910651384484698,547.9498486685721,102
15.0,3,0.75,100.0,0.1,0.30000000000000004,0.01,0.01,solid_sphere,15.395846399999996,15.395846399999996,R=0.62,high,8.0,3.0,8.0,3.0,11.065511233160759,4.303588047782062,0.09037088110337216,0.23236424790132257,8.91907354054647,8.547809783191328,8.254446400077022,11.782386967970595,704.4523242385717,273.9749243342861,909.243714337722,303.081238112574,288.0398752474926,1.0395919058623695,4.772695274213485,0.9273876198759409,66.11009933443265,661.1009933443265,1322.201986688653,OK,OK,True,409,2,11.782386967970595,8.91907354054647,704.4523242385717,103
15.0,3,0.75,100.0,0.1,0.30000000000000004,0.01,0.005,solid_sphere,15.395846399999996,15.395846399999996,R=0.62,high,8.0,3.0,8.0,3.0,11.065511233160759,4.303588047782062,0.09037088110337216,0.23236424790132257,8.91907354054647,8.547809783191328,8.254794414198734,11.875709671265373,704.4523242385717,547.9498486685721,909.243714337722,303.081238112574,288.0398752474926,1.0395919058623695,4.774107060230654,0.928112991131085,66.11009933443265,661.1009933443265,1322.201986688653,OK,OK,True,408,2,11.875709671265373,8.91907354054647,704.4523242385717,104
15.0,3,1.0,100.0,0.1,0.30000000000000004,0.02,0.01,solid_sphere,15.395846399999996,15.395846399999996,R=0.62,high,8.0,3.0,8.0,3.0,11.065511233160759,3.232210763608143,0.09037088110337216,0.3093857650803971,8.910651384484698,8.287045583862417,8.14603105142931,15.48651333862624,352.22616211928585,205.76892805722625,907.1213295107293,302.37377650357644,288.04253768068867,1.0371652582513118,8.429036636944454,0.9204582136890095,66.11025187302266,661.1025187302266,1322.2050374604532,OK,OK,True,427,2,15.48651333862624,8.910651384484698,352.22616211928585,105
15.0,3,1.0,100.0,0.1,0.30000000000000004,0.02,0.005,solid_sphere,15.395846399999996,15.395846399999996,R=0.62,high,8.0,3.0,8.0,3.0,11.065511233160759,3.232210763608143,0.09037088110337216,0.3093857650803971,8.910651384484698,8.287045583862417,8.146215603881851,15.608318416720158,352.22616211928585,411.5378561144525,907.1213295107293,302.37377650357644,288.04253768068867,1.0371652582513118,8.431460170688306,0.9207228657052201,66.11025187302266,661.1025187302266,1322.2050374604532,OK,OK,True,426,2,15.608318416720158,8.910651384484698,411.5378561144525,106
15.0,3,1.0,100.0,0.1,0.30000000000000004,0.01,0.01,solid_sphere,15.395846399999996,15.395846399999996,R=0.62,high,8.0,3.0,8.0,3.0,11.065511233160759,3.232210763608143,0.09037088110337216,0.3093857650803971,8.91907354054647,8.547809783191328,8.14603105142931,15.48651333862624,704.4523242385717,205.76892805722625,909.243714337722,303.081238112574,288.0398752474926,1.0395919058623695,8.429036636944454,0.9204582136890095,66.11025187302266,661.1025187302266,1322.2050374604532,OK,OK,True,425,2,15.48651333862624,8.91907354054647,704.4523242385717,107
15.0,3,1.0,100.0,0.1,0.30000000000000004,0.01,0.005,solid_sphere,15.395846399999996,15.395846399999996,R=0.62,high,8.0,3.0,8.0,3.0,11.065511233160759,3.232210763608143,0.09037088110337216,0.3093857650803971,8.91907354054647,8.547809783191328,8.146215603881851,15.608318416720158,704.4523242385717,411.5378561144525,909.243714337722,303.081238112574,288.0398752474926,1.0395919058623695,8.431460170688306,0.9207228657052201,66.11025187302266,661.1025187302266,1322.2050374604532,OK,OK,True,424,2,15.608318416720158,8.91907354054647,704.4523242385717,108
15.0,3,1.25,100.0,0.1,0.30000000000000004,0.02,0.01,solid_sphere,15.395846399999996,15.395846399999996,R=0.62,high,8.0,3.0,8.0,3.0,11.065511233160759,2.590415516695756,0.09037088110337216,0.3860384535047741,8.910651384484698,8.287045583862417,8.089898985404444,19.18040621409582,352.22616211928585,164.9109736576303,907.1213295107293,302.37377650357644,288.04253768068867,1.0371652582513118,13.058945128595465,0.9126709073666767,66.11044797676591,661.1044797676591,1322.2089595353182,OK,OK,True,443,2,19.18040621409582,8.910651384484698,352.22616211928585,109
15.0,3,1.25,100.0,0.1,0.30000000000000004,0.02,0.005,solid_sphere,15.395846399999996,15.395846399999996,R=0.62,high,8.0,3.0,8.0,3.0,11.065511233160759,2.590415516695756,0.09037088110337216,0.3860384535047741,8.910651384484698,8.287045583862417,8.089966255446397,19.326039382114136,352.22616211928585,329.8219473152606,907.1213295107293,302.37377650357644,288.04253768068867,1.0371652582513118,13.062488121591374,0.9129185220553463,66.11044797676591,661.1044797676591,1322.2089595353182,OK,OK,True,442,2,19.326039382114136,8.910651384484698,352.22616211928585,110
15.0,3,1.25,100.0,0.1,0.30000000000000004,0.01,0.01,solid_sphere,15.395846399999996,15.395846399999996,R=0.62,high,8.0,3.0,8.0,3.0,11.065511233160759,2.590415516695756,0.09037088110337216,0.3860384535047741,8.91907354054647,8.547809783191328,8.089898985404444,19.18040621409582,704.4523242385717,164.9109736576303,909.243714337722,303.081238112574,288.0398752474926,1.0395919058623695,13.058945128595465,0.9126709073666767,66.11044797676591,661.1044797676591,1322.2089595353182,OK,OK,True,441,2,19.18040621409582,8.91907354054647,704.4523242385717,111
15.0,3,1.25,100.0,0.1,0.30000000000000004,0.01,0.005,solid_sphere,15.395846399999996,15.395846399999996,R=0.62,high,8.0,3.0,8.0,3.0,11.065511233160759,2.590415516695756,0.09037088110337216,0.3860384535047741,8.91907354054647,8.547809783191328,8.089966255446397,19.326039382114136,704.4523242385717,329.8219473152606,909.243714337722,303.081238112574,288.0398752474926,1.0395919058623695,13.062488121591374,0.9129185220553463,66.11044797676591,661.1044797676591,1322.2089595353182,OK,OK,True,440,2,19.326039382114136,8.91907354054647,704.4523242385717,112
18.0,3,0.5,100.0,0.1,0.30000000000000004,0.02,0.01,solid_sphere,15.395846399999996,15.395846399999996,R=0.62,high,8.0,3.0,8.0,3.0,11.304774906700896,7.0644415359695305,0.08845819649246185,0.14155400606097013,8.982461518227492,7.555641664782352,8.680424022991588,7.5364284193806785,359.84216138853355,449.7363162533009,906.2026301275539,302.0675433758513,287.9654841177194,1.0361148551221953,1.855578486994921,0.9748961836520262,60.34988833782429,603.4988833782429,1206.9977667564858,OK,OK,True,587,2,7.555641664782352,8.982461518227492,449.7363162533009,113
18.0,3,0.5,100.0,0.1,0.30000000000000004,0.02,0.005,solid_sphere,15.395846399999996,15.395846399999996,R=0.62,high,8.0,3.0,8.0,3.0,11.304774906700896,7.0644415359695305,0.08845819649246185,0.14155400606097013,8.982461518227492,7.555641664782352,8.682186334080374,7.5963161422515615,359.84216138853355,899.4726325066018,906.2026301275539,302.0675433758513,287.9654841177194,1.0361148551221953,1.8590725634614567,0.9767319248165675,60.34988833782429,603.4988833782429,1206.9977667564858,OK,OK,True,586,2,7.5963161422515615,8.982461518227492,899.4726325066018,114
18.0,3,0.5,100.0,0.1,0.30000000000000004,0.01,0.01,solid_sphere,15.395846399999996,15.395846399999996,R=0.62,high,8.0,3.0,8.0,3.0,11.304774906700896,7.0644415359695305,0.08845819649246185,0.14155400606097013,8.99137823669103,8.104151841158442,8.680424022991588,7.5364284193806785,719.6843227770671,449.7363162533009,911.9673541714893,303.9891180571631,287.9594559884914,1.04270600374506,1.855578486994921,0.9748961836520262,60.34988833782429,603.4988833782429,1206.9977667564858,OK,OK,True,585,2,8.104151841158442,8.99137823669103,719.6843227770671,115
18.0,3,0.5,100.0,0.1,0.30000000000000004,0.01,0.005,solid_sphere,15.395846399999996,15.395846399999996,R=0.62,high,8.0,3.0,8.0,3.0,11.304774906700896,7.0644415359695305,0.08845819649246185,0.14155400606097013,8.99137823669103,8.104151841158442,8.682186334080374,7.5963161422515615,719.6843227770671,899.4726325066018,911.9673541714893,303.9891180571631,287.9594559884914,1.04270600374506,1.8590725634614567,0.9767319248165675,60.34988833782429,603.4988833782429,1206.9977667564858,OK,OK,True,584,2,8.104151841158442,8.99137823669103,899.4726325066018,116
18.0,3,0.75,100.0,0.1,0.30000000000000004,0.02,0.01,solid_sphere,15.395846399999996,15.395846399999996,R=0.62,high,8.0,3.0,8.0,3.0,11.304774906700896,4.714344503913523,0.08845819649246185,0.21211856689087297,8.982461518227492,7.555641664782352,8.309287545249394,10.817902965150832,359.84216138853355,300.1244924943785,906.2026301275539,302.0675433758513,287.9654841177194,1.0361148551221953,4.0195513896686235,0.9364022330774613,60.34998780729335,603.4998780729335,1206.999756145867,OK,OK,True,603,2,10.817902965150832,8.982461518227492,359.84216138853355,117
18.0,3,0.75,100.0,0.1,0.30000000000000004,0.02,0.005,solid_sphere,15.395846399999996,15.395846399999996,R=0.62,high,8.0,3.0,8.0,3.0,11.304774906700896,4.714344503913523,0.08845819649246185,0.21211856689087297,8.982461518227492,7.555641664782352,8.309825069941791,10.902003502753745,359.84216138853355,600.248984988757,906.2026301275539,302.0675433758513,287.9654841177194,1.0361148551221953,4.024337336591222,0.9375171762517742,60.34998780729335,603.4998780729335,1206.999756145867,OK,OK,True,602,2,10.902003502753745,8.982461518227492,600.248984988757,118
18.0,3,0.75,100.0,0.1,0.30000000000000004,0.01,0.01,solid_sphere,15.395846399999996,15.395846399999996,R=0.62,high,8.0,3.0,8.0,3.0,11.304774906700896,4.714344503913523,0.08845819649246185,0.21211856689087297,8.99137823669103,8.104151841158442,8.309287545249394,10.817902965150832,719.6843227770671,300.1244924943785,911.9673541714893,303.9891180571631,287.9594559884914,1.04270600374506,4.0195513896686235,0.9364022330774613,60.34998780729335,603.4998780729335,1206.999756145867,OK,OK,True,601,2,10.817902965150832,8.99137823669103,719.6843227770671,119
18.0,3,0.75,100.0,0.1,0.30000000000000004,0.01,0.005,solid_sphere,15.395846399999996,15.395846399999996,R=0.62,high,8.0,3.0,8.0,3.0,11.304774906700896,4.714344503913523,0.08845819649246185,0.21211856689087297,8.99137823669103,8.104151841158442,8.309825069941791,10.902003502753745,719.6843227770671,600.248984988757,911.9673541714893,303.9891180571631,287.9594559884914,1.04270600374506,4.024337336591222,0.9375171762517742,60.34998780729335,603.4998780729335,1206.999756145867,OK,OK,True,600,2,10.902003502753745,8.99137823669103,719.6843227770671,120
18.0,3,1.0,100.0,0.1,0.30000000000000004,0.02,0.01,solid_sphere,15.395846399999996,15.395846399999996,R=0.62,high,8.0,3.0,8.0,3.0,11.304774906700896,3.5407094916708735,0.08845819649246185,0.2824292708431429,8.982461518227492,7.555641664782352,8.171270348279368,14.187504969335999,359.84216138853355,225.4085670607246,906.2026301275539,302.0675433758513,287.9654841177194,1.0361148551221953,7.07733778481079,0.9274218123378077,60.35012705533778,603.5012705533778,1207.0025411067556,OK,OK,True,619,2,14.187504969335999,8.982461518227492,359.84216138853355,121
18.0,3,1.0,100.0,0.1,0.30000000000000004,0.02,0.005,solid_sphere,15.395846399999996,15.395846399999996,R=0.62,high,8.0,3.0,8.0,3.0,11.304774906700896,3.5407094916708735,0.08845819649246185,0.2824292708431429,8.982461518227492,7.555641664782352,8.1714542006767,14.299944480106161,359.84216138853355,450.8171341214492,906.2026301275539,302.0675433758513,287.9654841177194,1.0361148551221953,7.080410833439457,0.9278245078732275,60.35012705533778,603.5012705533778,1207.0025411067556,OK,OK,True,618,2,14.299944480106161,8.982461518227492,450.8171341214492,122
18.0,3,1.0,100.0,0.1,0.30000000000000004,0.01,0.01,solid_sphere,15.395846399999996,15.395846399999996,R=0.62,high,8.0,3.0,8.0,3.0,11.304774906700896,3.5407094916708735,0.08845819649246185,0.2824292708431429,8.99137823669103,8.104151841158442,8.171270348279368,14.187504969335999,719.6843227770671,225.4085670607246,911.9673541714893,303.9891180571631,287.9594559884914,1.04270600374506,7.07733778481079,0.9274218123378077,60.35012705533778,603.5012705533778,1207.0025411067556,OK,OK,True,617,2,14.187504969335999,8.99137823669103,719.6843227770671,123
18.0,3,1.0,100.0,0.1,0.30000000000000004,0.01,0.005,solid_sphere,15.395846399999996,15.395846399999996,R=0.62,high,8.0,3.0,8.0,3.0,11.304774906700896,3.5407094916708735,0.08845819649246185,0.2824292708431429,8.99137823669103,8.104151841158442,8.1714542006767,14.299944480106161,719.6843227770671,450.8171341214492,911.9673541714893,303.9891180571631,287.9594559884914,1.04270600374506,7.080410833439457,0.9278245078732275,60.35012705533778,603.5012705533778,1207.0025411067556,OK,OK,True,616,2,14.299944480106161,8.99137823669103,719.6843227770671,124
18.0,3,1.25,100.0,0.1,0.30000000000000004,0.02,0.01,solid_sphere,15.395846399999996,15.395846399999996,R=0.62,high,8.0,3.0,8.0,3.0,11.304774906700896,2.8376580236136144,0.08845819649246185,0.35240328174800656,8.982461518227492,7.555641664782352,8.100010031820881,17.5413823804763,359.84216138853355,180.650920504994,906.2026301275539,302.0675433758513,287.9654841177194,1.0361148551221953,10.993169461897264,0.9219561778222601,60.350306072744104,603.503060727441,1207.006121454882,OK,OK,True,635,2,17.5413823804763,8.982461518227492,359.84216138853355,125
18.0,3,1.25,100.0,0.1,0.30000000000000004,0.02,0.005,solid_sphere,15.395846399999996,15.395846399999996,R=0.62,high,8.0,3.0,8.0,3.0,11.304774906700896,2.8376580236136144,0.08845819649246185,0.35240328174800656,8.982461518227492,7.555641664782352,8.100184725375279,17.681646552874458,359.84216138853355,361.301841009988,906.2026301275539,302.0675433758513,287.9654841177194,1.0361148551221953,10.99797816370817,0.922359465732743,60.350306072744104,603.503060727441,1207.006121454882,OK,OK,True,634,2,17.681646552874458,8.982461518227492,361.301841009988,126
18.0,3,1.25,100.0,0.1,0.30000000000000004,0.01,0.01,solid_sphere,15.395846399999996,15.395846399999996,R=0.62,high,8.0,3.0,8.0,3.0,11.304774906700896,2.8376580236136144,0.08845819649246185,0.35240328174800656,8.99137823669103,8.104151841158442,8.100010031820881,17.5413823804763,719.6843227770671,180.650920504994,911.9673541714893,303.9891180571631,287.9594559884914,1.04270600374506,10.993169461897264,0.9219561778222601,60.350306072744104,603.503060727441,1207.006121454882,OK,OK,True,633,2,17.5413823804763,8.99137823669103,719.6843227770671,127
18.0,3,1.25,100.0,0.1,0.30000000000000004,0.01,0.005,solid_sphere,15.395846399999996,15.395846399999996,R=0.62,high,8.0,3.0,8.0,3.0,11.304774906700896,2.8376580236136144,0.08845819649246185,0.35240328174800656,8.99137823669103,8.104151841158442,8.100184725375279,17.681646552874458,719.6843227770671,361.301841009988,911.9673541714893,303.9891180571631,287.9594559884914,1.04270600374506,10.99797816370817,0.922359465732743,60.350306072744104,603.503060727441,1207.006121454882,OK,OK,True,632,2,17.681646552874458,8.99137823669103,719.6843227770671,128
10.0,3,0.5,100.0,0.1,0.30000000000000004,0.02,0.01,rectangular_box,20.909478749999995,38.069615999999996,"a=1.78, b=1.19, c=0.47",high,8.0,3.0,8.0,3.0,10.672100954916349,8.24164152464597,0.09370226202173687,0.12133505164105717,9.150712322204232,15.400985624005816,8.921448395787847,6.552038394425861,339.7035240301347,524.6791951355324,948.7049621057832,316.23498736859443,287.84176527323706,1.0847102752588373,3.4235056460670603,0.9986744229667814,80.96780843307458,809.6780843307458,1619.3561686614917,OK,OK,True,15,4,15.400985624005816,9.150712322204232,524.6791951355324,129
10.0,3,0.5,100.0,0.1,0.30000000000000004,0.01,0.01,rectangular_box,20.909478749999995,38.069615999999996,"a=1.78, b=1.19, c=0.47",high,8.0,3.0,8.0,3.0,10.672100954916349,8.24164152464597,0.09370226202173687,0.12133505164105717,9.41817047825059,15.809967585360253,8.921448395787847,6.552038394425861,679.4070480602694,524.6791951355324,952.719847644641,317.5732825482137,287.62855425788445,1.0893007304287152,3.4235056460670603,0.9986744229667814,80.96780843307458,809.6780843307458,1619.3561686614917,OK,OK,True,13,4,15.809967585360253,9.41817047825059,679.4070480602694,130
10.0,3,0.5,100.0,0.1,0.30000000000000004,0.02,0.005,rectangular_box,20.909478749999995,38.069615999999996,"a=1.78, b=1.19, c=0.47",high,8.0,3.0,8.0,3.0,10.672100954916349,8.24164152464597,0.09370226202173687,0.12133505164105717,9.150712322204232,15.400985624005816,9.470133195715452,6.605618732712259,339.7035240301347,1049.3583902710648,948.7049621057832,316.23498736859443,287.84176527323706,1.0847102752588373,3.4304294579304058,1.0008058199838348,80.96780843307458,809.6780843307458,1619.3561686614917,OK,OK,True,14,4,15.400985624005816,9.470133195715452,1049.3583902710648,131
10.0,3,0.5,100.0,0.1,0.30000000000000004,0.01,0.005,rectangular_box,20.909478749999995,38.069615999999996,"a=1.78, b=1.19, c=0.47",high,8.0,3.0,8.0,3.0,10.672100954916349,8.24164152464597,0.09370226202173687,0.12133505164105717,9.41817047825059,15.809967585360253,9.470133195715452,6.605618732712259,679.4070480602694,1049.3583902710648,952.719847644641,317.5732825482137,287.62855425788445,1.0893007304287152,3.4304294579304058,1.0008058199838348,80.96780843307458,809.6780843307458,1619.3561686614917,OK,OK,True,12,4,15.809967585360253,9.470133195715452,1049.3583902710648,132
10.0,3,0.75,100.0,0.1,0.30000000000000004,0.02,0.01,rectangular_box,20.909478749999995,38.069615999999996,"a=1.78, b=1.19, c=0.47",high,8.0,3.0,8.0,3.0,10.672100954916349,5.496617807011762,0.09370226202173687,0.1819300586488567,9.150712322204232,15.400985624005816,8.420353043109056,9.297409545324506,339.7035240301347,349.92555770914225,948.7049621057832,316.23498736859443,287.84176527323706,1.0847102752588373,7.2838786934615065,0.9452168157059532,80.96786286381167,809.6786286381167,1619.3572572762334,OK,OK,True,31,4,15.400985624005816,9.150712322204232,349.92555770914225,133
10.0,3,0.75,100.0,0.1,0.30000000000000004,0.02,0.005,rectangular_box,20.909478749999995,38.069615999999996,"a=1.78, b=1.19, c=0.47",high,8.0,3.0,8.0,3.0,10.672100954916349,5.496617807011762,0.09370226202173687,0.1819300586488567,9.150712322204232,15.400985624005816,8.442993126699365,9.371295392471515,339.7035240301347,699.8511154182845,948.7049621057832,316.23498736859443,287.84176527323706,1.0847102752588373,7.291320877337709,0.9461825755217607,80.96786286381167,809.6786286381167,1619.3572572762334,OK,OK,True,30,4,15.400985624005816,9.150712322204232,699.8511154182845,134
10.0,3,0.75,100.0,0.1,0.30000000000000004,0.01,0.01,rectangular_box,20.909478749999995,38.069615999999996,"a=1.78, b=1.19, c=0.47",high,8.0,3.0,8.0,3.0,10.672100954916349,5.496617807011762,0.09370226202173687,0.1819300586488567,9.41817047825059,15.809967585360253,8.420353043109056,9.297409545324506,679.4070480602694,349.92555770914225,952.719847644641,317.5732825482137,287.62855425788445,1.0893007304287152,7.2838786934615065,0.9452168157059532,80.96786286381167,809.6786286381167,1619.3572572762334,OK,OK,True,29,4,15.809967585360253,9.41817047825059,679.4070480602694,135
10.0,3,0.75,100.0,0.1,0.30000000000000004,0.01,0.005,rectangular_box,20.909478749999995,38.069615999999996,"a=1.78, b=1.19, c=0.47",high,8.0,3.0,8.0,3.0,10.672100954916349,5.496617807011762,0.09370226202173687,0.1819300586488567,9.41817047825059,15.809967585360253,8.442993126699365,9.371295392471515,679.4070480602694,699.8511154182845,952.719847644641,317.5732825482137,287.62855425788445,1.0893007304287152,7.291320877337709,0.9461825755217607,80.96786286381167,809.6786286381167,1619.3572572762334,OK,OK,True,28,4,15.809967585360253,9.41817047825059,699.8511154182845,136
10.0,3,1.0,100.0,0.1,0.30000000000000004,0.02,0.01,rectangular_box,20.909478749999995,38.069615999999996,"a=1.78, b=1.19, c=0.47",high,8.0,3.0,8.0,3.0,10.672100954916349,4.124762637157564,0.09370226202173687,0.24243819292571828,9.150712322204232,15.400985624005816,8.239520230513818,12.135078505299886,339.7035240301347,262.5905451137553,948.7049621057832,316.23498736859443,287.84176527323706,1.0847102752588373,12.682337517926804,0.9232816069780193,80.96793906478844,809.6793906478844,1619.3587812957687,OK,OK,True,47,4,15.400985624005816,9.150712322204232,339.7035240301347,137
10.0,3,1.0,100.0,0.1,0.30000000000000004,0.02,0.005,rectangular_box,20.909478749999995,38.069615999999996,"a=1.78, b=1.19, c=0.47",high,8.0,3.0,8.0,3.0,10.672100954916349,4.124762637157564,0.09370226202173687,0.24243819292571828,9.150712322204232,15.400985624005816,8.239867478442607,12.232303717523934,339.7035240301347,525.1810902275106,948.7049621057832,316.23498736859443,287.84176527323706,1.0847102752588373,12.690589528236323,0.9238823581667179,80.96793906478844,809.6793906478844,1619.3587812957687,OK,OK,True,46,4,15.400985624005816,9.150712322204232,525.1810902275106,138
10.0,3,1.0,100.0,0.1,0.30000000000000004,0.01,0.005,rectangular_box,20.909478749999995,38.069615999999996,"a=1.78, b=1.19, c=0.47",high,8.0,3.0,8.0,3.0,10.672100954916349,4.124762637157564,0.09370226202173687,0.24243819292571828,9.41817047825059,15.809967585360253,8.239867478442607,12.232303717523934,679.4070480602694,525.1810902275106,952.719847644641,317.5732825482137,287.62855425788445,1.0893007304287152,12.690589528236323,0.9238823581667179,80.96793906478844,809.6793906478844,1619.3587812957687,OK,OK,True,44,4,15.809967585360253,9.41817047825059,679.4070480602694,139
10.0,3,1.0,100.0,0.1,0.30000000000000004,0.01,0.01,rectangular_box,20.909478749999995,38.069615999999996,"a=1.78, b=1.19, c=0.47",high,8.0,3.0,8.0,3.0,10.672100954916349,4.124762637157564,0.09370226202173687,0.24243819292571828,9.41817047825059,15.809967585360253,8.239520230513818,12.135078505299886,679.4070480602694,262.5905451137553,952.719847644641,317.5732825482137,287.62855425788445,1.0893007304287152,12.682337517926804,0.9232816069780193,80.96793906478844,809.6793906478844,1619.3587812957687,OK,OK,True,45,4,15.809967585360253,9.41817047825059,679.4070480602694,140
10.0,3,1.25,100.0,0.1,0.30000000000000004,0.02,0.01,rectangular_box,20.909478749999995,38.069615999999996,"a=1.78, b=1.19, c=0.47",high,8.0,3.0,8.0,3.0,10.672100954916349,3.3021746061754693,0.09370226202173687,0.302830746178557,9.150712322204232,15.400985624005816,8.154331382844978,15.003479545402785,339.7035240301347,210.2229646101435,948.7049621057832,316.23498736859443,287.84176527323706,1.0847102752588373,19.558881454044425,0.9117905773904731,80.96803703394959,809.6803703394959,1619.3607406789918,OK,OK,True,63,4,15.400985624005816,9.150712322204232,339.7035240301347,141
10.0,3,1.25,100.0,0.1,0.30000000000000004,0.02,0.005,rectangular_box,20.909478749999995,38.069615999999996,"a=1.78, b=1.19, c=0.47",high,8.0,3.0,8.0,3.0,10.672100954916349,3.3021746061754693,0.09370226202173687,0.302830746178557,9.150712322204232,15.400985624005816,8.154515812491882,15.117953849987869,339.7035240301347,420.445929220287,948.7049621057832,316.23498736859443,287.84176527323706,1.0847102752588373,19.56093199673124,0.9120490774988123,80.96803703394959,809.6803703394959,1619.3607406789918,OK,OK,True,62,4,15.400985624005816,9.150712322204232,420.445929220287,142
10.0,3,1.25,100.0,0.1,0.30000000000000004,0.01,0.005,rectangular_box,20.909478749999995,38.069615999999996,"a=1.78, b=1.19, c=0.47",high,8.0,3.0,8.0,3.0,10.672100954916349,3.3021746061754693,0.09370226202173687,0.302830746178557,9.41817047825059,15.809967585360253,8.154515812491882,15.117953849987869,679.4070480602694,420.445929220287,952.719847644641,317.5732825482137,287.62855425788445,1.0893007304287152,19.56093199673124,0.9120490774988123,80.96803703394959,809.6803703394959,1619.3607406789918,OK,OK,True,60,4,15.809967585360253,9.41817047825059,679.4070480602694,143
10.0,3,1.25,100.0,0.1,0.30000000000000004,0.01,0.01,rectangular_box,20.909478749999995,38.069615999999996,"a=1.78, b=1.19, c=0.47",high,8.0,3.0,8.0,3.0,10.672100954916349,3.3021746061754693,0.09370226202173687,0.302830746178557,9.41817047825059,15.809967585360253,8.154331382844978,15.003479545402785,679.4070480602694,210.2229646101435,952.719847644641,317.5732825482137,287.62855425788445,1.0893007304287152,19.558881454044425,0.9117905773904731,80.96803703394959,809.6803703394959,1619.3607406789918,OK,OK,True,61,4,15.809967585360253,9.41817047825059,679.4070480602694,144
12.0,3,0.5,100.0,0.1,0.30000000000000004,0.02,0.01,rectangular_box,20.909478749999995,38.069615999999996,"a=1.78, b=1.19, c=0.47",high,8.0,3.0,8.0,3.0,10.812605902429395,9.028265947597127,0.09248464329725715,0.1107632413360785,9.231347386113992,13.474388325502291,9.093527011032002,6.0923969268979565,344.17593541524843,574.757261243327,942.0891757777476,314.02972525924923,287.76669988619796,1.0771460569870066,2.903640349782957,1.0150485507852969,73.91315851758661,739.1315851758661,1478.2631703517322,OK,OK,True,207,4,13.474388325502291,9.231347386113992,574.757261243327,145
12.0,3,0.5,100.0,0.1,0.30000000000000004,0.01,0.01,rectangular_box,20.909478749999995,38.069615999999996,"a=1.78, b=1.19, c=0.47",high,8.0,3.0,8.0,3.0,10.812605902429395,9.028265947597127,0.09248464329725715,0.1107632413360785,9.247464406042688,13.818504963178643,9.093527011032002,6.0923969268979565,688.3518708304969,574.757261243327,945.6416348383453,315.21387827944847,287.7563563568388,1.0812077927208574,2.903640349782957,1.0150485507852969,73.91315851758661,739.1315851758661,1478.2631703517322,OK,OK,True,205,4,13.818504963178643,9.247464406042688,688.3518708304969,146
12.0,3,0.5,100.0,0.1,0.30000000000000004,0.02,0.005,rectangular_box,20.909478749999995,38.069615999999996,"a=1.78, b=1.19, c=0.47",high,8.0,3.0,8.0,3.0,10.812605902429395,9.028265947597127,0.09248464329725715,0.1107632413360785,9.231347386113992,13.474388325502291,9.678473558029271,6.142256103542789,344.17593541524843,1149.514522486654,942.0891757777476,314.02972525924923,287.76669988619796,1.0771460569870066,2.909881407832913,1.0168371482781182,73.91315851758661,739.1315851758661,1478.2631703517322,OK,OK,True,206,4,13.474388325502291,9.678473558029271,1149.514522486654,147
12.0,3,0.5,100.0,0.1,0.30000000000000004,0.01,0.005,rectangular_box,20.909478749999995,38.069615999999996,"a=1.78, b=1.19, c=0.47",high,8.0,3.0,8.0,3.0,10.812605902429395,9.028265947597127,0.09248464329725715,0.1107632413360785,9.247464406042688,13.818504963178643,9.678473558029271,6.142256103542789,688.3518708304969,1149.514522486654,945.6416348383453,315.21387827944847,287.7563563568388,1.0812077927208574,2.909881407832913,1.0168371482781182,73.91315851758661,739.1315851758661,1478.2631703517322,OK,OK,True,204,4,13.818504963178643,9.678473558029271,1149.514522486654,148
12.0,3,0.75,100.0,0.1,0.30000000000000004,0.02,0.01,rectangular_box,20.909478749999995,38.069615999999996,"a=1.78, b=1.19, c=0.47",high,8.0,3.0,8.0,3.0,10.812605902429395,6.021243125720674,0.09248464329725715,0.16607866168505053,9.231347386113992,13.474388325502291,8.503090491829848,8.564622629018444,344.17593541524843,383.3242428066159,942.0891757777476,314.02972525924923,287.76669988619796,1.0771460569870066,6.1349118427235085,0.9531171900974946,73.91320820582416,739.1320820582416,1478.2641641164832,OK,OK,True,223,4,13.474388325502291,9.231347386113992,383.3242428066159,149
12.0,3,0.75,100.0,0.1,0.30000000000000004,0.02,0.005,rectangular_box,20.909478749999995,38.069615999999996,"a=1.78, b=1.19, c=0.47",high,8.0,3.0,8.0,3.0,10.812605902429395,6.021243125720674,0.09248464329725715,0.16607866168505053,9.231347386113992,13.474388325502291,8.652643478201886,8.63481950988229,344.17593541524843,766.6484856132319,942.0891757777476,314.02972525924923,287.76669988619796,1.0771460569870066,6.142107658935678,0.9542351289211365,73.91320820582416,739.1320820582416,1478.2641641164832,OK,OK,True,222,4,13.474388325502291,9.231347386113992,766.6484856132319,150
12.0,3,0.75,100.0,0.1,0.30000000000000004,0.01,0.01,rectangular_box,20.909478749999995,38.069615999999996,"a=1.78, b=1.19, c=0.47",high,8.0,3.0,8.0,3.0,10.812605902429395,6.021243125720674,0.09248464329725715,0.16607866168505053,9.247464406042688,13.818504963178643,8.503090491829848,8.564622629018444,688.3518708304969,383.3242428066159,945.6416348383453,315.21387827944847,287.7563563568388,1.0812077927208574,6.1349118427235085,0.9531171900974946,73.91320820582416,739.1320820582416,1478.2641641164832,OK,OK,True,221,4,13.818504963178643,9.247464406042688,688.3518708304969,151
12.0,3,0.75,100.0,0.1,0.30000000000000004,0.01,0.005,rectangular_box,20.909478749999995,38.069615999999996,"a=1.78, b=1.19, c=0.47",high,8.0,3.0,8.0,3.0,10.812605902429395,6.021243125720674,0.09248464329725715,0.16607866168505053,9.247464406042688,13.818504963178643,8.652643478201886,8.63481950988229,688.3518708304969,766.6484856132319,945.6416348383453,315.21387827944847,287.7563563568388,1.0812077927208574,6.142107658935678,0.9542351289211365,73.91320820582416,739.1320820582416,1478.2641641164832,OK,OK,True,220,4,13.818504963178643,9.247464406042688,766.6484856132319,152
12.0,3,1.0,100.0,0.1,0.30000000000000004,0.02,0.01,rectangular_box,20.909478749999995,38.069615999999996,"a=1.78, b=1.19, c=0.47",high,8.0,3.0,8.0,3.0,10.812605902429395,4.518451081510458,0.09248464329725715,0.2213147784407823,9.231347386113992,13.474388325502291,8.286901916317758,11.138301424720694,344.17593541524843,287.65352989652393,942.0891757777476,314.02972525924923,287.76669988619796,1.0771460569870066,10.65148343984523,0.9306148438297919,73.91327776748064,739.1327776748063,1478.2655553496127,OK,OK,True,239,4,13.474388325502291,9.231347386113992,344.17593541524843,153
12.0,3,1.0,100.0,0.1,0.30000000000000004,0.02,0.005,rectangular_box,20.909478749999995,38.069615999999996,"a=1.78, b=1.19, c=0.47",high,8.0,3.0,8.0,3.0,10.812605902429395,4.518451081510458,0.09248464329725715,0.2213147784407823,9.231347386113992,13.474388325502291,8.287428519158398,11.22493950518592,344.17593541524843,575.3070597930479,942.0891757777476,314.02972525924923,287.76669988619796,1.0771460569870066,10.661427497314742,0.9313898071379692,73.91327776748064,739.1327776748063,1478.2655553496127,OK,OK,True,238,4,13.474388325502291,9.231347386113992,575.3070597930479,154
12.0,3,1.0,100.0,0.1,0.30000000000000004,0.01,0.005,rectangular_box,20.909478749999995,38.069615999999996,"a=1.78, b=1.19, c=0.47",high,8.0,3.0,8.0,3.0,10.812605902429395,4.518451081510458,0.09248464329725715,0.2213147784407823,9.247464406042688,13.818504963178643,8.287428519158398,11.22493950518592,688.3518708304969,575.3070597930479,945.6416348383453,315.21387827944847,287.7563563568388,1.0812077927208574,10.661427497314742,0.9313898071379692,73.91327776748064,739.1327776748063,1478.2655553496127,OK,OK,True,236,4,13.818504963178643,9.247464406042688,688.3518708304969,155
12.0,3,1.0,100.0,0.1,0.30000000000000004,0.01,0.01,rectangular_box,20.909478749999995,38.069615999999996,"a=1.78, b=1.19, c=0.47",high,8.0,3.0,8.0,3.0,10.812605902429395,4.518451081510458,0.09248464329725715,0.2213147784407823,9.247464406042688,13.818504963178643,8.286901916317758,11.138301424720694,688.3518708304969,287.65352989652393,945.6416348383453,315.21387827944847,287.7563563568388,1.0812077927208574,10.65148343984523,0.9306148438297919,73.91327776748064,739.1327776748063,1478.2655553496127,OK,OK,True,237,4,13.818504963178643,9.247464406042688,688.3518708304969,156
12.0,3,1.25,100.0,0.1,0.30000000000000004,0.02,0.01,rectangular_box,20.909478749999995,38.069615999999996,"a=1.78, b=1.19, c=0.47",high,8.0,3.0,8.0,3.0,10.812605902429395,3.617351041269058,0.09248464329725715,0.27644538464510615,9.231347386113992,13.474388325502291,8.178267175716524,13.74347043583414,344.17593541524843,230.28771964663412,942.0891757777476,314.02972525924923,287.76669988619796,1.0771460569870066,16.41215544437255,0.9187177658020402,73.91336720067977,739.1336720067977,1478.2673440135954,OK,OK,True,255,4,13.74347043583414,9.231347386113992,344.17593541524843,157
12.0,3,1.25,100.0,0.1,0.30000000000000004,0.02,0.005,rectangular_box,20.909478749999995,38.069615999999996,"a=1.78, b=1.19, c=0.47",high,8.0,3.0,8.0,3.0,10.812605902429395,3.617351041269058,0.09248464329725715,0.27644538464510615,9.231347386113992,13.474388325502291,8.178449309710862,13.848691012302451,344.17593541524843,460.57543929326823,942.0891757777476,314.02972525924923,287.76669988619796,1.0771460569870066,16.41470315509758,0.9192057384811858,73.91336720067977,739.1336720067977,1478.2673440135954,OK,OK,True,254,4,13.848691012302451,9.231347386113992,460.57543929326823,158
12.0,3,1.25,100.0,0.1,0.30000000000000004,0.01,0.01,rectangular_box,20.909478749999995,38.069615999999996,"a=1.78, b=1.19, c=0.47",high,8.0,3.0,8.0,3.0,10.812605902429395,3.617351041269058,0.09248464329725715,0.27644538464510615,9.247464406042688,13.818504963178643,8.178267175716524,13.74347043583414,688.3518708304969,230.28771964663412,945.6416348383453,315.21387827944847,287.7563563568388,1.0812077927208574,16.41215544437255,0.9187177658020402,73.91336720067977,739.1336720067977,1478.2673440135954,OK,OK,True,253,4,13.818504963178643,9.247464406042688,688.3518708304969,159
12.0,3,1.25,100.0,0.1,0.30000000000000004,0.01,0.005,rectangular_box,20.909478749999995,38.069615999999996,"a=1.78, b=1.19, c=0.47",high,8.0,3.0,8.0,3.0,10.812605902429395,3.617351041269058,0.09248464329725715,0.27644538464510615,9.247464406042688,13.818504963178643,8.178449309710862,13.848691012302451,688.3518708304969,460.57543929326823,945.6416348383453,315.21387827944847,287.7563563568388,1.0812077927208574,16.41470315509758,0.9192057384811858,73.91336720067977,739.1336720067977,1478.2673440135954,OK,OK,True,252,4,13.848691012302451,9.247464406042688,688.3518708304969,160
15.0,3,0.5,100.0,0.1,0.30000000000000004,0.02,0.01,rectangular_box,20.909478749999995,38.069615999999996,"a=1.78, b=1.19, c=0.47",high,8.0,3.0,8.0,3.0,11.03611198273317,10.093908189782509,0.09061162133589941,0.09906965480548391,9.335016304945775,11.274940695009004,9.345987833589366,5.595430540112427,351.29035491353636,642.5981534078605,932.6053246421301,310.8684415473767,287.68097075536895,1.066302611251258,2.3871496280544062,1.0440819687362648,66.1099387508165,661.0993875081649,1322.1987750163298,OK,OK,True,399,4,11.274940695009004,9.345987833589366,642.5981534078605,161
15.0,3,0.5,100.0,0.1,0.30000000000000004,0.01,0.01,rectangular_box,20.909478749999995,38.069615999999996,"a=1.78, b=1.19, c=0.47",high,8.0,3.0,8.0,3.0,11.03611198273317,10.093908189782509,0.09061162133589941,0.09906965480548391,9.351847326653496,11.545836130990176,9.345987833589366,5.595430540112427,702.5807098270727,642.5981534078605,935.538906318868,311.84630210628933,287.6697111978603,1.069656748011548,2.3871496280544062,1.0440819687362648,66.1099387508165,661.0993875081649,1322.1987750163298,OK,OK,True,397,4,11.545836130990176,9.351847326653496,702.5807098270727,162
15.0,3,0.5,100.0,0.1,0.30000000000000004,0.02,0.005,rectangular_box,20.909478749999995,38.069615999999996,"a=1.78, b=1.19, c=0.47",high,8.0,3.0,8.0,3.0,11.03611198273317,10.093908189782509,0.09061162133589941,0.09906965480548391,9.335016304945775,11.274940695009004,9.948827168775916,5.642217773984223,351.29035491353636,1285.196306815721,932.6053246421301,310.8684415473767,287.68097075536895,1.066302611251258,2.3932922232510276,1.0471126000680737,66.1099387508165,661.0993875081649,1322.1987750163298,OK,OK,True,398,4,11.274940695009004,9.948827168775916,1285.196306815721,163
15.0,3,0.5,100.0,0.1,0.30000000000000004,0.01,0.005,rectangular_box,20.909478749999995,38.069615999999996,"a=1.78, b=1.19, c=0.47",high,8.0,3.0,8.0,3.0,11.03611198273317,10.093908189782509,0.09061162133589941,0.09906965480548391,9.351847326653496,11.545836130990176,9.948827168775916,5.642217773984223,702.5807098270727,1285.196306815721,935.538906318868,311.84630210628933,287.6697111978603,1.069656748011548,2.3932922232510276,1.0471126000680737,66.1099387508165,661.0993875081649,1322.1987750163298,OK,OK,True,396,4,11.545836130990176,9.948827168775916,1285.196306815721,164
15.0,3,0.75,100.0,0.1,0.30000000000000004,0.02,0.01,rectangular_box,20.909478749999995,38.069615999999996,"a=1.78, b=1.19, c=0.47",high,8.0,3.0,8.0,3.0,11.03611198273317,6.73195446904809,0.09061162133589941,0.1485452708567415,9.335016304945775,11.274940695009004,8.6248535757297,7.764799092542759,351.29035491353636,428.5695321674317,932.6053246421301,310.8684415473767,287.68097075536895,1.066302611251258,4.981072553711637,0.9672917434417875,66.10998319332722,661.0998319332723,1322.1996638665446,OK,OK,True,415,4,11.274940695009004,9.335016304945775,428.5695321674317,165
15.0,3,0.75,100.0,0.1,0.30000000000000004,0.02,0.005,rectangular_box,20.909478749999995,38.069615999999996,"a=1.78, b=1.19, c=0.47",high,8.0,3.0,8.0,3.0,11.03611198273317,6.73195446904809,0.09061162133589941,0.1485452708567415,9.335016304945775,11.274940695009004,8.915061597226419,7.827926548768011,351.29035491353636,857.1390643348634,932.6053246421301,310.8684415473767,287.68097075536895,1.066302611251258,4.988213313211307,0.9689890850568007,66.10998319332722,661.0998319332723,1322.1996638665446,OK,OK,True,414,4,11.274940695009004,9.335016304945775,857.1390643348634,166
15.0,3,0.75,100.0,0.1,0.30000000000000004,0.01,0.01,rectangular_box,20.909478749999995,38.069615999999996,"a=1.78, b=1.19, c=0.47",high,8.0,3.0,8.0,3.0,11.03611198273317,6.73195446904809,0.09061162133589941,0.1485452708567415,9.351847326653496,11.545836130990176,8.6248535757297,7.764799092542759,702.5807098270727,428.5695321674317,935.538906318868,311.84630210628933,287.6697111978603,1.069656748011548,4.981072553711637,0.9672917434417875,66.10998319332722,661.0998319332723,1322.1996638665446,OK,OK,True,413,4,11.545836130990176,9.351847326653496,702.5807098270727,167
15.0,3,0.75,100.0,0.1,0.30000000000000004,0.01,0.005,rectangular_box,20.909478749999995,38.069615999999996,"a=1.78, b=1.19, c=0.47",high,8.0,3.0,8.0,3.0,11.03611198273317,6.73195446904809,0.09061162133589941,0.1485452708567415,9.351847326653496,11.545836130990176,8.915061597226419,7.827926548768011,702.5807098270727,857.1390643348634,935.538906318868,311.84630210628933,287.6697111978603,1.069656748011548,4.988213313211307,0.9689890850568007,66.10998319332722,661.0998319332723,1322.1996638665446,OK,OK,True,412,4,11.545836130990176,9.351847326653496,857.1390643348634,168
15.0,3,1.0,100.0,0.1,0.30000000000000004,0.02,0.01,rectangular_box,20.909478749999995,38.069615999999996,"a=1.78, b=1.19, c=0.47",high,8.0,3.0,8.0,3.0,11.03611198273317,5.051781885636563,0.09061162133589941,0.19794995560739503,9.335016304945775,11.274940695009004,8.35667130786634,10.045154191244382,351.29035491353636,321.606423408462,932.6053246421301,310.8684415473767,287.68097075536895,1.066302611251258,8.598817617724677,0.938998446104464,66.11004541116424,661.1004541116424,1322.2009082232848,OK,OK,True,431,4,11.274940695009004,9.335016304945775,351.29035491353636,169
15.0,3,1.0,100.0,0.1,0.30000000000000004,0.02,0.005,rectangular_box,20.909478749999995,38.069615999999996,"a=1.78, b=1.19, c=0.47",high,8.0,3.0,8.0,3.0,11.03611198273317,5.051781885636563,0.09061162133589941,0.19794995560739503,9.335016304945775,11.274940695009004,8.35740028302098,10.126367996765385,351.29035491353636,643.212846816924,932.6053246421301,310.8684415473767,287.68097075536895,1.066302611251258,8.605716957963937,0.9397518601262311,66.11004541116424,661.1004541116424,1322.2009082232848,OK,OK,True,430,4,11.274940695009004,9.335016304945775,643.212846816924,170
15.0,3,1.0,100.0,0.1,0.30000000000000004,0.01,0.005,rectangular_box,20.909478749999995,38.069615999999996,"a=1.78, b=1.19, c=0.47",high,8.0,3.0,8.0,3.0,11.03611198273317,5.051781885636563,0.09061162133589941,0.19794995560739503,9.351847326653496,11.545836130990176,8.35740028302098,10.126367996765385,702.5807098270727,643.212846816924,935.538906318868,311.84630210628933,287.6697111978603,1.069656748011548,8.605716957963937,0.9397518601262311,66.11004541116424,661.1004541116424,1322.2009082232848,OK,OK,True,428,4,11.545836130990176,9.351847326653496,702.5807098270727,171
15.0,3,1.0,100.0,0.1,0.30000000000000004,0.01,0.01,rectangular_box,20.909478749999995,38.069615999999996,"a=1.78, b=1.19, c=0.47",high,8.0,3.0,8.0,3.0,11.03611198273317,5.051781885636563,0.09061162133589941,0.19794995560739503,9.351847326653496,11.545836130990176,8.35667130786634,10.045154191244382,702.5807098270727,321.606423408462,935.538906318868,311.84630210628933,287.6697111978603,1.069656748011548,8.598817617724677,0.938998446104464,66.11004541116424,661.1004541116424,1322.2009082232848,OK,OK,True,429,4,11.545836130990176,9.351847326653496,702.5807098270727,172
15.0,3,1.25,100.0,0.1,0.30000000000000004,0.02,0.01,rectangular_box,20.909478749999995,38.069615999999996,"a=1.78, b=1.19, c=0.47",high,8.0,3.0,8.0,3.0,11.03611198273317,4.0443214134158,0.09061162133589941,0.24726026885074107,9.335016304945775,11.274940695009004,8.230617590115587,12.362159188561492,351.29035491353636,257.4694977590102,932.6053246421301,310.8684415473767,287.68097075536895,1.066302611251258,13.241870177475732,0.9254552761420745,66.11012540264933,661.1012540264933,1322.2025080529866,OK,OK,True,447,4,12.362159188561492,9.335016304945775,351.29035491353636,173
15.0,3,1.25,100.0,0.1,0.30000000000000004,0.02,0.005,rectangular_box,20.909478749999995,38.069615999999996,"a=1.78, b=1.19, c=0.47",high,8.0,3.0,8.0,3.0,11.03611198273317,4.0443214134158,0.09061162133589941,0.24726026885074107,9.335016304945775,11.274940695009004,8.230965111282933,12.457827644910168,351.29035491353636,514.9389955180204,932.6053246421301,310.8684415473767,287.68097075536895,1.066302611251258,13.245774707732343,0.925728158150311,66.11012540264933,661.1012540264933,1322.2025080529866,OK,OK,True,446,4,12.457827644910168,9.335016304945775,514.9389955180204,174
15.0,3,1.25,100.0,0.1,0.30000000000000004,0.01,0.01,rectangular_box,20.909478749999995,38.069615999999996,"a=1.78, b=1.19, c=0.47",high,8.0,3.0,8.0,3.0,11.03611198273317,4.0443214134158,0.09061162133589941,0.24726026885074107,9.351847326653496,11.545836130990176,8.230617590115587,12.362159188561492,702.5807098270727,257.4694977590102,935.538906318868,311.84630210628933,287.6697111978603,1.069656748011548,13.241870177475732,0.9254552761420745,66.11012540264933,661.1012540264933,1322.2025080529866,OK,OK,True,445,4,12.362159188561492,9.351847326653496,702.5807098270727,175
15.0,3,1.25,100.0,0.1,0.30000000000000004,0.01,0.005,rectangular_box,20.909478749999995,38.069615999999996,"a=1.78, b=1.19, c=0.47",high,8.0,3.0,8.0,3.0,11.03611198273317,4.0443214134158,0.09061162133589941,0.24726026885074107,9.351847326653496,11.545836130990176,8.230965111282933,12.457827644910168,702.5807098270727,514.9389955180204,935.538906318868,311.84630210628933,287.6697111978603,1.069656748011548,13.245774707732343,0.925728158150311,66.11012540264933,661.1012540264933,1322.2025080529866,OK,OK,True,444,4,12.457827644910168,9.351847326653496,702.5807098270727,176
18.0,3,0.5,100.0,0.1,0.30000000000000004,0.02,0.01,rectangular_box,20.909478749999995,38.069615999999996,"a=1.78, b=1.19, c=0.47",high,8.0,3.0,8.0,3.0,11.273694795082479,11.057322417329358,0.08870206424571599,0.09043780783969642,9.427743339570581,9.607919793901813,9.59232348528177,5.238018036612872,358.85285070934975,703.9310080315171,924.0414130150381,308.013804338346,287.60158344481914,1.0565109865529994,2.0419733231637975,1.07077967711601,60.34984121517849,603.4984121517849,1206.9968243035698,OK,OK,True,591,4,9.607919793901813,9.59232348528177,703.9310080315171,177
18.0,3,0.5,100.0,0.1,0.30000000000000004,0.01,0.01,rectangular_box,20.909478749999995,38.069615999999996,"a=1.78, b=1.19, c=0.47",high,8.0,3.0,8.0,3.0,11.273694795082479,11.057322417329358,0.08870206424571599,0.09043780783969642,9.445334552398354,9.828307718738335,9.59232348528177,5.238018036612872,717.7057014186995,703.9310080315171,926.4879936401148,308.82933121337163,287.5883610733045,1.0593083063197049,2.0419733231637975,1.07077967711601,60.34984121517849,603.4984121517849,1206.9968243035698,OK,OK,True,589,4,9.828307718738335,9.59232348528177,717.7057014186995,178
18.0,3,0.75,100.0,0.1,0.30000000000000004,0.02,0.01,rectangular_box,20.909478749999995,38.069615999999996,"a=1.78, b=1.19, c=0.47",high,8.0,3.0,8.0,3.0,11.273694795082479,7.374486637832736,0.08870206424571599,0.1356026594271363,9.427743339570581,9.607919793901813,8.744761346434677,7.182726155189716,358.85285070934975,469.4744004704847,924.0414130150381,308.013804338346,287.60158344481914,1.0565109865529994,4.2073296894580485,0.9824332858077932,60.349881785454556,603.4988178545456,1206.9976357090911,OK,OK,True,607,4,9.607919793901813,9.427743339570581,469.4744004704847,179
18.0,3,0.75,100.0,0.1,0.30000000000000004,0.02,0.005,rectangular_box,20.909478749999995,38.069615999999996,"a=1.78, b=1.19, c=0.47",high,8.0,3.0,8.0,3.0,11.273694795082479,7.374486637832736,0.08870206424571599,0.1356026594271363,9.427743339570581,9.607919793901813,9.112677914223138,7.240159114193333,358.85285070934975,938.9488009409694,924.0414130150381,308.013804338346,287.60158344481914,1.0565109865529994,4.215195712814699,0.9842700430250559,60.349881785454556,603.4988178545456,1206.9976357090911,OK,OK,True,606,4,9.607919793901813,9.427743339570581,938.9488009409694,180
18.0,3,0.75,100.0,0.1,0.30000000000000004,0.01,0.01,rectangular_box,20.909478749999995,38.069615999999996,"a=1.78, b=1.19, c=0.47",high,8.0,3.0,8.0,3.0,11.273694795082479,7.374486637832736,0.08870206424571599,0.1356026594271363,9.445334552398354,9.828307718738335,8.744761346434677,7.182726155189716,717.7057014186995,469.4744004704847,926.4879936401148,308.82933121337163,287.5883610733045,1.0593083063197049,4.2073296894580485,0.9824332858077932,60.349881785454556,603.4988178545456,1206.9976357090911,OK,OK,True,605,4,9.828307718738335,9.445334552398354,717.7057014186995,181
18.0,3,0.75,100.0,0.1,0.30000000000000004,0.01,0.005,rectangular_box,20.909478749999995,38.069615999999996,"a=1.78, b=1.19, c=0.47",high,8.0,3.0,8.0,3.0,11.273694795082479,7.374486637832736,0.08870206424571599,0.1356026594271363,9.445334552398354,9.828307718738335,9.112677914223138,7.240159114193333,717.7057014186995,938.9488009409694,926.4879936401148,308.82933121337163,287.5883610733045,1.0593083063197049,4.215195712814699,0.9842700430250559,60.349881785454556,603.4988178545456,1206.9976357090911,OK,OK,True,604,4,9.828307718738335,9.445334552398354,938.9488009409694,182
18.0,3,1.0,100.0,0.1,0.30000000000000004,0.02,0.01,rectangular_box,20.909478749999995,38.069615999999996,"a=1.78, b=1.19, c=0.47",high,8.0,3.0,8.0,3.0,11.273694795082479,5.533949788844378,0.08870206424571599,0.18070275990140924,9.427743339570581,9.607919793901813,8.425818361817662,9.242816376057107,358.85285070934975,352.3021854867733,924.0414130150381,308.013804338346,287.60158344481914,1.0565109865529994,7.244460230824333,0.9493217140348625,60.34993858230925,603.4993858230926,1206.998771646185,OK,OK,True,623,4,9.607919793901813,9.427743339570581,358.85285070934975,183
18.0,3,1.0,100.0,0.1,0.30000000000000004,0.02,0.005,rectangular_box,20.909478749999995,38.069615999999996,"a=1.78, b=1.19, c=0.47",high,8.0,3.0,8.0,3.0,11.273694795082479,5.533949788844378,0.08870206424571599,0.18070275990140924,9.427743339570581,9.607919793901813,8.429685303025424,9.316966621890684,358.85285070934975,704.6043709735466,924.0414130150381,308.013804338346,287.60158344481914,1.0565109865529994,7.252857803814455,0.9504221408618048,60.34993858230925,603.4993858230926,1206.998771646185,OK,OK,True,622,4,9.607919793901813,9.427743339570581,704.6043709735466,184
18.0,3,1.0,100.0,0.1,0.30000000000000004,0.01,0.005,rectangular_box,20.909478749999995,38.069615999999996,"a=1.78, b=1.19, c=0.47",high,8.0,3.0,8.0,3.0,11.273694795082479,5.533949788844378,0.08870206424571599,0.18070275990140924,9.445334552398354,9.828307718738335,8.429685303025424,9.316966621890684,717.7057014186995,704.6043709735466,926.4879936401148,308.82933121337163,287.5883610733045,1.0593083063197049,7.252857803814455,0.9504221408618048,60.34993858230925,603.4993858230926,1206.998771646185,OK,OK,True,620,4,9.828307718738335,9.445334552398354,717.7057014186995,185
18.0,3,1.0,100.0,0.1,0.30000000000000004,0.01,0.01,rectangular_box,20.909478749999995,38.069615999999996,"a=1.78, b=1.19, c=0.47",high,8.0,3.0,8.0,3.0,11.273694795082479,5.533949788844378,0.08870206424571599,0.18070275990140924,9.445334552398354,9.828307718738335,8.425818361817662,9.242816376057107,717.7057014186995,352.3021854867733,926.4879936401148,308.82933121337163,287.5883610733045,1.0593083063197049,7.244460230824333,0.9493217140348625,60.34993858230925,603.4993858230926,1206.998771646185,OK,OK,True,621,4,9.828307718738335,9.445334552398354,717.7057014186995,186
18.0,3,1.25,100.0,0.1,0.30000000000000004,0.02,0.01,rectangular_box,20.909478749999995,38.069615999999996,"a=1.78, b=1.19, c=0.47",high,8.0,3.0,8.0,3.0,11.273694795082479,4.430332135864728,0.08870206424571599,0.22571671137356303,9.427743339570581,9.607919793901813,8.273958043856917,11.344495582159606,358.85285070934975,282.0437035846984,924.0414130150381,308.013804338346,287.60158344481914,1.0565109865529994,11.099817484355095,0.93090035024663,60.35001160421057,603.5001160421057,1207.0002320842113,OK,OK,True,639,4,11.344495582159606,9.427743339570581,358.85285070934975,187
18.0,3,1.25,100.0,0.1,0.30000000000000004,0.02,0.005,rectangular_box,20.909478749999995,38.069615999999996,"a=1.78, b=1.19, c=0.47",high,8.0,3.0,8.0,3.0,11.273694795082479,4.430332135864728,0.08870206424571599,0.22571671137356303,9.427743339570581,9.607919793901813,8.274489407927764,11.435597914685143,358.85285070934975,564.0874071693968,924.0414130150381,308.013804338346,287.60158344481914,1.0565109865529994,11.104583153623224,0.931300029178028,60.35001160421057,603.5001160421057,1207.0002320842113,OK,OK,True,638,4,11.435597914685143,9.427743339570581,564.0874071693968,188
18.0,3,1.25,100.0,0.1,0.30000000000000004,0.01,0.01,rectangular_box,20.909478749999995,38.069615999999996,"a=1.78, b=1.19, c=0.47",high,8.0,3.0,8.0,3.0,11.273694795082479,4.430332135864728,0.08870206424571599,0.22571671137356303,9.445334552398354,9.828307718738335,8.273958043856917,11.344495582159606,717.7057014186995,282.0437035846984,926.4879936401148,308.82933121337163,287.5883610733045,1.0593083063197049,11.099817484355095,0.93090035024663,60.35001160421057,603.5001160421057,1207.0002320842113,OK,OK,True,637,4,11.344495582159606,9.445334552398354,717.7057014186995,189
18.0,3,1.25,100.0,0.1,0.30000000000000004,0.01,0.005,rectangular_box,20.909478749999995,38.069615999999996,"a=1.78, b=1.19, c=0.47",high,8.0,3.0,8.0,3.0,11.273694795082479,4.430332135864728,0.08870206424571599,0.22571671137356303,9.445334552398354,9.828307718738335,8.274489407927764,11.435597914685143,717.7057014186995,564.0874071693968,926.4879936401148,308.82933121337163,287.5883610733045,1.0593083063197049,11.104583153623224,0.931300029178028,60.35001160421057,603.5001160421057,1207.0002320842113,OK,OK,True,636,4,11.435597914685143,9.445334552398354,717.7057014186995,190
10.0,4,0.5,100.0,0.1,0.4,0.02,0.01,cube,16.666666666666664,16.666666666666664,side=1.00,high,8.0,3.0,8.0,3.0,10.681584208673911,5.476895021152845,0.09361907189646612,0.18258520496336034,8.859458298051758,10.76592829133156,8.412839513705757,9.424225087292395,340.0053853725568,348.66996616474637,909.5287498811322,227.38218747028304,216.2624911299216,1.038882029086786,3.238624198642417,0.9451369729616994,70.13778504917262,701.3778504917262,1402.7557009834525,OK,OK,True,71,1,10.76592829133156,8.859458298051758,348.66996616474637,191
10.0,4,0.5,100.0,0.1,0.4,0.02,0.005,cube,16.666666666666664,16.666666666666664,side=1.00,high,8.0,3.0,8.0,3.0,10.681584208673911,5.476895021152845,0.09361907189646612,0.18258520496336034,8.859458298051758,10.76592829133156,8.413812736361022,9.499598923666891,340.0053853725568,697.3399323294927,909.5287498811322,227.38218747028304,216.2624911299216,1.038882029086786,3.2421812270076296,0.94617503073427,70.13778504917262,701.3778504917262,1402.7557009834525,OK,OK,True,70,1,10.76592829133156,8.859458298051758,697.3399323294927,192
10.0,4,0.5,100.0,0.1,0.4,0.01,0.01,cube,16.666666666666664,16.666666666666664,side=1.00,high,8.0,3.0,8.0,3.0,10.681584208673911,5.476895021152845,0.09361907189646612,0.18258520496336034,8.87032930932946,11.145762973925894,8.412839513705757,9.424225087292395,680.0107707451136,348.66996616474637,914.3794371520328,228.5948592880082,216.2551455956788,1.044422581636793,3.238624198642417,0.9451369729616994,70.13778504917262,701.3778504917262,1402.7557009834525,OK,OK,True,69,1,11.145762973925894,8.87032930932946,680.0107707451136,193
10.0,4,0.5,100.0,0.1,0.4,0.01,0.005,cube,16.666666666666664,16.666666666666664,side=1.00,high,8.0,3.0,8.0,3.0,10.681584208673911,5.476895021152845,0.09361907189646612,0.18258520496336034,8.87032930932946,11.145762973925894,8.413812736361022,9.499598923666891,680.0107707451136,697.3399323294927,914.3794371520328,228.5948592880082,216.2551455956788,1.044422581636793,3.2421812270076296,0.94617503073427,70.13778504917262,701.3778504917262,1402.7557009834525,OK,OK,True,68,1,11.145762973925894,8.87032930932946,697.3399323294927,194
10.0,4,0.75,100.0,0.1,0.4,0.02,0.01,cube,16.666666666666664,16.666666666666664,side=1.00,high,8.0,3.0,8.0,3.0,10.681584208673911,3.6557608230984924,0.09361907189646612,0.273540871077128,8.859458298051758,10.76592829133156,8.180067057052026,13.739254545861742,340.0053853725568,232.7329623031284,909.5287498811322,227.38218747028304,216.2624911299216,1.038882029086786,7.115001773929764,0.9209225532687404,70.13792708622132,701.3792708622133,1402.7585417244265,OK,OK,True,87,1,13.739254545861742,8.859458298051758,340.0053853725568,195
10.0,4,0.75,100.0,0.1,0.4,0.02,0.005,cube,16.666666666666664,16.666666666666664,side=1.00,high,8.0,3.0,8.0,3.0,10.681584208673911,3.6557608230984924,0.09361907189646612,0.273540871077128,8.859458298051758,10.76592829133156,8.180413691903848,13.84850878192346,340.0053853725568,465.4659246062568,909.5287498811322,227.38218747028304,216.2624911299216,1.038882029086786,7.1164506396825296,0.921593832352432,70.13792708622132,701.3792708622133,1402.7585417244265,OK,OK,True,86,1,13.84850878192346,8.859458298051758,465.4659246062568,196
10.0,4,0.75,100.0,0.1,0.4,0.01,0.01,cube,16.666666666666664,16.666666666666664,side=1.00,high,8.0,3.0,8.0,3.0,10.681584208673911,3.6557608230984924,0.09361907189646612,0.273540871077128,8.87032930932946,11.145762973925894,8.180067057052026,13.739254545861742,680.0107707451136,232.7329623031284,914.3794371520328,228.5948592880082,216.2551455956788,1.044422581636793,7.115001773929764,0.9209225532687404,70.13792708622132,701.3792708622133,1402.7585417244265,OK,OK,True,85,1,13.739254545861742,8.87032930932946,680.0107707451136,197
10.0,4,0.75,100.0,0.1,0.4,0.01,0.005,cube,16.666666666666664,16.666666666666664,side=1.00,high,8.0,3.0,8.0,3.0,10.681584208673911,3.6557608230984924,0.09361907189646612,0.273540871077128,8.87032930932946,11.145762973925894,8.180413691903848,13.84850878192346,680.0107707451136,465.4659246062568,914.3794371520328,228.5948592880082,216.2551455956788,1.044422581636793,7.1164506396825296,0.921593832352432,70.13792708622132,701.3792708622133,1402.7585417244265,OK,OK,True,84,1,13.84850878192346,8.87032930932946,680.0107707451136,198
10.0,4,1.0,100.0,0.1,0.4,0.02,0.01,cube,16.666666666666664,16.666666666666664,side=1.00,high,8.0,3.0,8.0,3.0,10.681584208673911,2.74654112859946,0.09361907189646612,0.36409431105440193,8.859458298051758,10.76592829133156,8.09667074287117,18.131196946543888,340.0053853725568,174.85023880871884,909.5287498811322,227.38218747028304,216.2624911299216,1.038882029086786,12.524422379373396,0.9111051789028276,70.13812592183376,701.3812592183376,1402.7625184366752,OK,OK,True,103,1,18.131196946543888,8.859458298051758,340.0053853725568,199
10.0,4,1.0,100.0,0.1,0.4,0.02,0.005,cube,16.666666666666664,16.666666666666664,side=1.00,high,8.0,3.0,8.0,3.0,10.681584208673911,2.74654112859946,0.09361907189646612,0.36409431105440193,8.859458298051758,10.76592829133156,8.096736572310995,18.274255037129933,340.0053853725568,349.7004776174377,909.5287498811322,227.38218747028304,216.2624911299216,1.038882029086786,12.526693653232213,0.9113248072849065,70.13812592183376,701.3812592183376,1402.7625184366752,OK,OK,True,102,1,18.274255037129933,8.859458298051758,349.7004776174377,200
10.0,4,1.0,100.0,0.1,0.4,0.01,0.01,cube,16.666666666666664,16.666666666666664,side=1.00,high,8.0,3.0,8.0,3.0,10.681584208673911,2.74654112859946,0.09361907189646612,0.36409431105440193,8.87032930932946,11.145762973925894,8.09667074287117,18.131196946543888,680.0107707451136,174.85023880871884,914.3794371520328,228.5948592880082,216.2551455956788,1.044422581636793,12.524422379373396,0.9111051789028276,70.13812592183376,701.3812592183376,1402.7625184366752,OK,OK,True,101,1,18.131196946543888,8.87032930932946,680.0107707451136,201
10.0,4,1.0,100.0,0.1,0.4,0.01,0.005,cube,16.666666666666664,16.666666666666664,side=1.00,high,8.0,3.0,8.0,3.0,10.681584208673911,2.74654112859946,0.09361907189646612,0.36409431105440193,8.87032930932946,11.145762973925894,8.096736572310995,18.274255037129933,680.0107707451136,349.7004776174377,914.3794371520328,228.5948592880082,216.2551455956788,1.044422581636793,12.526693653232213,0.9113248072849065,70.13812592183376,701.3812592183376,1402.7625184366752,OK,OK,True,100,1,18.274255037129933,8.87032930932946,680.0107707451136,202
10.0,4,1.25,100.0,0.1,0.4,0.02,0.01,cube,16.666666666666664,16.666666666666664,side=1.00,high,8.0,3.0,8.0,3.0,10.681584208673911,2.20208571987842,0.09361907189646612,0.4541149288480974,8.859458298051758,10.76592829133156,8.06701982415601,22.50974943825481,340.0053853725568,140.18913097229012,909.5287498811322,227.38218747028304,216.2624911299216,1.038882029086786,19.380816460392854,0.903348582525639,70.13838153975179,701.3838153975179,1402.7676307950358,OK,OK,True,119,1,22.50974943825481,8.859458298051758,340.0053853725568,203
10.0,4,1.25,100.0,0.1,0.4,0.02,0.005,cube,16.666666666666664,16.666666666666664,side=1.00,high,8.0,3.0,8.0,3.0,10.681584208673911,2.20208571987842,0.09361907189646612,0.4541149288480974,8.859458298051758,10.76592829133156,8.067087172982976,22.68909150953704,340.0053853725568,280.37826194458023,909.5287498811322,227.38218747028304,216.2624911299216,1.038882029086786,19.383762247078486,0.903485886969563,70.13838153975179,701.3838153975179,1402.7676307950358,OK,OK,True,118,1,22.68909150953704,8.859458298051758,340.0053853725568,204
10.0,4,1.25,100.0,0.1,0.4,0.01,0.01,cube,16.666666666666664,16.666666666666664,side=1.00,high,8.0,3.0,8.0,3.0,10.681584208673911,2.20208571987842,0.09361907189646612,0.4541149288480974,8.87032930932946,11.145762973925894,8.06701982415601,22.50974943825481,680.0107707451136,140.18913097229012,914.3794371520328,228.5948592880082,216.2551455956788,1.044422581636793,19.380816460392854,0.903348582525639,70.13838153975179,701.3838153975179,1402.7676307950358,OK,OK,True,117,1,22.50974943825481,8.87032930932946,680.0107707451136,205
10.0,4,1.25,100.0,0.1,0.4,0.01,0.005,cube,16.666666666666664,16.666666666666664,side=1.00,high,8.0,3.0,8.0,3.0,10.681584208673911,2.20208571987842,0.09361907189646612,0.4541149288480974,8.87032930932946,11.145762973925894,8.067087172982976,22.68909150953704,680.0107707451136,280.37826194458023,914.3794371520328,228.5948592880082,216.2551455956788,1.044422581636793,19.383762247078486,0.903485886969563,70.13838153975179,701.3838153975179,1402.7676307950358,OK,OK,True,116,1,22.68909150953704,8.87032930932946,680.0107707451136,206
12.0,4,0.5,100.0,0.1,0.4,0.02,0.01,cube,16.666666666666664,16.666666666666664,side=1.00,high,8.0,3.0,8.0,3.0,10.823136781105855,5.999637896289408,0.09239465602483357,0.1666767257101415,8.91647039503709,9.023994203813563,8.494528718249846,8.683038740941624,344.51114369454035,381.94881118236776,903.000972252245,225.75024306306125,216.2398577816779,1.031425870202955,2.728997873247929,0.9527314372246167,64.02674500813406,640.2674500813406,1280.5349001626812,OK,OK,True,263,1,9.023994203813563,8.91647039503709,381.94881118236776,207
12.0,4,0.5,100.0,0.1,0.4,0.02,0.005,cube,16.666666666666664,16.666666666666664,side=1.00,high,8.0,3.0,8.0,3.0,10.823136781105855,5.999637896289408,0.09239465602483357,0.1666767257101415,8.91647039503709,9.023994203813563,8.495750068435626,8.75299102164713,344.51114369454035,763.8976223647355,903.000972252245,225.75024306306125,216.2398577816779,1.031425870202955,2.731687465991974,0.9540928571436292,64.02674500813406,640.2674500813406,1280.5349001626812,OK,OK,True,262,1,9.023994203813563,8.91647039503709,763.8976223647355,208
12.0,4,0.5,100.0,0.1,0.4,0.01,0.01,cube,16.666666666666664,16.666666666666664,side=1.00,high,8.0,3.0,8.0,3.0,10.823136781105855,5.999637896289408,0.09239465602483357,0.1666767257101415,8.926253270756161,9.74974611278079,8.494528718249846,8.683038740941624,689.0222873890807,381.94881118236776,911.6576369150682,227.91440922876706,216.23730701000463,1.0413136866696837,2.728997873247929,0.9527314372246167,64.02674500813406,640.2674500813406,1280.5349001626812,OK,OK,True,261,1,9.74974611278079,8.926253270756161,689.0222873890807,209
12.0,4,0.5,100.0,0.1,0.4,0.01,0.005,cube,16.666666666666664,16.666666666666664,side=1.00,high,8.0,3.0,8.0,3.0,10.823136781105855,5.999637896289408,0.09239465602483357,0.1666767257101415,8.926253270756161,9.74974611278079,8.495750068435626,8.75299102164713,689.0222873890807,763.8976223647355,911.6576369150682,227.91440922876706,216.23730701000463,1.0413136866696837,2.731687465991974,0.9540928571436292,64.02674500813406,640.2674500813406,1280.5349001626812,OK,OK,True,260,1,9.74974611278079,8.926253270756161,763.8976223647355,210
12.0,4,0.75,100.0,0.1,0.4,0.02,0.01,cube,16.666666666666664,16.666666666666664,side=1.00,high,8.0,3.0,8.0,3.0,10.823136781105855,4.004685335360748,0.09239465602483357,0.24970750914439038,8.91647039503709,9.023994203813563,8.224378008277167,12.601823102625161,344.51114369454035,254.94618666011507,903.000972252245,225.75024306306125,216.2398577816779,1.031425870202955,5.970398939171718,0.9263777851092564,64.0268746696267,640.2687466962669,1280.5374933925339,OK,OK,True,279,1,12.601823102625161,8.91647039503709,344.51114369454035,211
12.0,4,0.75,100.0,0.1,0.4,0.02,0.005,cube,16.666666666666664,16.666666666666664,side=1.00,high,8.0,3.0,8.0,3.0,10.823136781105855,4.004685335360748,0.09239465602483357,0.24970750914439038,8.91647039503709,9.023994203813563,8.224726950528323,12.70083287662402,344.51114369454035,509.89237332023015,903.000972252245,225.75024306306125,216.2398577816779,1.031425870202955,5.972467638976835,0.9266987682735383,64.0268746696267,640.2687466962669,1280.5374933925339,OK,OK,True,278,1,12.70083287662402,8.91647039503709,509.89237332023015,212
12.0,4,0.75,100.0,0.1,0.4,0.01,0.01,cube,16.666666666666664,16.666666666666664,side=1.00,high,8.0,3.0,8.0,3.0,10.823136781105855,4.004685335360748,0.09239465602483357,0.24970750914439038,8.926253270756161,9.74974611278079,8.224378008277167,12.601823102625161,689.0222873890807,254.94618666011507,911.6576369150682,227.91440922876706,216.23730701000463,1.0413136866696837,5.970398939171718,0.9263777851092564,64.0268746696267,640.2687466962669,1280.5374933925339,OK,OK,True,277,1,12.601823102625161,8.926253270756161,689.0222873890807,213
12.0,4,0.75,100.0,0.1,0.4,0.01,0.005,cube,16.666666666666664,16.666666666666664,side=1.00,high,8.0,3.0,8.0,3.0,10.823136781105855,4.004685335360748,0.09239465602483357,0.24970750914439038,8.926253270756161,9.74974611278079,8.224726950528323,12.70083287662402,689.0222873890807,509.89237332023015,911.6576369150682,227.91440922876706,216.23730701000463,1.0413136866696837,5.972467638976835,0.9266987682735383,64.0268746696267,640.2687466962669,1280.5374933925339,OK,OK,True,276,1,12.70083287662402,8.926253270756161,689.0222873890807,214
12.0,4,1.0,100.0,0.1,0.4,0.02,0.01,cube,16.666666666666664,16.666666666666664,side=1.00,high,8.0,3.0,8.0,3.0,10.823136781105855,3.00868506251717,0.09239465602483357,0.3323711120376838,8.91647039503709,9.023994203813563,8.122384351724904,16.568921792468203,344.51114369454035,191.5388399625423,903.000972252245,225.75024306306125,216.2398577816779,1.031425870202955,10.53758676557135,0.9197048376675124,64.02705618087695,640.2705618087696,1280.5411236175391,OK,OK,True,295,1,16.568921792468203,8.91647039503709,344.51114369454035,215
12.0,4,1.0,100.0,0.1,0.4,0.02,0.005,cube,16.666666666666664,16.666666666666664,side=1.00,high,8.0,3.0,8.0,3.0,10.823136781105855,3.00868506251717,0.09239465602483357,0.3323711120376838,8.91647039503709,9.023994203813563,8.122565267215366,16.70084515658159,344.51114369454035,383.0776799250846,903.000972252245,225.75024306306125,216.2398577816779,1.031425870202955,10.541174031733302,0.9200179289014491,64.02705618087695,640.2705618087696,1280.5411236175391,OK,OK,True,294,1,16.70084515658159,8.91647039503709,383.0776799250846,216
12.0,4,1.0,100.0,0.1,0.4,0.01,0.01,cube,16.666666666666664,16.666666666666664,side=1.00,high,8.0,3.0,8.0,3.0,10.823136781105855,3.00868506251717,0.09239465602483357,0.3323711120376838,8.926253270756161,9.74974611278079,8.122384351724904,16.568921792468203,689.0222873890807,191.5388399625423,911.6576369150682,227.91440922876706,216.23730701000463,1.0413136866696837,10.53758676557135,0.9197048376675124,64.02705618087695,640.2705618087696,1280.5411236175391,OK,OK,True,293,1,16.568921792468203,8.926253270756161,689.0222873890807,217
12.0,4,1.0,100.0,0.1,0.4,0.01,0.005,cube,16.666666666666664,16.666666666666664,side=1.00,high,8.0,3.0,8.0,3.0,10.823136781105855,3.00868506251717,0.09239465602483357,0.3323711120376838,8.926253270756161,9.74974611278079,8.122565267215366,16.70084515658159,689.0222873890807,383.0776799250846,911.6576369150682,227.91440922876706,216.23730701000463,1.0413136866696837,10.541174031733302,0.9200179289014491,64.02705618087695,640.2705618087696,1280.5411236175391,OK,OK,True,292,1,16.70084515658159,8.926253270756161,689.0222873890807,218
12.0,4,1.25,100.0,0.1,0.4,0.02,0.01,cube,16.666666666666664,16.666666666666664,side=1.00,high,8.0,3.0,8.0,3.0,10.823136781105855,2.412264044680022,0.09239465602483357,0.41454831704903444,8.91647039503709,9.023994203813563,8.080658928969987,20.586263840055373,344.51114369454035,153.56949870146968,903.000972252245,225.75024306306125,216.2398577816779,1.031425870202955,16.312261172451862,0.9111742700021639,64.02728952704331,640.2728952704331,1280.5457905408662,OK,OK,True,311,1,20.586263840055373,8.91647039503709,344.51114369454035,219
12.0,4,1.25,100.0,0.1,0.4,0.02,0.005,cube,16.666666666666664,16.666666666666664,side=1.00,high,8.0,3.0,8.0,3.0,10.823136781105855,2.412264044680022,0.09239465602483357,0.41454831704903444,8.91647039503709,9.023994203813563,8.080727244198629,20.747305133955656,344.51114369454035,307.13899740293937,903.000972252245,225.75024306306125,216.2398577816779,1.031425870202955,16.317580591727495,0.9114714034237091,64.02728952704331,640.2728952704331,1280.5457905408662,OK,OK,True,310,1,20.747305133955656,8.91647039503709,344.51114369454035,220
12.0,4,1.25,100.0,0.1,0.4,0.01,0.01,cube,16.666666666666664,16.666666666666664,side=1.00,high,8.0,3.0,8.0,3.0,10.823136781105855,2.412264044680022,0.09239465602483357,0.41454831704903444,8.926253270756161,9.74974611278079,8.080658928969987,20.586263840055373,689.0222873890807,153.56949870146968,911.6576369150682,227.91440922876706,216.23730701000463,1.0413136866696837,16.312261172451862,0.9111742700021639,64.02728952704331,640.2728952704331,1280.5457905408662,OK,OK,True,309,1,20.586263840055373,8.926253270756161,689.0222873890807,221
12.0,4,1.25,100.0,0.1,0.4,0.01,0.005,cube,16.666666666666664,16.666666666666664,side=1.00,high,8.0,3.0,8.0,3.0,10.823136781105855,2.412264044680022,0.09239465602483357,0.41454831704903444,8.926253270756161,9.74974611278079,8.080727244198629,20.747305133955656,689.0222873890807,307.13899740293937,911.6576369150682,227.91440922876706,216.23730701000463,1.0413136866696837,16.317580591727495,0.9114714034237091,64.02728952704331,640.2728952704331,1280.5457905408662,OK,OK,True,308,1,20.747305133955656,8.926253270756161,689.0222873890807,222
15.0,4,0.5,100.0,0.1,0.4,0.02,0.01,cube,16.666666666666664,16.666666666666664,side=1.00,high,8.0,3.0,8.0,3.0,11.04814909329439,6.707799088283445,0.09051289872680522,0.14908019558109697,9.000510146618023,7.78393440519927,8.615801993539323,7.874862624908205,351.67350804280875,427.03175286704766,903.8971325237883,225.97428313094707,216.18012103276507,1.0324494824872392,2.2180749257124655,0.969630911577157,57.267261686493235,572.6726168649324,1145.3452337298647,OK,OK,True,455,1,7.874862624908205,9.000510146618023,427.03175286704766,223
15.0,4,0.5,100.0,0.1,0.4,0.02,0.005,cube,16.666666666666664,16.666666666666664,side=1.00,high,8.0,3.0,8.0,3.0,11.04814909329439,6.707799088283445,0.09051289872680522,0.14908019558109697,9.000510146618023,7.78393440519927,8.61728933249461,7.937626233342854,351.67350804280875,854.0635057340953,903.8971325237883,225.97428313094707,216.18012103276507,1.0324494824872392,2.221890157601272,0.9707544124278414,57.267261686493235,572.6726168649324,1145.3452337298647,OK,OK,True,454,1,7.937626233342854,9.000510146618023,854.0635057340953,224
15.0,4,0.5,100.0,0.1,0.4,0.01,0.01,cube,16.666666666666664,16.666666666666664,side=1.00,high,8.0,3.0,8.0,3.0,11.04814909329439,6.707799088283445,0.09051289872680522,0.14908019558109697,9.010968092397368,8.838944962564325,8.615801993539323,7.874862624908205,703.3470160856175,427.03175286704766,911.7485992843966,227.93714982109915,216.17542148121984,1.0414175857172188,2.2180749257124655,0.969630911577157,57.267261686493235,572.6726168649324,1145.3452337298647,OK,OK,True,453,1,8.838944962564325,9.010968092397368,703.3470160856175,225
15.0,4,0.5,100.0,0.1,0.4,0.01,0.005,cube,16.666666666666664,16.666666666666664,side=1.00,high,8.0,3.0,8.0,3.0,11.04814909329439,6.707799088283445,0.09051289872680522,0.14908019558109697,9.010968092397368,8.838944962564325,8.61728933249461,7.937626233342854,703.3470160856175,854.0635057340953,911.7485992843966,227.93714982109915,216.17542148121984,1.0414175857172188,2.221890157601272,0.9707544124278414,57.267261686493235,572.6726168649324,1145.3452337298647,OK,OK,True,452,1,8.838944962564325,9.010968092397368,854.0635057340953,226
15.0,4,0.75,100.0,0.1,0.4,0.02,0.01,cube,16.666666666666664,16.666666666666664,side=1.00,high,8.0,3.0,8.0,3.0,11.04814909329439,4.477374319151243,0.09051289872680522,0.22334518597711653,9.000510146618023,7.78393440519927,8.277996739882514,11.342525318633193,351.67350804280875,285.0385019862519,903.8971325237883,225.97428313094707,216.18012103276507,1.0324494824872392,4.805966549989499,0.9323404673819867,57.267377659257846,572.6737765925784,1145.3475531851568,OK,OK,True,471,1,11.342525318633193,9.000510146618023,351.67350804280875,227
15.0,4,0.75,100.0,0.1,0.4,0.02,0.005,cube,16.666666666666664,16.666666666666664,side=1.00,high,8.0,3.0,8.0,3.0,11.04814909329439,4.477374319151243,0.09051289872680522,0.22334518597711653,9.000510146618023,7.78393440519927,8.278534372575196,11.430479998377237,351.67350804280875,570.0770039725038,903.8971325237883,225.97428313094707,216.18012103276507,1.0324494824872392,4.8085359570636514,0.9328964901267757,57.267377659257846,572.6737765925784,1145.3475531851568,OK,OK,True,470,1,11.430479998377237,9.000510146618023,570.0770039725038,228
15.0,4,0.75,100.0,0.1,0.4,0.01,0.01,cube,16.666666666666664,16.666666666666664,side=1.00,high,8.0,3.0,8.0,3.0,11.04814909329439,4.477374319151243,0.09051289872680522,0.22334518597711653,9.010968092397368,8.838944962564325,8.277996739882514,11.342525318633193,703.3470160856175,285.0385019862519,911.7485992843966,227.93714982109915,216.17542148121984,1.0414175857172188,4.805966549989499,0.9323404673819867,57.267377659257846,572.6737765925784,1145.3475531851568,OK,OK,True,469,1,11.342525318633193,9.010968092397368,703.3470160856175,229
15.0,4,0.75,100.0,0.1,0.4,0.01,0.005,cube,16.666666666666664,16.666666666666664,side=1.00,high,8.0,3.0,8.0,3.0,11.04814909329439,4.477374319151243,0.09051289872680522,0.22334518597711653,9.010968092397368,8.838944962564325,8.278534372575196,11.430479998377237,703.3470160856175,570.0770039725038,911.7485992843966,227.93714982109915,216.17542148121984,1.0414175857172188,4.8085359570636514,0.9328964901267757,57.267377659257846,572.6737765925784,1145.3475531851568,OK,OK,True,468,1,11.430479998377237,9.010968092397368,703.3470160856175,230
15.0,4,1.0,100.0,0.1,0.4,0.02,0.01,cube,16.666666666666664,16.666666666666664,side=1.00,high,8.0,3.0,8.0,3.0,11.04814909329439,3.363812161313409,0.09051289872680522,0.29728176011158347,9.000510146618023,7.78393440519927,8.157307181018057,14.883172337285743,351.67350804280875,214.14693324226445,903.8971325237883,225.97428313094707,216.18012103276507,1.0324494824872392,8.506528589255124,0.9280463911405271,57.26754000785558,572.6754000785558,1145.3508001571115,OK,OK,True,487,1,14.883172337285743,9.000510146618023,351.67350804280875,231
15.0,4,1.0,100.0,0.1,0.4,0.02,0.005,cube,16.666666666666664,16.666666666666664,side=1.00,high,8.0,3.0,8.0,3.0,11.04814909329439,3.363812161313409,0.09051289872680522,0.29728176011158347,9.000510146618023,7.78393440519927,8.157491838963292,15.000192909420651,351.67350804280875,428.2938664845289,903.8971325237883,225.97428313094707,216.18012103276507,1.0324494824872392,8.511217070822596,0.9285578957282056,57.26754000785558,572.6754000785558,1145.3508001571115,OK,OK,True,486,1,15.000192909420651,9.000510146618023,428.2938664845289,232
15.0,4,1.0,100.0,0.1,0.4,0.01,0.01,cube,16.666666666666664,16.666666666666664,side=1.00,high,8.0,3.0,8.0,3.0,11.04814909329439,3.363812161313409,0.09051289872680522,0.29728176011158347,9.010968092397368,8.838944962564325,8.157307181018057,14.883172337285743,703.3470160856175,214.14693324226445,911.7485992843966,227.93714982109915,216.17542148121984,1.0414175857172188,8.506528589255124,0.9280463911405271,57.26754000785558,572.6754000785558,1145.3508001571115,OK,OK,True,485,1,14.883172337285743,9.010968092397368,703.3470160856175,233
15.0,4,1.0,100.0,0.1,0.4,0.01,0.005,cube,16.666666666666664,16.666666666666664,side=1.00,high,8.0,3.0,8.0,3.0,11.04814909329439,3.363812161313409,0.09051289872680522,0.29728176011158347,9.010968092397368,8.838944962564325,8.157491838963292,15.000192909420651,703.3470160856175,428.2938664845289,911.7485992843966,227.93714982109915,216.17542148121984,1.0414175857172188,8.511217070822596,0.9285578957282056,57.26754000785558,572.6754000785558,1145.3508001571115,OK,OK,True,484,1,15.000192909420651,9.010968092397368,703.3470160856175,234
15.0,4,1.25,100.0,0.1,0.4,0.02,0.01,cube,16.666666666666664,16.666666666666664,side=1.00,high,8.0,3.0,8.0,3.0,11.04814909329439,2.696993191793153,0.09051289872680522,0.37078328675169137,9.000510146618023,7.78393440519927,8.094335410730038,18.45108773176314,351.67350804280875,171.69591918362738,903.8971325237883,225.97428313094707,216.18012103276507,1.0324494824872392,13.21663233004824,0.9228223472442569,57.267748719011664,572.6774871901166,1145.3549743802332,OK,OK,True,503,1,18.45108773176314,9.000510146618023,351.67350804280875,235
15.0,4,1.25,100.0,0.1,0.4,0.02,0.005,cube,16.666666666666664,16.666666666666664,side=1.00,high,8.0,3.0,8.0,3.0,11.04814909329439,2.696993191793153,0.09051289872680522,0.37078328675169137,9.000510146618023,7.78393440519927,8.094402896847146,18.60035352300934,351.67350804280875,343.39183836725476,903.8971325237883,225.97428313094707,216.18012103276507,1.0324494824872392,13.224131900811816,0.9233459883142769,57.267748719011664,572.6774871901166,1145.3549743802332,OK,OK,True,502,1,18.60035352300934,9.000510146618023,351.67350804280875,236
15.0,4,1.25,100.0,0.1,0.4,0.01,0.01,cube,16.666666666666664,16.666666666666664,side=1.00,high,8.0,3.0,8.0,3.0,11.04814909329439,2.696993191793153,0.09051289872680522,0.37078328675169137,9.010968092397368,8.838944962564325,8.094335410730038,18.45108773176314,703.3470160856175,171.69591918362738,911.7485992843966,227.93714982109915,216.17542148121984,1.0414175857172188,13.21663233004824,0.9228223472442569,57.267748719011664,572.6774871901166,1145.3549743802332,OK,OK,True,501,1,18.45108773176314,9.010968092397368,703.3470160856175,237
15.0,4,1.25,100.0,0.1,0.4,0.01,0.005,cube,16.666666666666664,16.666666666666664,side=1.00,high,8.0,3.0,8.0,3.0,11.04814909329439,2.696993191793153,0.09051289872680522,0.37078328675169137,9.010968092397368,8.838944962564325,8.094402896847146,18.60035352300934,703.3470160856175,343.39183836725476,911.7485992843966,227.93714982109915,216.17542148121984,1.0414175857172188,13.224131900811816,0.9233459883142769,57.267748719011664,572.6774871901166,1145.3549743802332,OK,OK,True,500,1,18.60035352300934,9.010968092397368,703.3470160856175,238
18.0,4,0.5,100.0,0.1,0.4,0.02,0.01,cube,16.666666666666664,16.666666666666664,side=1.00,high,8.0,3.0,8.0,3.0,11.287119635708185,7.348025743817163,0.08859656247785108,0.1360909766601496,9.074027856878468,7.4345921445168965,8.732673787544227,7.284900417754413,359.28017665851013,467.78984763800105,906.5652690996768,226.6413172749192,216.1332961337901,1.0354970817414706,1.8750936149584914,0.9819658095859478,52.2776183870728,522.776183870728,1045.552367741456,OK,OK,True,647,1,7.4345921445168965,9.074027856878468,467.78984763800105,239
18.0,4,0.5,100.0,0.1,0.4,0.02,0.005,cube,16.666666666666664,16.666666666666664,side=1.00,high,8.0,3.0,8.0,3.0,11.287119635708185,7.348025743817163,0.08859656247785108,0.1360909766601496,9.074027856878468,7.4345921445168965,8.734723085187175,7.3431607386983515,359.28017665851013,935.5796952760021,906.5652690996768,226.6413172749192,216.1332961337901,1.0354970817414706,1.8775970055769575,0.9832431775714259,52.2776183870728,522.776183870728,1045.552367741456,OK,OK,True,646,1,7.4345921445168965,9.074027856878468,935.5796952760021,240
18.0,4,0.5,100.0,0.1,0.4,0.01,0.01,cube,16.666666666666664,16.666666666666664,side=1.00,high,8.0,3.0,8.0,3.0,11.287119635708185,7.348025743817163,0.08859656247785108,0.1360909766601496,9.085007348731619,8.247867735433074,8.732673787544227,7.284900417754413,718.5603533170203,467.78984763800105,913.6214872557008,228.4053718139252,216.12636650791205,1.043556836022539,1.8750936149584914,0.9819658095859478,52.2776183870728,522.776183870728,1045.552367741456,OK,OK,True,645,1,8.247867735433074,9.085007348731619,718.5603533170203,241
18.0,4,0.5,100.0,0.1,0.4,0.01,0.005,cube,16.666666666666664,16.666666666666664,side=1.00,high,8.0,3.0,8.0,3.0,11.287119635708185,7.348025743817163,0.08859656247785108,0.1360909766601496,9.085007348731619,8.247867735433074,8.734723085187175,7.3431607386983515,718.5603533170203,935.5796952760021,913.6214872557008,228.4053718139252,216.12636650791205,1.043556836022539,1.8775970055769575,0.9832431775714259,52.2776183870728,522.776183870728,1045.552367741456,OK,OK,True,644,1,8.247867735433074,9.085007348731619,935.5796952760021,242
18.0,4,0.75,100.0,0.1,0.4,0.02,0.01,cube,16.666666666666664,16.666666666666664,side=1.00,high,8.0,3.0,8.0,3.0,11.287119635708185,4.904717826032702,0.08859656247785108,0.20388532744785318,9.074027856878468,7.4345921445168965,8.33082854271467,10.419631748876304,359.28017665851013,312.2440345936157,906.5652690996768,226.6413172749192,216.1332961337901,1.0354970817414706,4.033624195310363,0.942133725769958,52.2777242552382,522.777242552382,1045.554485104764,OK,OK,True,663,1,10.419631748876304,9.074027856878468,359.28017665851013,243
18.0,4,0.75,100.0,0.1,0.4,0.02,0.005,cube,16.666666666666664,16.666666666666664,side=1.00,high,8.0,3.0,8.0,3.0,11.287119635708185,4.904717826032702,0.08859656247785108,0.20388532744785318,9.074027856878468,7.4345921445168965,8.331365105465855,10.501299822619941,359.28017665851013,624.4880691872314,906.5652690996768,226.6413172749192,216.1332961337901,1.0354970817414706,4.037584123989482,0.9430586464317735,52.2777242552382,522.777242552382,1045.554485104764,OK,OK,True,662,1,10.501299822619941,9.074027856878468,624.4880691872314,244
18.0,4,0.75,100.0,0.1,0.4,0.01,0.01,cube,16.666666666666664,16.666666666666664,side=1.00,high,8.0,3.0,8.0,3.0,11.287119635708185,4.904717826032702,0.08859656247785108,0.20388532744785318,9.085007348731619,8.247867735433074,8.33082854271467,10.419631748876304,718.5603533170203,312.2440345936157,913.6214872557008,228.4053718139252,216.12636650791205,1.043556836022539,4.033624195310363,0.942133725769958,52.2777242552382,522.777242552382,1045.554485104764,OK,OK,True,661,1,10.419631748876304,9.085007348731619,718.5603533170203,245
18.0,4,0.75,100.0,0.1,0.4,0.01,0.005,cube,16.666666666666664,16.666666666666664,side=1.00,high,8.0,3.0,8.0,3.0,11.287119635708185,4.904717826032702,0.08859656247785108,0.20388532744785318,9.085007348731619,8.247867735433074,8.331365105465855,10.501299822619941,718.5603533170203,624.4880691872314,913.6214872557008,228.4053718139252,216.12636650791205,1.043556836022539,4.037584123989482,0.9430586464317735,52.2777242552382,522.777242552382,1045.554485104764,OK,OK,True,660,1,10.501299822619941,9.085007348731619,718.5603533170203,246
18.0,4,1.0,100.0,0.1,0.4,0.02,0.01,cube,16.666666666666664,16.666666666666664,side=1.00,high,8.0,3.0,8.0,3.0,11.287119635708185,3.684871599923109,0.08859656247785108,0.2713798765799239,9.074027856878468,7.4345921445168965,8.182427619297657,13.63320424107947,359.28017665851013,234.58621191468148,906.5652690996768,226.6413172749192,216.1332961337901,1.0354970817414706,7.104578392214753,0.930115489761337,52.27787245855346,522.7787245855346,1045.5574491710693,OK,OK,True,679,1,13.63320424107947,9.074027856878468,359.28017665851013,247
18.0,4,1.0,100.0,0.1,0.4,0.02,0.005,cube,16.666666666666664,16.666666666666664,side=1.00,high,8.0,3.0,8.0,3.0,11.287119635708185,3.684871599923109,0.08859656247785108,0.2713798765799239,9.074027856878468,7.4345921445168965,8.182757218179924,13.739484147741475,359.28017665851013,469.17242382936297,906.5652690996768,226.6413172749192,216.1332961337901,1.0354970817414706,7.10939354129523,0.9307458782936345,52.27787245855346,522.7787245855346,1045.5574491710693,OK,OK,True,678,1,13.739484147741475,9.074027856878468,469.17242382936297,248
18.0,4,1.0,100.0,0.1,0.4,0.01,0.01,cube,16.666666666666664,16.666666666666664,side=1.00,high,8.0,3.0,8.0,3.0,11.287119635708185,3.684871599923109,0.08859656247785108,0.2713798765799239,9.085007348731619,8.247867735433074,8.182427619297657,13.63320424107947,718.5603533170203,234.58621191468148,913.6214872557008,228.4053718139252,216.12636650791205,1.043556836022539,7.104578392214753,0.930115489761337,52.27787245855346,522.7787245855346,1045.5574491710693,OK,OK,True,677,1,13.63320424107947,9.085007348731619,718.5603533170203,249
18.0,4,1.0,100.0,0.1,0.4,0.01,0.005,cube,16.666666666666664,16.666666666666664,side=1.00,high,8.0,3.0,8.0,3.0,11.287119635708185,3.684871599923109,0.08859656247785108,0.2713798765799239,9.085007348731619,8.247867735433074,8.182757218179924,13.739484147741475,718.5603533170203,469.17242382936297,913.6214872557008,228.4053718139252,216.12636650791205,1.043556836022539,7.10939354129523,0.9307458782936345,52.27787245855346,522.7787245855346,1045.5574491710693,OK,OK,True,676,1,13.739484147741475,9.085007348731619,718.5603533170203,250
18.0,4,1.25,100.0,0.1,0.4,0.02,0.01,cube,16.666666666666664,16.666666666666664,side=1.00,high,8.0,3.0,8.0,3.0,11.287119635708185,2.9544080171674993,0.08859656247785108,0.33847728349950024,9.074027856878468,7.4345921445168965,8.114668969625612,16.88256583665628,359.28017665851013,188.08345593701307,906.5652690996768,226.6413172749192,216.1332961337901,1.0354970817414706,11.066019154626707,0.9271926024034522,52.27806298490045,522.7806298490045,1045.561259698009,OK,OK,True,695,1,16.88256583665628,9.074027856878468,359.28017665851013,251
18.0,4,1.25,100.0,0.1,0.4,0.02,0.005,cube,16.666666666666664,16.666666666666664,side=1.00,high,8.0,3.0,8.0,3.0,11.287119635708185,2.9544080171674993,0.08859656247785108,0.33847728349950024,9.074027856878468,7.4345921445168965,8.114848144909416,17.012752568635776,359.28017665851013,376.16691187402614,906.5652690996768,226.6413172749192,216.1332961337901,1.0354970817414706,11.074021131854158,0.9278630670019877,52.27806298490045,522.7806298490045,1045.561259698009,OK,OK,True,694,1,17.012752568635776,9.074027856878468,376.16691187402614,252
18.0,4,1.25,100.0,0.1,0.4,0.01,0.01,cube,16.666666666666664,16.666666666666664,side=1.00,high,8.0,3.0,8.0,3.0,11.287119635708185,2.9544080171674993,0.08859656247785108,0.33847728349950024,9.085007348731619,8.247867735433074,8.114668969625612,16.88256583665628,718.5603533170203,188.08345593701307,913.6214872557008,228.4053718139252,216.12636650791205,1.043556836022539,11.066019154626707,0.9271926024034522,52.27806298490045,522.7806298490045,1045.561259698009,OK,OK,True,693,1,16.88256583665628,9.085007348731619,718.5603533170203,253
18.0,4,1.25,100.0,0.1,0.4,0.01,0.005,cube,16.666666666666664,16.666666666666664,side=1.00,high,8.0,3.0,8.0,3.0,11.287119635708185,2.9544080171674993,0.08859656247785108,0.33847728349950024,9.085007348731619,8.247867735433074,8.114848144909416,17.012752568635776,718.5603533170203,376.16691187402614,913.6214872557008,228.4053718139252,216.12636650791205,1.043556836022539,11.074021131854158,0.9278630670019877,52.27806298490045,522.7806298490045,1045.561259698009,OK,OK,True,692,1,17.012752568635776,9.085007348731619,718.5603533170203,254
10.0,4,0.5,100.0,0.1,0.4,0.02,0.01,solid_sphere,15.395846399999996,15.395846399999996,R=0.62,high,8.0,3.0,8.0,3.0,10.689858480454738,5.265616095725958,0.09354660792080577,0.18991130037218035,8.787049842558641,9.194630504424813,8.38477719476011,9.775855893329313,340.26876362343774,335.21953202361317,902.6131469784672,225.6532867446168,216.30657142935883,1.0309828883759309,3.223300289816541,0.9406649527724781,70.13779436991175,701.3779436991174,1402.7558873982348,OK,OK,True,75,2,9.775855893329313,8.787049842558641,340.26876362343774,255
10.0,4,0.5,100.0,0.1,0.4,0.02,0.005,solid_sphere,15.395846399999996,15.395846399999996,R=0.62,high,8.0,3.0,8.0,3.0,10.689858480454738,5.265616095725958,0.09354660792080577,0.18991130037218035,8.787049842558641,9.194630504424813,8.385515086762558,9.85325930792488,340.26876362343774,670.4390640472263,902.6131469784672,225.6532867446168,216.30657142935883,1.0309828883759309,3.226855926364401,0.9417026043670056,70.13779436991175,701.3779436991174,1402.7558873982348,OK,OK,True,74,2,9.85325930792488,8.787049842558641,670.4390640472263,256
10.0,4,0.5,100.0,0.1,0.4,0.01,0.005,solid_sphere,15.395846399999996,15.395846399999996,R=0.62,high,8.0,3.0,8.0,3.0,10.689858480454738,5.265616095725958,0.09354660792080577,0.18991130037218035,8.795656280499772,9.951501154013904,8.385515086762558,9.85325930792488,680.5375272468755,670.4390640472263,905.8074792231104,226.4518698057776,216.30313846006987,1.0346315189050108,3.226855926364401,0.9417026043670056,70.13779436991175,701.3779436991174,1402.7558873982348,OK,OK,True,72,2,9.951501154013904,8.795656280499772,680.5375272468755,257
10.0,4,0.5,100.0,0.1,0.4,0.01,0.01,solid_sphere,15.395846399999996,15.395846399999996,R=0.62,high,8.0,3.0,8.0,3.0,10.689858480454738,5.265616095725958,0.09354660792080577,0.18991130037218035,8.795656280499772,9.951501154013904,8.38477719476011,9.775855893329313,680.5375272468755,335.21953202361317,905.8074792231104,226.4518698057776,216.30313846006987,1.0346315189050108,3.223300289816541,0.9406649527724781,70.13779436991175,701.3779436991174,1402.7558873982348,OK,OK,True,73,2,9.951501154013904,8.795656280499772,680.5375272468755,258
10.0,4,0.75,100.0,0.1,0.4,0.02,0.01,solid_sphere,15.395846399999996,15.395846399999996,R=0.62,high,8.0,3.0,8.0,3.0,10.689858480454738,3.5150954864874846,0.09354660792080577,0.2844872931173958,8.787049842558641,9.194630504424813,8.169893692037219,14.283741120282784,340.26876362343774,223.7779288457975,902.6131469784672,225.6532867446168,216.30657142935883,1.0309828883759309,7.1076178497469655,0.9192071165338463,70.13794805639697,701.3794805639697,1402.7589611279393,OK,OK,True,91,2,14.283741120282784,8.787049842558641,340.26876362343774,259
10.0,4,0.75,100.0,0.1,0.4,0.02,0.005,solid_sphere,15.395846399999996,15.395846399999996,R=0.62,high,8.0,3.0,8.0,3.0,10.689858480454738,3.5150954864874846,0.09354660792080577,0.2844872931173958,8.787049842558641,9.194630504424813,8.170078277091893,14.398026241375097,340.26876362343774,447.555857691595,902.6131469784672,225.6532867446168,216.30657142935883,1.0309828883759309,7.109050929915114,0.9194434637895996,70.13794805639697,701.3794805639697,1402.7589611279393,OK,OK,True,90,2,14.398026241375097,8.787049842558641,447.555857691595,260
10.0,4,0.75,100.0,0.1,0.4,0.01,0.01,solid_sphere,15.395846399999996,15.395846399999996,R=0.62,high,8.0,3.0,8.0,3.0,10.689858480454738,3.5150954864874846,0.09354660792080577,0.2844872931173958,8.795656280499772,9.951501154013904,8.169893692037219,14.283741120282784,680.5375272468755,223.7779288457975,905.8074792231104,226.4518698057776,216.30313846006987,1.0346315189050108,7.1076178497469655,0.9192071165338463,70.13794805639697,701.3794805639697,1402.7589611279393,OK,OK,True,89,2,14.283741120282784,8.795656280499772,680.5375272468755,261
10.0,4,0.75,100.0,0.1,0.4,0.01,0.005,solid_sphere,15.395846399999996,15.395846399999996,R=0.62,high,8.0,3.0,8.0,3.0,10.689858480454738,3.5150954864874846,0.09354660792080577,0.2844872931173958,8.795656280499772,9.951501154013904,8.170078277091893,14.398026241375097,680.5375272468755,447.555857691595,905.8074792231104,226.4518698057776,216.30313846006987,1.0346315189050108,7.109050929915114,0.9194434637895996,70.13794805639697,701.3794805639697,1402.7589611279393,OK,OK,True,88,2,14.398026241375097,8.795656280499772,680.5375272468755,262
10.0,4,1.0,100.0,0.1,0.4,0.02,0.01,solid_sphere,15.395846399999996,15.395846399999996,R=0.62,high,8.0,3.0,8.0,3.0,10.689858480454738,2.641238556542343,0.09354660792080577,0.3786102537095719,8.787049842558641,9.194630504424813,8.092305997120398,18.81521378225046,340.26876362343774,168.14646886344656,902.6131469784672,225.6532867446168,216.30657142935883,1.0309828883759309,12.501241706591795,0.9094174511666555,70.13816319844379,701.381631984438,1402.763263968876,OK,OK,True,107,2,18.81521378225046,8.787049842558641,340.26876362343774,263
10.0,4,1.0,100.0,0.1,0.4,0.02,0.005,solid_sphere,15.395846399999996,15.395846399999996,R=0.62,high,8.0,3.0,8.0,3.0,10.689858480454738,2.641238556542343,0.09354660792080577,0.3786102537095719,8.787049842558641,9.194630504424813,8.092372701733964,18.958652082833932,340.26876362343774,336.2929377268931,902.6131469784672,225.6532867446168,216.30657142935883,1.0309828883759309,12.503447663959122,0.909633045527112,70.13816319844379,701.381631984438,1402.763263968876,OK,OK,True,106,2,18.958652082833932,8.787049842558641,340.26876362343774,264
10.0,4,1.0,100.0,0.1,0.4,0.01,0.01,solid_sphere,15.395846399999996,15.395846399999996,R=0.62,high,8.0,3.0,8.0,3.0,10.689858480454738,2.641238556542343,0.09354660792080577,0.3786102537095719,8.795656280499772,9.951501154013904,8.092305997120398,18.81521378225046,680.5375272468755,168.14646886344656,905.8074792231104,226.4518698057776,216.30313846006987,1.0346315189050108,12.501241706591795,0.9094174511666555,70.13816319844379,701.381631984438,1402.763263968876,OK,OK,True,105,2,18.81521378225046,8.795656280499772,680.5375272468755,265
10.0,4,1.0,100.0,0.1,0.4,0.01,0.005,solid_sphere,15.395846399999996,15.395846399999996,R=0.62,high,8.0,3.0,8.0,3.0,10.689858480454738,2.641238556542343,0.09354660792080577,0.3786102537095719,8.795656280499772,9.951501154013904,8.092372701733964,18.958652082833932,680.5375272468755,336.2929377268931,905.8074792231104,226.4518698057776,216.30313846006987,1.0346315189050108,12.503447663959122,0.909633045527112,70.13816319844379,701.381631984438,1402.763263968876,OK,OK,True,104,2,18.958652082833932,8.795656280499772,680.5375272468755,266
10.0,4,1.25,100.0,0.1,0.4,0.02,0.01,solid_sphere,15.395846399999996,15.395846399999996,R=0.62,high,8.0,3.0,8.0,3.0,10.689858480454738,2.1180454017079655,0.09354660792080577,0.47213341092386996,8.787049842558641,9.194630504424813,8.0602513986946,23.350326054372456,340.26876362343774,134.83895814995273,902.6131469784672,225.6532867446168,216.30657142935883,1.0309828883759309,19.37286361457177,0.9029778968007004,70.13843977701673,701.3843977701673,1402.7687955403346,OK,OK,True,123,2,23.350326054372456,8.787049842558641,340.26876362343774,267
10.0,4,1.25,100.0,0.1,0.4,0.02,0.005,solid_sphere,15.395846399999996,15.395846399999996,R=0.62,high,8.0,3.0,8.0,3.0,10.689858480454738,2.1180454017079655,0.09354660792080577,0.47213341092386996,8.787049842558641,9.194630504424813,8.06031791905254,23.52558096913333,340.26876362343774,269.67791629990546,902.6131469784672,225.6532867446168,216.30657142935883,1.0309828883759309,19.37583888990957,0.903116575723981,70.13843977701673,701.3843977701673,1402.7687955403346,OK,OK,True,122,2,23.52558096913333,8.787049842558641,340.26876362343774,268
10.0,4,1.25,100.0,0.1,0.4,0.01,0.01,solid_sphere,15.395846399999996,15.395846399999996,R=0.62,high,8.0,3.0,8.0,3.0,10.689858480454738,2.1180454017079655,0.09354660792080577,0.47213341092386996,8.795656280499772,9.951501154013904,8.0602513986946,23.350326054372456,680.5375272468755,134.83895814995273,905.8074792231104,226.4518698057776,216.30313846006987,1.0346315189050108,19.37286361457177,0.9029778968007004,70.13843977701673,701.3843977701673,1402.7687955403346,OK,OK,True,121,2,23.350326054372456,8.795656280499772,680.5375272468755,269
10.0,4,1.25,100.0,0.1,0.4,0.01,0.005,solid_sphere,15.395846399999996,15.395846399999996,R=0.62,high,8.0,3.0,8.0,3.0,10.689858480454738,2.1180454017079655,0.09354660792080577,0.47213341092386996,8.795656280499772,9.951501154013904,8.06031791905254,23.52558096913333,680.5375272468755,269.67791629990546,905.8074792231104,226.4518698057776,216.30313846006987,1.0346315189050108,19.37583888990957,0.903116575723981,70.13843977701673,701.3843977701673,1402.7687955403346,OK,OK,True,120,2,23.52558096913333,8.795656280499772,680.5375272468755,270
12.0,4,0.5,100.0,0.1,0.4,0.02,0.01,solid_sphere,15.395846399999996,15.395846399999996,R=0.62,high,8.0,3.0,8.0,3.0,10.831830747756394,5.76819342970894,0.09232049717977091,0.17336450522784558,8.842579351534912,8.936697578813646,8.459675342458878,8.998446713137723,344.7878812480422,367.2145988193484,906.3122858400253,226.57807146000633,216.27642795280548,1.0352081191747062,2.7219430671843963,0.9502685054700196,64.02675351676584,640.2675351676584,1280.5350703353167,OK,OK,True,267,2,8.998446713137723,8.842579351534912,367.2145988193484,271
12.0,4,0.5,100.0,0.1,0.4,0.02,0.005,solid_sphere,15.395846399999996,15.395846399999996,R=0.62,high,8.0,3.0,8.0,3.0,10.831830747756394,5.76819342970894,0.09232049717977091,0.17336450522784558,8.842579351534912,8.936697578813646,8.460649936378834,9.06972752550397,344.7878812480422,734.4291976386968,906.3122858400253,226.57807146000633,216.27642795280548,1.0352081191747062,2.723875867030291,0.9509432730076195,64.02675351676584,640.2675351676584,1280.5350703353167,OK,OK,True,266,2,9.06972752550397,8.842579351534912,734.4291976386968,272
12.0,4,0.5,100.0,0.1,0.4,0.01,0.01,solid_sphere,15.395846399999996,15.395846399999996,R=0.62,high,8.0,3.0,8.0,3.0,10.831830747756394,5.76819342970894,0.09232049717977091,0.17336450522784558,8.852162864670083,9.82840677675579,8.459675342458878,8.998446713137723,689.5757624960844,367.2145988193484,912.7543983839967,228.18859959599916,216.26926910595506,1.0425664296757882,2.7219430671843963,0.9502685054700196,64.02675351676584,640.2675351676584,1280.5350703353167,OK,OK,True,265,2,9.82840677675579,8.852162864670083,689.5757624960844,273
12.0,4,0.5,100.0,0.1,0.4,0.01,0.005,solid_sphere,15.395846399999996,15.395846399999996,R=0.62,high,8.0,3.0,8.0,3.0,10.831830747756394,5.76819342970894,0.09232049717977091,0.17336450522784558,8.852162864670083,9.82840677675579,8.460649936378834,9.06972752550397,689.5757624960844,734.4291976386968,912.7543983839967,228.18859959599916,216.26926910595506,1.0425664296757882,2.723875867030291,0.9509432730076195,64.02675351676584,640.2675351676584,1280.5350703353167,OK,OK,True,264,2,9.82840677675579,8.852162864670083,734.4291976386968,274
12.0,4,0.75,100.0,0.1,0.4,0.02,0.01,solid_sphere,15.395846399999996,15.395846399999996,R=0.62,high,8.0,3.0,8.0,3.0,10.831830747756394,3.8505941795018357,0.09232049717977091,0.25970017960432623,8.842579351534912,8.936697578813646,8.205995438853918,13.095212175588683,344.7878812480422,245.13643900343925,906.3122858400253,226.57807146000633,216.27642795280548,1.0352081191747062,5.9658748926997225,0.9256758259616087,64.02689381269039,640.2689381269039,1280.5378762538078,OK,OK,True,283,2,13.095212175588683,8.842579351534912,344.7878812480422,275
12.0,4,0.75,100.0,0.1,0.4,0.02,0.005,solid_sphere,15.395846399999996,15.395846399999996,R=0.62,high,8.0,3.0,8.0,3.0,10.831830747756394,3.8505941795018357,0.09232049717977091,0.25970017960432623,8.842579351534912,8.936697578813646,8.20634360707366,13.19970815349876,344.7878812480422,490.2728780068785,906.3122858400253,226.57807146000633,216.27642795280548,1.0352081191747062,5.96793989271208,0.9259962350594241,64.02689381269039,640.2689381269039,1280.5378762538078,OK,OK,True,282,2,13.19970815349876,8.842579351534912,490.2728780068785,276
12.0,4,0.75,100.0,0.1,0.4,0.01,0.01,solid_sphere,15.395846399999996,15.395846399999996,R=0.62,high,8.0,3.0,8.0,3.0,10.831830747756394,3.8505941795018357,0.09232049717977091,0.25970017960432623,8.852162864670083,9.82840677675579,8.205995438853918,13.095212175588683,689.5757624960844,245.13643900343925,912.7543983839967,228.18859959599916,216.26926910595506,1.0425664296757882,5.9658748926997225,0.9256758259616087,64.02689381269039,640.2689381269039,1280.5378762538078,OK,OK,True,281,2,13.095212175588683,8.852162864670083,689.5757624960844,277
12.0,4,0.75,100.0,0.1,0.4,0.01,0.005,solid_sphere,15.395846399999996,15.395846399999996,R=0.62,high,8.0,3.0,8.0,3.0,10.831830747756394,3.8505941795018357,0.09232049717977091,0.25970017960432623,8.852162864670083,9.82840677675579,8.20634360707366,13.19970815349876,689.5757624960844,490.2728780068785,912.7543983839967,228.18859959599916,216.26926910595506,1.0425664296757882,5.96793989271208,0.9259962350594241,64.02689381269039,640.2689381269039,1280.5378762538078,OK,OK,True,280,2,13.19970815349876,8.852162864670083,689.5757624960844,278
12.0,4,1.0,100.0,0.1,0.4,0.02,0.01,solid_sphere,15.395846399999996,15.395846399999996,R=0.62,high,8.0,3.0,8.0,3.0,10.831830747756394,2.893331874346167,0.09232049717977091,0.345622294098557,8.842579351534912,8.936697578813646,8.107930080945515,17.24439802578114,344.7878812480422,184.19522792301245,906.3122858400253,226.57807146000633,216.27642795280548,1.0352081191747062,10.523367709874677,0.9184638197188849,64.0270902096106,640.270902096106,1280.541804192212,OK,OK,True,299,2,17.24439802578114,8.842579351534912,344.7878812480422,279
12.0,4,1.0,100.0,0.1,0.4,0.02,0.005,solid_sphere,15.395846399999996,15.395846399999996,R=0.62,high,8.0,3.0,8.0,3.0,10.831830747756394,2.893331874346167,0.09232049717977091,0.345622294098557,8.842579351534912,8.936697578813646,8.108107536102725,17.380921273341997,344.7878812480422,368.3904558460249,906.3122858400253,226.57807146000633,216.27642795280548,1.0352081191747062,10.526932266768373,0.9187749289217988,64.0270902096106,640.270902096106,1280.541804192212,OK,OK,True,298,2,17.380921273341997,8.842579351534912,368.3904558460249,280
12.0,4,1.0,100.0,0.1,0.4,0.01,0.01,solid_sphere,15.395846399999996,15.395846399999996,R=0.62,high,8.0,3.0,8.0,3.0,10.831830747756394,2.893331874346167,0.09232049717977091,0.345622294098557,8.852162864670083,9.82840677675579,8.107930080945515,17.24439802578114,689.5757624960844,184.19522792301245,912.7543983839967,228.18859959599916,216.26926910595506,1.0425664296757882,10.523367709874677,0.9184638197188849,64.0270902096106,640.270902096106,1280.541804192212,OK,OK,True,297,2,17.24439802578114,8.852162864670083,689.5757624960844,281
12.0,4,1.0,100.0,0.1,0.4,0.01,0.005,solid_sphere,15.395846399999996,15.395846399999996,R=0.62,high,8.0,3.0,8.0,3.0,10.831830747756394,2.893331874346167,0.09232049717977091,0.345622294098557,8.852162864670083,9.82840677675579,8.108107536102725,17.380921273341997,689.5757624960844,368.3904558460249,912.7543983839967,228.18859959599916,216.26926910595506,1.0425664296757882,10.526932266768373,0.9187749289217988,64.0270902096106,640.270902096106,1280.541804192212,OK,OK,True,296,2,17.380921273341997,8.852162864670083,689.5757624960844,282
12.0,4,1.25,100.0,0.1,0.4,0.02,0.01,solid_sphere,15.395846399999996,15.395846399999996,R=0.62,high,8.0,3.0,8.0,3.0,10.831830747756394,2.320202488670666,0.09232049717977091,0.43099686552484434,8.842579351534912,8.936697578813646,8.074998572050587,21.357593732356957,344.7878812480422,147.7086780184215,906.3122858400253,226.57807146000633,216.27642795280548,1.0352081191747062,16.277768865365836,0.9092475902857506,64.02734269014944,640.2734269014944,1280.5468538029888,OK,OK,True,315,2,21.357593732356957,8.842579351534912,344.7878812480422,283
12.0,4,1.25,100.0,0.1,0.4,0.02,0.005,solid_sphere,15.395846399999996,15.395846399999996,R=0.62,high,8.0,3.0,8.0,3.0,10.831830747756394,2.320202488670666,0.09232049717977091,0.43099686552484434,8.842579351534912,8.936697578813646,8.075066944723654,21.532576920686086,344.7878812480422,295.417356036843,906.3122858400253,226.57807146000633,216.27642795280548,1.0352081191747062,16.2830110085393,0.9095404071999008,64.02734269014944,640.2734269014944,1280.5468538029888,OK,OK,True,314,2,21.532576920686086,8.842579351534912,344.7878812480422,284
12.0,4,1.25,100.0,0.1,0.4,0.01,0.01,solid_sphere,15.395846399999996,15.395846399999996,R=0.62,high,8.0,3.0,8.0,3.0,10.831830747756394,2.320202488670666,0.09232049717977091,0.43099686552484434,8.852162864670083,9.82840677675579,8.074998572050587,21.357593732356957,689.5757624960844,147.7086780184215,912.7543983839967,228.18859959599916,216.26926910595506,1.0425664296757882,16.277768865365836,0.9092475902857506,64.02734269014944,640.2734269014944,1280.5468538029888,OK,OK,True,313,2,21.357593732356957,8.852162864670083,689.5757624960844,285
12.0,4,1.25,100.0,0.1,0.4,0.01,0.005,solid_sphere,15.395846399999996,15.395846399999996,R=0.62,high,8.0,3.0,8.0,3.0,10.831830747756394,2.320202488670666,0.09232049717977091,0.43099686552484434,8.852162864670083,9.82840677675579,8.075066944723654,21.532576920686086,689.5757624960844,295.417356036843,912.7543983839967,228.18859959599916,216.26926910595506,1.0425664296757882,16.2830110085393,0.9095404071999008,64.02734269014944,640.2734269014944,1280.5468538029888,OK,OK,True,312,2,21.532576920686086,8.852162864670083,689.5757624960844,286
15.0,4,0.5,100.0,0.1,0.4,0.02,0.01,solid_sphere,15.395846399999996,15.395846399999996,R=0.62,high,8.0,3.0,8.0,3.0,11.057432287182634,6.449036308145797,0.09043690922341555,0.15506192742889305,8.915019655957677,8.301087231564612,8.568526710981587,8.150945840330934,351.96900128180766,410.5584026482045,908.136462229223,227.03411555730574,216.24501312200718,1.0372917301313356,2.204685088463974,0.9655281807234395,57.267269296844844,572.6726929684485,1145.345385936897,OK,OK,True,459,2,8.301087231564612,8.915019655957677,410.5584026482045,287
15.0,4,0.5,100.0,0.1,0.4,0.02,0.005,solid_sphere,15.395846399999996,15.395846399999996,R=0.62,high,8.0,3.0,8.0,3.0,11.057432287182634,6.449036308145797,0.09043690922341555,0.15506192742889305,8.915019655957677,8.301087231564612,8.57001208711863,8.216471011330334,351.96900128180766,821.116805296409,908.136462229223,227.03411555730574,216.24501312200718,1.0372917301313356,2.207258882387236,0.9666553578324458,57.267269296844844,572.6726929684485,1145.345385936897,OK,OK,True,458,2,8.301087231564612,8.915019655957677,821.116805296409,288
15.0,4,0.5,100.0,0.1,0.4,0.01,0.01,solid_sphere,15.395846399999996,15.395846399999996,R=0.62,high,8.0,3.0,8.0,3.0,11.057432287182634,6.449036308145797,0.09043690922341555,0.15506192742889305,8.923786846671284,8.563446769487873,8.568526710981587,8.150945840330934,703.9380025636153,410.5584026482045,910.2774726971851,227.56936817429627,216.2429163039421,1.039737235344385,2.204685088463974,0.9655281807234395,57.267269296844844,572.6726929684485,1145.345385936897,OK,OK,True,457,2,8.563446769487873,8.923786846671284,703.9380025636153,289
15.0,4,0.5,100.0,0.1,0.4,0.01,0.005,solid_sphere,15.395846399999996,15.395846399999996,R=0.62,high,8.0,3.0,8.0,3.0,11.057432287182634,6.449036308145797,0.09043690922341555,0.15506192742889305,8.923786846671284,8.563446769487873,8.57001208711863,8.216471011330334,703.9380025636153,821.116805296409,910.2774726971851,227.56936817429627,216.2429163039421,1.039737235344385,2.207258882387236,0.9666553578324458,57.267269296844844,572.6726929684485,1145.345385936897,OK,OK,True,456,2,8.563446769487873,8.923786846671284,821.116805296409,290
15.0,4,0.75,100.0,0.1,0.4,0.02,0.01,solid_sphere,15.395846399999996,15.395846399999996,R=0.62,high,8.0,3.0,8.0,3.0,11.057432287182634,4.305095169597213,0.09043690922341555,0.23228290214396366,8.915019655957677,8.301087231564612,8.253932201992022,11.783343514446637,351.96900128180766,274.07087068897516,908.136462229223,227.03411555730574,216.24501312200718,1.0372917301313356,4.80376510207742,0.9317009886580941,57.26739478133455,572.6739478133455,1145.347895626691,OK,OK,True,475,2,11.783343514446637,8.915019655957677,351.96900128180766,291
15.0,4,0.75,100.0,0.1,0.4,0.02,0.005,solid_sphere,15.395846399999996,15.395846399999996,R=0.62,high,8.0,3.0,8.0,3.0,11.057432287182634,4.305095169597213,0.09043690922341555,0.23228290214396366,8.915019655957677,8.301087231564612,8.254272435658148,11.878502069506933,351.96900128180766,548.1417413779503,908.136462229223,227.03411555730574,216.24501312200718,1.0372917301313356,4.806342873293999,0.9322009531526076,57.26739478133455,572.6739478133455,1145.347895626691,OK,OK,True,474,2,11.878502069506933,8.915019655957677,548.1417413779503,292
15.0,4,0.75,100.0,0.1,0.4,0.01,0.01,solid_sphere,15.395846399999996,15.395846399999996,R=0.62,high,8.0,3.0,8.0,3.0,11.057432287182634,4.305095169597213,0.09043690922341555,0.23228290214396366,8.923786846671284,8.563446769487873,8.253932201992022,11.783343514446637,703.9380025636153,274.07087068897516,910.2774726971851,227.56936817429627,216.2429163039421,1.039737235344385,4.80376510207742,0.9317009886580941,57.26739478133455,572.6739478133455,1145.347895626691,OK,OK,True,473,2,11.783343514446637,8.923786846671284,703.9380025636153,293
15.0,4,0.75,100.0,0.1,0.4,0.01,0.005,solid_sphere,15.395846399999996,15.395846399999996,R=0.62,high,8.0,3.0,8.0,3.0,11.057432287182634,4.305095169597213,0.09043690922341555,0.23228290214396366,8.923786846671284,8.563446769487873,8.254272435658148,11.878502069506933,703.9380025636153,548.1417413779503,910.2774726971851,227.56936817429627,216.2429163039421,1.039737235344385,4.806342873293999,0.9322009531526076,57.26739478133455,572.6739478133455,1145.347895626691,OK,OK,True,472,2,11.878502069506933,8.923786846671284,703.9380025636153,294
15.0,4,1.0,100.0,0.1,0.4,0.02,0.01,solid_sphere,15.395846399999996,15.395846399999996,R=0.62,high,8.0,3.0,8.0,3.0,11.057432287182634,3.23484337623806,0.09043690922341555,0.3091339776588947,8.915019655957677,8.301087231564612,8.145682168828055,15.478679926692127,351.96900128180766,205.93652538254523,908.136462229223,227.03411555730574,216.24501312200718,1.0372917301313356,8.499602805169493,0.9272908010241774,57.26757044408022,572.6757044408022,1145.3514088816044,OK,OK,True,491,2,15.478679926692127,8.915019655957677,351.96900128180766,295
15.0,4,1.0,100.0,0.1,0.4,0.02,0.005,solid_sphere,15.395846399999996,15.395846399999996,R=0.62,high,8.0,3.0,8.0,3.0,11.057432287182634,3.23484337623806,0.09043690922341555,0.3091339776588947,8.915019655957677,8.301087231564612,8.145866470644892,15.60102370189104,351.96900128180766,411.87305076509045,908.136462229223,227.03411555730574,216.24501312200718,1.0372917301313356,8.504310425620801,0.9278043936283583,57.26757044408022,572.6757044408022,1145.3514088816044,OK,OK,True,490,2,15.60102370189104,8.915019655957677,411.87305076509045,296
15.0,4,1.0,100.0,0.1,0.4,0.01,0.01,solid_sphere,15.395846399999996,15.395846399999996,R=0.62,high,8.0,3.0,8.0,3.0,11.057432287182634,3.23484337623806,0.09043690922341555,0.3091339776588947,8.923786846671284,8.563446769487873,8.145682168828055,15.478679926692127,703.9380025636153,205.93652538254523,910.2774726971851,227.56936817429627,216.2429163039421,1.039737235344385,8.499602805169493,0.9272908010241774,57.26757044408022,572.6757044408022,1145.3514088816044,OK,OK,True,489,2,15.478679926692127,8.923786846671284,703.9380025636153,297
15.0,4,1.0,100.0,0.1,0.4,0.01,0.005,solid_sphere,15.395846399999996,15.395846399999996,R=0.62,high,8.0,3.0,8.0,3.0,11.057432287182634,3.23484337623806,0.09043690922341555,0.3091339776588947,8.923786846671284,8.563446769487873,8.145866470644892,15.60102370189104,703.9380025636153,411.87305076509045,910.2774726971851,227.56936817429627,216.2429163039421,1.039737235344385,8.504310425620801,0.9278043936283583,57.26757044408022,572.6757044408022,1145.3514088816044,OK,OK,True,488,2,15.60102370189104,8.923786846671284,703.9380025636153,298
15.0,4,1.25,100.0,0.1,0.4,0.02,0.01,solid_sphere,15.395846399999996,15.395846399999996,R=0.62,high,8.0,3.0,8.0,3.0,11.057432287182634,2.5940652431006783,0.09043690922341555,0.3854953157634166,8.915019655957677,8.301087231564612,8.089787675477789,19.176533499291907,351.96900128180766,165.14332245694084,908.136462229223,227.03411555730574,216.24501312200718,1.0372917301313356,13.199806444635332,0.9216475167213634,57.26779626953937,572.6779626953937,1145.3559253907874,OK,OK,True,507,2,19.176533499291907,8.915019655957677,351.96900128180766,299
15.0,4,1.25,100.0,0.1,0.4,0.02,0.005,solid_sphere,15.395846399999996,15.395846399999996,R=0.62,high,8.0,3.0,8.0,3.0,11.057432287182634,2.5940652431006783,0.09043690922341555,0.3854953157634166,8.915019655957677,8.301087231564612,8.089855968416437,19.326440559591003,351.96900128180766,330.2866449138817,908.136462229223,227.03411555730574,216.24501312200718,1.0372917301313356,13.207338416425058,0.922173420121927,57.26779626953937,572.6779626953937,1145.3559253907874,OK,OK,True,506,2,19.326440559591003,8.915019655957677,351.96900128180766,300
15.0,4,1.25,100.0,0.1,0.4,0.01,0.01,solid_sphere,15.395846399999996,15.395846399999996,R=0.62,high,8.0,3.0,8.0,3.0,11.057432287182634,2.5940652431006783,0.09043690922341555,0.3854953157634166,8.923786846671284,8.563446769487873,8.089787675477789,19.176533499291907,703.9380025636153,165.14332245694084,910.2774726971851,227.56936817429627,216.2429163039421,1.039737235344385,13.199806444635332,0.9216475167213634,57.26779626953937,572.6779626953937,1145.3559253907874,OK,OK,True,505,2,19.176533499291907,8.923786846671284,703.9380025636153,301
15.0,4,1.25,100.0,0.1,0.4,0.01,0.005,solid_sphere,15.395846399999996,15.395846399999996,R=0.62,high,8.0,3.0,8.0,3.0,11.057432287182634,2.5940652431006783,0.09043690922341555,0.3854953157634166,8.923786846671284,8.563446769487873,8.089855968416437,19.326440559591003,703.9380025636153,330.2866449138817,910.2774726971851,227.56936817429627,216.2429163039421,1.039737235344385,13.207338416425058,0.922173420121927,57.26779626953937,572.6779626953937,1145.3559253907874,OK,OK,True,504,2,19.326440559591003,8.923786846671284,703.9380025636153,302
18.0,4,0.5,100.0,0.1,0.4,0.02,0.01,solid_sphere,15.395846399999996,15.395846399999996,R=0.62,high,8.0,3.0,8.0,3.0,11.29692854828118,7.064565320244201,0.08851963573339137,0.14155152577249197,8.987238131786757,7.569946199290822,8.679911881822822,7.53605454217021,359.59240404297987,449.7441966049772,907.2850435618732,226.8212608904683,216.18675051124168,1.0363192226071323,1.862104264339389,0.9774339772763199,52.27762533434156,522.7762533434155,1045.552506686831,OK,OK,True,651,2,7.569946199290822,8.987238131786757,449.7441966049772,303
18.0,4,0.5,100.0,0.1,0.4,0.02,0.005,solid_sphere,15.395846399999996,15.395846399999996,R=0.62,high,8.0,3.0,8.0,3.0,11.29692854828118,7.064565320244201,0.08851963573339137,0.14155152577249197,8.987238131786757,7.569946199290822,8.681678087764988,7.596045364206697,359.59240404297987,899.4883932099544,907.2850435618732,226.8212608904683,216.18675051124168,1.0363192226071323,1.8646025729352742,0.9784533416627715,52.27762533434156,522.7762533434155,1045.552506686831,OK,OK,True,650,2,7.596045364206697,8.987238131786757,899.4883932099544,304
18.0,4,0.5,100.0,0.1,0.4,0.01,0.01,solid_sphere,15.395846399999996,15.395846399999996,R=0.62,high,8.0,3.0,8.0,3.0,11.29692854828118,7.064565320244201,0.08851963573339137,0.14155152577249197,8.996160951540768,8.1231701010272,8.679911881822822,7.53605454217021,719.1848080859597,449.7441966049772,913.0548391524758,228.26370978811894,216.18224700322693,1.0429095991635244,1.862104264339389,0.9774339772763199,52.27762533434156,522.7762533434155,1045.552506686831,OK,OK,True,649,2,8.1231701010272,8.996160951540768,719.1848080859597,305
18.0,4,0.5,100.0,0.1,0.4,0.01,0.005,solid_sphere,15.395846399999996,15.395846399999996,R=0.62,high,8.0,3.0,8.0,3.0,11.29692854828118,7.064565320244201,0.08851963573339137,0.14155152577249197,8.996160951540768,8.1231701010272,8.681678087764988,7.596045364206697,719.1848080859597,899.4883932099544,913.0548391524758,228.26370978811894,216.18224700322693,1.0429095991635244,1.8646025729352742,0.9784533416627715,52.27762533434156,522.7762533434155,1045.552506686831,OK,OK,True,648,2,8.1231701010272,8.996160951540768,899.4883932099544,306
18.0,4,0.75,100.0,0.1,0.4,0.02,0.01,solid_sphere,15.395846399999996,15.395846399999996,R=0.62,high,8.0,3.0,8.0,3.0,11.29692854828118,4.715995473171081,0.08851963573339137,0.21204430871253363,8.987238131786757,7.569946199290822,8.308930057873804,10.815853410201344,359.59240404297987,300.2295964616718,907.2850435618732,226.8212608904683,216.18675051124168,1.0363192226071323,4.022588753280217,0.9395561772399119,52.27773988548429,522.7773988548429,1045.5547977096858,OK,OK,True,667,2,10.815853410201344,8.987238131786757,359.59240404297987,307
18.0,4,0.75,100.0,0.1,0.4,0.02,0.005,solid_sphere,15.395846399999996,15.395846399999996,R=0.62,high,8.0,3.0,8.0,3.0,11.29692854828118,4.715995473171081,0.08851963573339137,0.21204430871253363,8.987238131786757,7.569946199290822,8.309469055027613,10.900295905715481,359.59240404297987,600.4591929233436,907.2850435618732,226.8212608904683,216.18675051124168,1.0363192226071323,4.026562729473275,0.9404843789799848,52.27773988548429,522.7773988548429,1045.5547977096858,OK,OK,True,666,2,10.900295905715481,8.987238131786757,600.4591929233436,308
18.0,4,0.75,100.0,0.1,0.4,0.01,0.01,solid_sphere,15.395846399999996,15.395846399999996,R=0.62,high,8.0,3.0,8.0,3.0,11.29692854828118,4.715995473171081,0.08851963573339137,0.21204430871253363,8.996160951540768,8.1231701010272,8.308930057873804,10.815853410201344,719.1848080859597,300.2295964616718,913.0548391524758,228.26370978811894,216.18224700322693,1.0429095991635244,4.022588753280217,0.9395561772399119,52.27773988548429,522.7773988548429,1045.5547977096858,OK,OK,True,665,2,10.815853410201344,8.996160951540768,719.1848080859597,309
18.0,4,0.75,100.0,0.1,0.4,0.01,0.005,solid_sphere,15.395846399999996,15.395846399999996,R=0.62,high,8.0,3.0,8.0,3.0,11.29692854828118,4.715995473171081,0.08851963573339137,0.21204430871253363,8.996160951540768,8.1231701010272,8.309469055027613,10.900295905715481,719.1848080859597,600.4591929233436,913.0548391524758,228.26370978811894,216.18224700322693,1.0429095991635244,4.026562729473275,0.9404843789799848,52.27773988548429,522.7773988548429,1045.5547977096858,OK,OK,True,664,2,10.900295905715481,8.996160951540768,719.1848080859597,310
18.0,4,1.0,100.0,0.1,0.4,0.02,0.01,solid_sphere,15.395846399999996,15.395846399999996,R=0.62,high,8.0,3.0,8.0,3.0,11.29692854828118,3.5435933743292614,0.08851963573339137,0.28219942142466675,8.987238131786757,7.569946199290822,8.170936964053261,14.179491565145996,359.59240404297987,225.59216073287635,907.2850435618732,226.8212608904683,216.18675051124168,1.0363192226071323,7.1013830457262195,0.9296971621562259,52.27790024289815,522.7790024289815,1045.558004857963,OK,OK,True,683,2,14.179491565145996,8.987238131786757,359.59240404297987,311
18.0,4,1.0,100.0,0.1,0.4,0.02,0.005,solid_sphere,15.395846399999996,15.395846399999996,R=0.62,high,8.0,3.0,8.0,3.0,11.29692854828118,3.5435933743292614,0.08851963573339137,0.28219942142466675,8.987238131786757,7.569946199290822,8.17112135914315,14.292833336994494,359.59240404297987,451.1843214657527,907.2850435618732,226.8212608904683,216.18675051124168,1.0363192226071323,7.106245092691731,0.9303336904545869,52.27790024289815,522.7790024289815,1045.558004857963,OK,OK,True,682,2,14.292833336994494,8.987238131786757,451.1843214657527,312
18.0,4,1.0,100.0,0.1,0.4,0.01,0.01,solid_sphere,15.395846399999996,15.395846399999996,R=0.62,high,8.0,3.0,8.0,3.0,11.29692854828118,3.5435933743292614,0.08851963573339137,0.28219942142466675,8.996160951540768,8.1231701010272,8.170936964053261,14.179491565145996,719.1848080859597,225.59216073287635,913.0548391524758,228.26370978811894,216.18224700322693,1.0429095991635244,7.1013830457262195,0.9296971621562259,52.27790024289815,522.7790024289815,1045.558004857963,OK,OK,True,681,2,14.179491565145996,8.996160951540768,719.1848080859597,313
18.0,4,1.0,100.0,0.1,0.4,0.01,0.005,solid_sphere,15.395846399999996,15.395846399999996,R=0.62,high,8.0,3.0,8.0,3.0,11.29692854828118,3.5435933743292614,0.08851963573339137,0.28219942142466675,8.996160951540768,8.1231701010272,8.17112135914315,14.292833336994494,719.1848080859597,451.1843214657527,913.0548391524758,228.26370978811894,216.18224700322693,1.0429095991635244,7.106245092691731,0.9303336904545869,52.27790024289815,522.7790024289815,1045.558004857963,OK,OK,True,680,2,14.292833336994494,8.996160951540768,719.1848080859597,314
18.0,4,1.25,100.0,0.1,0.4,0.02,0.01,solid_sphere,15.395846399999996,15.395846399999996,R=0.62,high,8.0,3.0,8.0,3.0,11.29692854828118,2.841656098588725,0.08851963573339137,0.3519074670916858,8.987238131786757,7.569946199290822,8.099675663314978,17.53704884094285,359.59240404297987,180.90544586305037,907.2850435618732,226.8212608904683,216.18675051124168,1.0363192226071323,11.058251472306791,0.9265417687581992,52.27810639239486,522.7810639239486,1045.5621278478973,OK,OK,True,699,2,17.53704884094285,8.987238131786757,359.59240404297987,315
18.0,4,1.25,100.0,0.1,0.4,0.02,0.005,solid_sphere,15.395846399999996,15.395846399999996,R=0.62,high,8.0,3.0,8.0,3.0,11.29692854828118,2.841656098588725,0.08851963573339137,0.3519074670916858,8.987238131786757,7.569946199290822,8.099810167554278,17.67894973128211,359.59240404297987,361.81089172610075,907.2850435618732,226.8212608904683,216.18675051124168,1.0363192226071323,11.06635791602152,0.9272209863285893,52.27810639239486,522.7810639239486,1045.5621278478973,OK,OK,True,698,2,17.67894973128211,8.987238131786757,361.81089172610075,316
18.0,4,1.25,100.0,0.1,0.4,0.01,0.01,solid_sphere,15.395846399999996,15.395846399999996,R=0.62,high,8.0,3.0,8.0,3.0,11.29692854828118,2.841656098588725,0.08851963573339137,0.3519074670916858,8.996160951540768,8.1231701010272,8.099675663314978,17.53704884094285,719.1848080859597,180.90544586305037,913.0548391524758,228.26370978811894,216.18224700322693,1.0429095991635244,11.058251472306791,0.9265417687581992,52.27810639239486,522.7810639239486,1045.5621278478973,OK,OK,True,697,2,17.53704884094285,8.996160951540768,719.1848080859597,317
18.0,4,1.25,100.0,0.1,0.4,0.01,0.005,solid_sphere,15.395846399999996,15.395846399999996,R=0.62,high,8.0,3.0,8.0,3.0,11.29692854828118,2.841656098588725,0.08851963573339137,0.3519074670916858,8.996160951540768,8.1231701010272,8.099810167554278,17.67894973128211,719.1848080859597,361.81089172610075,913.0548391524758,228.26370978811894,216.18224700322693,1.0429095991635244,11.06635791602152,0.9272209863285893,52.27810639239486,522.7810639239486,1045.5621278478973,OK,OK,True,696,2,17.67894973128211,8.996160951540768,719.1848080859597,318
10.0,4,0.5,100.0,0.1,0.4,0.02,0.01,rectangular_box,20.909478749999995,38.069615999999996,"a=1.78, b=1.19, c=0.47",high,8.0,3.0,8.0,3.0,10.663660640949962,8.24046232915029,0.09377642759559122,0.12135241447103544,9.153703250661795,15.412825172839698,8.920887083823002,6.5526523732849675,339.43486049233513,524.6041252187287,949.765009396532,237.441252349133,216.09441653018254,1.0848406938719113,3.424740278649523,0.9976131610481782,70.13772156397143,701.3772156397142,1402.7544312794284,OK,OK,True,79,4,15.412825172839698,9.153703250661795,524.6041252187287,319
10.0,4,0.5,100.0,0.1,0.4,0.01,0.01,rectangular_box,20.909478749999995,38.069615999999996,"a=1.78, b=1.19, c=0.47",high,8.0,3.0,8.0,3.0,10.663660640949962,8.24046232915029,0.09377642759559122,0.12135241447103544,9.429053796708532,15.821597565712176,8.920887083823002,6.5526523732849675,678.8697209846703,524.6041252187287,953.7848678154818,238.44621695387045,215.93208460840003,1.0894322569989328,3.424740278649523,0.9976131610481782,70.13772156397143,701.3772156397142,1402.7544312794284,OK,OK,True,77,4,15.821597565712176,9.429053796708532,678.8697209846703,320
10.0,4,0.5,100.0,0.1,0.4,0.02,0.005,rectangular_box,20.909478749999995,38.069615999999996,"a=1.78, b=1.19, c=0.47",high,8.0,3.0,8.0,3.0,10.663660640949962,8.24046232915029,0.09377642759559122,0.12135241447103544,9.153703250661795,15.412825172839698,9.471125623485419,6.606349169132305,339.43486049233513,1049.2082504374573,949.765009396532,237.441252349133,216.09441653018254,1.0848406938719113,3.4309903396307435,1.0005844426939094,70.13772156397143,701.3772156397142,1402.7544312794284,OK,OK,True,78,4,15.412825172839698,9.471125623485419,1049.2082504374573,321
10.0,4,0.5,100.0,0.1,0.4,0.01,0.005,rectangular_box,20.909478749999995,38.069615999999996,"a=1.78, b=1.19, c=0.47",high,8.0,3.0,8.0,3.0,10.663660640949962,8.24046232915029,0.09377642759559122,0.12135241447103544,9.429053796708532,15.821597565712176,9.471125623485419,6.606349169132305,678.8697209846703,1049.2082504374573,953.7848678154818,238.44621695387045,215.93208460840003,1.0894322569989328,3.4309903396307435,1.0005844426939094,70.13772156397143,701.3772156397142,1402.7544312794284,OK,OK,True,76,4,15.821597565712176,9.471125623485419,1049.2082504374573,322
10.0,4,0.75,100.0,0.1,0.4,0.02,0.01,rectangular_box,20.909478749999995,38.069615999999996,"a=1.78, b=1.19, c=0.47",high,8.0,3.0,8.0,3.0,10.663660640949962,5.496560102148517,0.09377642759559122,0.1819319686159924,9.153703250661795,15.412825172839698,8.420062190652622,9.297612519853491,339.43486049233513,349.9218841034519,949.765009396532,237.441252349133,216.09441653018254,1.0848406938719113,7.290027012897927,0.9455419806784462,70.13778425153112,701.3778425153112,1402.7556850306223,OK,OK,True,95,4,15.412825172839698,9.153703250661795,349.9218841034519,323
10.0,4,0.75,100.0,0.1,0.4,0.02,0.005,rectangular_box,20.909478749999995,38.069615999999996,"a=1.78, b=1.19, c=0.47",high,8.0,3.0,8.0,3.0,10.663660640949962,5.496560102148517,0.09377642759559122,0.1819319686159924,9.153703250661795,15.412825172839698,8.442865913264976,9.371770766813293,339.43486049233513,699.8437682069037,949.765009396532,237.441252349133,216.09441653018254,1.0848406938719113,7.298028920247611,0.9465798560266773,70.13778425153112,701.3778425153112,1402.7556850306223,OK,OK,True,94,4,15.412825172839698,9.153703250661795,699.8437682069037,324
10.0,4,0.75,100.0,0.1,0.4,0.01,0.01,rectangular_box,20.909478749999995,38.069615999999996,"a=1.78, b=1.19, c=0.47",high,8.0,3.0,8.0,3.0,10.663660640949962,5.496560102148517,0.09377642759559122,0.1819319686159924,9.429053796708532,15.821597565712176,8.420062190652622,9.297612519853491,678.8697209846703,349.9218841034519,953.7848678154818,238.44621695387045,215.93208460840003,1.0894322569989328,7.290027012897927,0.9455419806784462,70.13778425153112,701.3778425153112,1402.7556850306223,OK,OK,True,93,4,15.821597565712176,9.429053796708532,678.8697209846703,325
10.0,4,0.75,100.0,0.1,0.4,0.01,0.005,rectangular_box,20.909478749999995,38.069615999999996,"a=1.78, b=1.19, c=0.47",high,8.0,3.0,8.0,3.0,10.663660640949962,5.496560102148517,0.09377642759559122,0.1819319686159924,9.429053796708532,15.821597565712176,8.442865913264976,9.371770766813293,678.8697209846703,699.8437682069037,953.7848678154818,238.44621695387045,215.93208460840003,1.0894322569989328,7.298028920247611,0.9465798560266773,70.13778425153112,701.3778425153112,1402.7556850306223,OK,OK,True,92,4,15.821597565712176,9.429053796708532,699.8437682069037,326
10.0,4,1.0,100.0,0.1,0.4,0.02,0.01,rectangular_box,20.909478749999995,38.069615999999996,"a=1.78, b=1.19, c=0.47",high,8.0,3.0,8.0,3.0,10.663660640949962,4.1254839348205055,0.09377642759559122,0.24239580514655643,9.153703250661795,15.412825172839698,8.239295529477445,12.128289396085792,339.43486049233513,262.6364643491544,949.765009396532,237.441252349133,216.09441653018254,1.0848406938719113,12.710833717656403,0.9277718179271753,70.13787201094996,701.3787201094997,1402.7574402189994,OK,OK,True,111,4,15.412825172839698,9.153703250661795,339.43486049233513,327
10.0,4,1.0,100.0,0.1,0.4,0.02,0.005,rectangular_box,20.909478749999995,38.069615999999996,"a=1.78, b=1.19, c=0.47",high,8.0,3.0,8.0,3.0,10.663660640949962,4.1254839348205055,0.09377642759559122,0.24239580514655643,9.153703250661795,15.412825172839698,8.239643657353003,12.224112754685613,339.43486049233513,525.2729286983088,949.765009396532,237.441252349133,216.09441653018254,1.0848406938719113,12.719939840799427,0.9284364796331133,70.13787201094996,701.3787201094997,1402.7574402189994,OK,OK,True,110,4,15.412825172839698,9.153703250661795,525.2729286983088,328
10.0,4,1.0,100.0,0.1,0.4,0.01,0.005,rectangular_box,20.909478749999995,38.069615999999996,"a=1.78, b=1.19, c=0.47",high,8.0,3.0,8.0,3.0,10.663660640949962,4.1254839348205055,0.09377642759559122,0.24239580514655643,9.429053796708532,15.821597565712176,8.239643657353003,12.224112754685613,678.8697209846703,525.2729286983088,953.7848678154818,238.44621695387045,215.93208460840003,1.0894322569989328,12.719939840799427,0.9284364796331133,70.13787201094996,701.3787201094997,1402.7574402189994,OK,OK,True,108,4,15.821597565712176,9.429053796708532,678.8697209846703,329
10.0,4,1.0,100.0,0.1,0.4,0.01,0.01,rectangular_box,20.909478749999995,38.069615999999996,"a=1.78, b=1.19, c=0.47",high,8.0,3.0,8.0,3.0,10.663660640949962,4.1254839348205055,0.09377642759559122,0.24239580514655643,9.429053796708532,15.821597565712176,8.239295529477445,12.128289396085792,678.8697209846703,262.6364643491544,953.7848678154818,238.44621695387045,215.93208460840003,1.0894322569989328,12.710833717656403,0.9277718179271753,70.13787201094996,701.3787201094997,1402.7574402189994,OK,OK,True,109,4,15.821597565712176,9.429053796708532,678.8697209846703,330
10.0,4,1.25,100.0,0.1,0.4,0.02,0.01,rectangular_box,20.909478749999995,38.069615999999996,"a=1.78, b=1.19, c=0.47",high,8.0,3.0,8.0,3.0,10.663660640949962,3.303537690407994,0.09377642759559122,0.30270579412596255,9.153703250661795,15.412825172839698,8.154019433062782,14.997806940886123,339.43486049233513,210.30974124752623,949.765009396532,237.441252349133,216.09441653018254,1.0848406938719113,19.70614918349534,0.9174872219988042,70.13798483906308,701.3798483906307,1402.7596967812615,OK,OK,True,127,4,15.412825172839698,9.153703250661795,339.43486049233513,331
10.0,4,1.25,100.0,0.1,0.4,0.02,0.005,rectangular_box,20.909478749999995,38.069615999999996,"a=1.78, b=1.19, c=0.47",high,8.0,3.0,8.0,3.0,10.663660640949962,3.303537690407994,0.09377642759559122,0.30270579412596255,9.153703250661795,15.412825172839698,8.154203125813451,15.112752506890155,339.43486049233513,420.61948249505247,949.765009396532,237.441252349133,216.09441653018254,1.0848406938719113,19.710051635429785,0.9177205783808918,70.13798483906308,701.3798483906307,1402.7596967812615,OK,OK,True,126,4,15.412825172839698,9.153703250661795,420.61948249505247,332
10.0,4,1.25,100.0,0.1,0.4,0.01,0.005,rectangular_box,20.909478749999995,38.069615999999996,"a=1.78, b=1.19, c=0.47",high,8.0,3.0,8.0,3.0,10.663660640949962,3.303537690407994,0.09377642759559122,0.30270579412596255,9.429053796708532,15.821597565712176,8.154203125813451,15.112752506890155,678.8697209846703,420.61948249505247,953.7848678154818,238.44621695387045,215.93208460840003,1.0894322569989328,19.710051635429785,0.9177205783808918,70.13798483906308,701.3798483906307,1402.7596967812615,OK,OK,True,124,4,15.821597565712176,9.429053796708532,678.8697209846703,333
10.0,4,1.25,100.0,0.1,0.4,0.01,0.01,rectangular_box,20.909478749999995,38.069615999999996,"a=1.78, b=1.19, c=0.47",high,8.0,3.0,8.0,3.0,10.663660640949962,3.303537690407994,0.09377642759559122,0.30270579412596255,9.429053796708532,15.821597565712176,8.154019433062782,14.997806940886123,678.8697209846703,210.30974124752623,953.7848678154818,238.44621695387045,215.93208460840003,1.0894322569989328,19.70614918349534,0.9174872219988042,70.13798483906308,701.3798483906307,1402.7596967812615,OK,OK,True,125,4,15.821597565712176,9.429053796708532,678.8697209846703,334
12.0,4,0.5,100.0,0.1,0.4,0.02,0.01,rectangular_box,20.909478749999995,38.069615999999996,"a=1.78, b=1.19, c=0.47",high,8.0,3.0,8.0,3.0,10.804294341095257,9.026974203251893,0.09255579017283859,0.11077909136372166,9.23434286697527,13.488000252093066,9.092850303199544,6.09262638772537,343.9113702010205,574.6750262442249,943.1657862306012,235.7914465576503,216.03872868506127,1.077302928458872,2.91448538118864,1.0174877280813928,64.02668705433945,640.2668705433945,1280.533741086789,OK,OK,True,271,4,13.488000252093066,9.23434286697527,574.6750262442249,335
12.0,4,0.5,100.0,0.1,0.4,0.01,0.01,rectangular_box,20.909478749999995,38.069615999999996,"a=1.78, b=1.19, c=0.47",high,8.0,3.0,8.0,3.0,10.804294341095257,9.026974203251893,0.09255579017283859,0.11077909136372166,9.25049632278912,13.833870617621503,9.092850303199544,6.09262638772537,687.822740402041,574.6750262442249,946.7434800044934,236.68587000112336,216.03109244282973,1.081389442236208,2.91448538118864,1.0174877280813928,64.02668705433945,640.2668705433945,1280.533741086789,OK,OK,True,269,4,13.833870617621503,9.25049632278912,687.822740402041,336
12.0,4,0.5,100.0,0.1,0.4,0.02,0.005,rectangular_box,20.909478749999995,38.069615999999996,"a=1.78, b=1.19, c=0.47",high,8.0,3.0,8.0,3.0,10.804294341095257,9.026974203251893,0.09255579017283859,0.11077909136372166,9.23434286697527,13.488000252093066,9.677889236320409,6.1424750044105245,343.9113702010205,1149.3500524884498,943.1657862306012,235.7914465576503,216.03872868506127,1.077302928458872,2.921403057241299,1.0199027858256702,64.02668705433945,640.2668705433945,1280.533741086789,OK,OK,True,270,4,13.488000252093066,9.677889236320409,1149.3500524884498,337
12.0,4,0.5,100.0,0.1,0.4,0.01,0.005,rectangular_box,20.909478749999995,38.069615999999996,"a=1.78, b=1.19, c=0.47",high,8.0,3.0,8.0,3.0,10.804294341095257,9.026974203251893,0.09255579017283859,0.11077909136372166,9.25049632278912,13.833870617621503,9.677889236320409,6.1424750044105245,687.822740402041,1149.3500524884498,946.7434800044934,236.68587000112336,216.03109244282973,1.081389442236208,2.921403057241299,1.0199027858256702,64.02668705433945,640.2668705433945,1280.533741086789,OK,OK,True,268,4,13.833870617621503,9.677889236320409,1149.3500524884498,338
12.0,4,0.75,100.0,0.1,0.4,0.02,0.01,rectangular_box,20.909478749999995,38.069615999999996,"a=1.78, b=1.19, c=0.47",high,8.0,3.0,8.0,3.0,10.804294341095257,6.02117991331969,0.09255579017283859,0.16608040523550216,9.23434286697527,13.488000252093066,8.502757785842357,8.56471462654412,343.9113702010205,383.32021858018345,943.1657862306012,235.7914465576503,216.03872868506127,1.077302928458872,6.141481770951158,0.9529415331076263,64.02674427999031,640.2674427999032,1280.5348855998063,OK,OK,True,287,4,13.488000252093066,9.23434286697527,383.32021858018345,339
12.0,4,0.75,100.0,0.1,0.4,0.02,0.005,rectangular_box,20.909478749999995,38.069615999999996,"a=1.78, b=1.19, c=0.47",high,8.0,3.0,8.0,3.0,10.804294341095257,6.02117991331969,0.09255579017283859,0.16608040523550216,9.23434286697527,13.488000252093066,8.652471098882886,8.635071189748576,343.9113702010205,766.6404371603669,943.1657862306012,235.7914465576503,216.03872868506127,1.077302928458872,6.149824321108249,0.9546404363204116,64.02674427999031,640.2674427999032,1280.5348855998063,OK,OK,True,286,4,13.488000252093066,9.23434286697527,766.6404371603669,340
12.0,4,0.75,100.0,0.1,0.4,0.01,0.01,rectangular_box,20.909478749999995,38.069615999999996,"a=1.78, b=1.19, c=0.47",high,8.0,3.0,8.0,3.0,10.804294341095257,6.02117991331969,0.09255579017283859,0.16608040523550216,9.25049632278912,13.833870617621503,8.502757785842357,8.56471462654412,687.822740402041,383.32021858018345,946.7434800044934,236.68587000112336,216.03109244282973,1.081389442236208,6.141481770951158,0.9529415331076263,64.02674427999031,640.2674427999032,1280.5348855998063,OK,OK,True,285,4,13.833870617621503,9.25049632278912,687.822740402041,341
12.0,4,0.75,100.0,0.1,0.4,0.01,0.005,rectangular_box,20.909478749999995,38.069615999999996,"a=1.78, b=1.19, c=0.47",high,8.0,3.0,8.0,3.0,10.804294341095257,6.02117991331969,0.09255579017283859,0.16608040523550216,9.25049632278912,13.833870617621503,8.652471098882886,8.635071189748576,687.822740402041,766.6404371603669,946.7434800044934,236.68587000112336,216.03109244282973,1.081389442236208,6.149824321108249,0.9546404363204116,64.02674427999031,640.2674427999032,1280.5348855998063,OK,OK,True,284,4,13.833870617621503,9.25049632278912,766.6404371603669,342
12.0,4,1.0,100.0,0.1,0.4,0.02,0.01,rectangular_box,20.909478749999995,38.069615999999996,"a=1.78, b=1.19, c=0.47",high,8.0,3.0,8.0,3.0,10.804294341095257,4.519241223436178,0.09255579017283859,0.22127608387313655,9.23434286697527,13.488000252093066,8.286702674335196,11.134467159525942,343.9113702010205,287.70383189381295,943.1657862306012,235.7914465576503,216.03872868506127,1.077302928458872,10.653577824080143,0.9298283640507307,64.02682439301256,640.2682439301257,1280.5364878602513,OK,OK,True,303,4,13.488000252093066,9.23434286697527,343.9113702010205,343
12.0,4,1.0,100.0,0.1,0.4,0.02,0.005,rectangular_box,20.909478749999995,38.069615999999996,"a=1.78, b=1.19, c=0.47",high,8.0,3.0,8.0,3.0,10.804294341095257,4.519241223436178,0.09255579017283859,0.22127608387313655,9.23434286697527,13.488000252093066,8.287233551853832,11.220621175352072,343.9113702010205,575.4076637876259,943.1657862306012,235.7914465576503,216.03872868506127,1.077302928458872,10.661254398057348,0.9304983639644314,64.02682439301256,640.2682439301257,1280.5364878602513,OK,OK,True,302,4,13.488000252093066,9.23434286697527,575.4076637876259,344
12.0,4,1.0,100.0,0.1,0.4,0.01,0.005,rectangular_box,20.909478749999995,38.069615999999996,"a=1.78, b=1.19, c=0.47",high,8.0,3.0,8.0,3.0,10.804294341095257,4.519241223436178,0.09255579017283859,0.22127608387313655,9.25049632278912,13.833870617621503,8.287233551853832,11.220621175352072,687.822740402041,575.4076637876259,946.7434800044934,236.68587000112336,216.03109244282973,1.081389442236208,10.661254398057348,0.9304983639644314,64.02682439301256,640.2682439301257,1280.5364878602513,OK,OK,True,300,4,13.833870617621503,9.25049632278912,687.822740402041,345
12.0,4,1.0,100.0,0.1,0.4,0.01,0.01,rectangular_box,20.909478749999995,38.069615999999996,"a=1.78, b=1.19, c=0.47",high,8.0,3.0,8.0,3.0,10.804294341095257,4.519241223436178,0.09255579017283859,0.22127608387313655,9.25049632278912,13.833870617621503,8.286702674335196,11.134467159525942,687.822740402041,287.70383189381295,946.7434800044934,236.68587000112336,216.03109244282973,1.081389442236208,10.653577824080143,0.9298283640507307,64.02682439301256,640.2682439301257,1280.5364878602513,OK,OK,True,301,4,13.833870617621503,9.25049632278912,687.822740402041,346
12.0,4,1.25,100.0,0.1,0.4,0.02,0.01,rectangular_box,20.909478749999995,38.069615999999996,"a=1.78, b=1.19, c=0.47",high,8.0,3.0,8.0,3.0,10.804294341095257,3.618844225187122,0.09255579017283859,0.27633131955225076,9.23434286697527,13.488000252093066,8.17797326665243,13.737058551110835,343.9113702010205,230.3827786872362,943.1657862306012,235.7914465576503,216.03872868506127,1.077302928458872,16.548495651504837,0.9243699132501981,64.02692739051699,640.2692739051699,1280.5385478103399,OK,OK,True,319,4,13.737058551110835,9.23434286697527,343.9113702010205,347
12.0,4,1.25,100.0,0.1,0.4,0.02,0.005,rectangular_box,20.909478749999995,38.069615999999996,"a=1.78, b=1.19, c=0.47",high,8.0,3.0,8.0,3.0,10.804294341095257,3.618844225187122,0.09255579017283859,0.27633131955225076,9.23434286697527,13.488000252093066,8.178155023591733,13.84156057141752,343.9113702010205,460.7655573744724,943.1657862306012,235.7914465576503,216.03872868506127,1.077302928458872,16.55421055757103,0.9246891378695161,64.02692739051699,640.2692739051699,1280.5385478103399,OK,OK,True,318,4,13.84156057141752,9.23434286697527,460.7655573744724,348
12.0,4,1.25,100.0,0.1,0.4,0.01,0.01,rectangular_box,20.909478749999995,38.069615999999996,"a=1.78, b=1.19, c=0.47",high,8.0,3.0,8.0,3.0,10.804294341095257,3.618844225187122,0.09255579017283859,0.27633131955225076,9.25049632278912,13.833870617621503,8.17797326665243,13.737058551110835,687.822740402041,230.3827786872362,946.7434800044934,236.68587000112336,216.03109244282973,1.081389442236208,16.548495651504837,0.9243699132501981,64.02692739051699,640.2692739051699,1280.5385478103399,OK,OK,True,317,4,13.833870617621503,9.25049632278912,687.822740402041,349
12.0,4,1.25,100.0,0.1,0.4,0.01,0.005,rectangular_box,20.909478749999995,38.069615999999996,"a=1.78, b=1.19, c=0.47",high,8.0,3.0,8.0,3.0,10.804294341095257,3.618844225187122,0.09255579017283859,0.27633131955225076,9.25049632278912,13.833870617621503,8.178155023591733,13.84156057141752,687.822740402041,460.7655573744724,946.7434800044934,236.68587000112336,216.03109244282973,1.081389442236208,16.55421055757103,0.9246891378695161,64.02692739051699,640.2692739051699,1280.5385478103399,OK,OK,True,316,4,13.84156057141752,9.25049632278912,687.822740402041,350
15.0,4,0.5,100.0,0.1,0.4,0.02,0.01,rectangular_box,20.909478749999995,38.069615999999996,"a=1.78, b=1.19, c=0.47",high,8.0,3.0,8.0,3.0,11.028013579886665,10.092463975586165,0.09067816182452298,0.09908383150229877,9.338388139981179,11.28773230450365,9.34514737752219,5.59567122949875,351.0325747447022,642.506211876568,933.6696581334124,233.4174145333531,215.9741207489259,1.0664562599754792,2.3958786278934103,1.0492602072415638,57.26720985104352,572.6720985104351,1145.3441970208703,OK,OK,True,463,4,11.28773230450365,9.34514737752219,642.506211876568,351
15.0,4,0.5,100.0,0.1,0.4,0.01,0.01,rectangular_box,20.909478749999995,38.069615999999996,"a=1.78, b=1.19, c=0.47",high,8.0,3.0,8.0,3.0,11.028013579886665,10.092463975586165,0.09067816182452298,0.09908383150229877,9.355249475896368,11.559834646177825,9.34514737752219,5.59567122949875,702.0651494894043,642.506211876568,936.622477158082,234.1556192895205,215.96581865365667,1.0698290292477817,2.3958786278934103,1.0492602072415638,57.26720985104352,572.6720985104351,1145.3441970208703,OK,OK,True,461,4,11.559834646177825,9.355249475896368,702.0651494894043,352
15.0,4,0.5,100.0,0.1,0.4,0.02,0.005,rectangular_box,20.909478749999995,38.069615999999996,"a=1.78, b=1.19, c=0.47",high,8.0,3.0,8.0,3.0,11.028013579886665,10.092463975586165,0.09067816182452298,0.09908383150229877,9.338388139981179,11.28773230450365,9.948013716923596,5.643180861524517,351.0325747447022,1285.012423753136,933.6696581334124,233.4174145333531,215.9741207489259,1.0664562599754792,2.403585750958824,1.0526354940573082,57.26720985104352,572.6720985104351,1145.3441970208703,OK,OK,True,462,4,11.28773230450365,9.948013716923596,1285.012423753136,353
15.0,4,0.5,100.0,0.1,0.4,0.01,0.005,rectangular_box,20.909478749999995,38.069615999999996,"a=1.78, b=1.19, c=0.47",high,8.0,3.0,8.0,3.0,11.028013579886665,10.092463975586165,0.09067816182452298,0.09908383150229877,9.355249475896368,11.559834646177825,9.948013716923596,5.643180861524517,702.0651494894043,1285.012423753136,936.622477158082,234.1556192895205,215.96581865365667,1.0698290292477817,2.403585750958824,1.0526354940573082,57.26720985104352,572.6720985104351,1145.3441970208703,OK,OK,True,460,4,11.559834646177825,9.948013716923596,1285.012423753136,354
15.0,4,0.75,100.0,0.1,0.4,0.02,0.01,rectangular_box,20.909478749999995,38.069615999999996,"a=1.78, b=1.19, c=0.47",high,8.0,3.0,8.0,3.0,11.028013579886665,6.731883795485284,0.09067816182452298,0.14854683033457097,9.338388139981179,11.28773230450365,8.624452977627081,7.764092335806032,351.0325747447022,428.5650329486851,933.6696581334124,233.4174145333531,215.9741207489259,1.0664562599754792,4.993556423855541,0.9700015581776785,57.267261035221665,572.6726103522167,1145.3452207044334,OK,OK,True,479,4,11.28773230450365,9.338388139981179,428.5650329486851,355
15.0,4,0.75,100.0,0.1,0.4,0.02,0.005,rectangular_box,20.909478749999995,38.069615999999996,"a=1.78, b=1.19, c=0.47",high,8.0,3.0,8.0,3.0,11.028013579886665,6.731883795485284,0.09067816182452298,0.14854683033457097,9.338388139981179,11.28773230450365,8.914730092027702,7.827074192170853,351.0325747447022,857.1300658973702,933.6696581334124,233.4174145333531,215.9741207489259,1.0664562599754792,5.00214180076171,0.9711241633633004,57.267261035221665,572.6726103522167,1145.3452207044334,OK,OK,True,478,4,11.28773230450365,9.338388139981179,857.1300658973702,356
15.0,4,0.75,100.0,0.1,0.4,0.01,0.01,rectangular_box,20.909478749999995,38.069615999999996,"a=1.78, b=1.19, c=0.47",high,8.0,3.0,8.0,3.0,11.028013579886665,6.731883795485284,0.09067816182452298,0.14854683033457097,9.355249475896368,11.559834646177825,8.624452977627081,7.764092335806032,702.0651494894043,428.5650329486851,936.622477158082,234.1556192895205,215.96581865365667,1.0698290292477817,4.993556423855541,0.9700015581776785,57.267261035221665,572.6726103522167,1145.3452207044334,OK,OK,True,477,4,11.559834646177825,9.355249475896368,702.0651494894043,357
15.0,4,0.75,100.0,0.1,0.4,0.01,0.005,rectangular_box,20.909478749999995,38.069615999999996,"a=1.78, b=1.19, c=0.47",high,8.0,3.0,8.0,3.0,11.028013579886665,6.731883795485284,0.09067816182452298,0.14854683033457097,9.355249475896368,11.559834646177825,8.914730092027702,7.827074192170853,702.0651494894043,857.1300658973702,936.622477158082,234.1556192895205,215.96581865365667,1.0698290292477817,5.00214180076171,0.9711241633633004,57.267261035221665,572.6726103522167,1145.3452207044334,OK,OK,True,476,4,11.559834646177825,9.355249475896368,857.1300658973702,358
15.0,4,1.0,100.0,0.1,0.4,0.02,0.01,rectangular_box,20.909478749999995,38.069615999999996,"a=1.78, b=1.19, c=0.47",high,8.0,3.0,8.0,3.0,11.028013579886665,5.052665291156161,0.09067816182452298,0.19791534613431283,9.338388139981179,11.28773230450365,8.356356508263906,10.038059230415817,351.0325747447022,321.6626627505414,933.6696581334124,233.4174145333531,215.9741207489259,1.0664562599754792,8.593639159003224,0.9405233642431471,57.267332690487116,572.6733269048711,1145.3466538097423,OK,OK,True,495,4,11.28773230450365,9.338388139981179,351.0325747447022,359
15.0,4,1.0,100.0,0.1,0.4,0.02,0.005,rectangular_box,20.909478749999995,38.069615999999996,"a=1.78, b=1.19, c=0.47",high,8.0,3.0,8.0,3.0,11.028013579886665,5.052665291156161,0.09067816182452298,0.19791534613431283,9.338388139981179,11.28773230450365,8.357089652618983,10.117731936073257,351.0325747447022,643.3253255010828,933.6696581334124,233.4174145333531,215.9741207489259,1.0664562599754792,8.598738272856597,0.9410266612347122,57.267332690487116,572.6733269048711,1145.3466538097423,OK,OK,True,494,4,11.28773230450365,9.338388139981179,643.3253255010828,360
15.0,4,1.0,100.0,0.1,0.4,0.01,0.005,rectangular_box,20.909478749999995,38.069615999999996,"a=1.78, b=1.19, c=0.47",high,8.0,3.0,8.0,3.0,11.028013579886665,5.052665291156161,0.09067816182452298,0.19791534613431283,9.355249475896368,11.559834646177825,8.357089652618983,10.117731936073257,702.0651494894043,643.3253255010828,936.622477158082,234.1556192895205,215.96581865365667,1.0698290292477817,8.598738272856597,0.9410266612347122,57.267332690487116,572.6733269048711,1145.3466538097423,OK,OK,True,492,4,11.559834646177825,9.355249475896368,702.0651494894043,361
15.0,4,1.0,100.0,0.1,0.4,0.01,0.01,rectangular_box,20.909478749999995,38.069615999999996,"a=1.78, b=1.19, c=0.47",high,8.0,3.0,8.0,3.0,11.028013579886665,5.052665291156161,0.09067816182452298,0.19791534613431283,9.355249475896368,11.559834646177825,8.356356508263906,10.038059230415817,702.0651494894043,321.6626627505414,936.622477158082,234.1556192895205,215.96581865365667,1.0698290292477817,8.593639159003224,0.9405233642431471,57.267332690487116,572.6733269048711,1145.3466538097423,OK,OK,True,493,4,11.559834646177825,9.355249475896368,702.0651494894043,362
15.0,4,1.25,100.0,0.1,0.4,0.02,0.01,rectangular_box,20.909478749999995,38.069615999999996,"a=1.78, b=1.19, c=0.47",high,8.0,3.0,8.0,3.0,11.028013579886665,4.045990843748144,0.09067816182452298,0.24715824593256258,9.338388139981179,11.28773230450365,8.230071063903376,12.352900613612851,351.0325747447022,257.57577699482613,933.6696581334124,233.4174145333531,215.9741207489259,1.0664562599754792,13.33172279705352,0.9308582865255354,57.26742481425569,572.674248142557,1145.348496285114,OK,OK,True,511,4,12.352900613612851,9.338388139981179,351.0325747447022,363
15.0,4,1.25,100.0,0.1,0.4,0.02,0.005,rectangular_box,20.909478749999995,38.069615999999996,"a=1.78, b=1.19, c=0.47",high,8.0,3.0,8.0,3.0,11.028013579886665,4.045990843748144,0.09067816182452298,0.24715824593256258,9.338388139981179,11.28773230450365,8.230409892090506,12.447497264881791,351.0325747447022,515.1515539896523,933.6696581334124,233.4174145333531,215.9741207489259,1.0664562599754792,13.338915756101162,0.93136051910538,57.26742481425569,572.674248142557,1145.348496285114,OK,OK,True,510,4,12.447497264881791,9.338388139981179,515.1515539896523,364
15.0,4,1.25,100.0,0.1,0.4,0.01,0.01,rectangular_box,20.909478749999995,38.069615999999996,"a=1.78, b=1.19, c=0.47",high,8.0,3.0,8.0,3.0,11.028013579886665,4.045990843748144,0.09067816182452298,0.24715824593256258,9.355249475896368,11.559834646177825,8.230071063903376,12.352900613612851,702.0651494894043,257.57577699482613,936.622477158082,234.1556192895205,215.96581865365667,1.0698290292477817,13.33172279705352,0.9308582865255354,57.26742481425569,572.674248142557,1145.348496285114,OK,OK,True,509,4,12.352900613612851,9.355249475896368,702.0651494894043,365
15.0,4,1.25,100.0,0.1,0.4,0.01,0.005,rectangular_box,20.909478749999995,38.069615999999996,"a=1.78, b=1.19, c=0.47",high,8.0,3.0,8.0,3.0,11.028013579886665,4.045990843748144,0.09067816182452298,0.24715824593256258,9.355249475896368,11.559834646177825,8.230409892090506,12.447497264881791,702.0651494894043,515.1515539896523,936.622477158082,234.1556192895205,215.96581865365667,1.0698290292477817,13.338915756101162,0.93136051910538,57.26742481425569,572.674248142557,1145.348496285114,OK,OK,True,508,4,12.447497264881791,9.355249475896368,702.0651494894043,366
18.0,4,0.5,100.0,0.1,0.4,0.02,0.01,rectangular_box,20.909478749999995,38.069615999999996,"a=1.78, b=1.19, c=0.47",high,8.0,3.0,8.0,3.0,11.265826977339453,11.055740360059051,0.08876401191066054,0.09045074933314179,9.431490964437744,9.617729187554223,9.591349172663989,5.238468119777158,358.60241029232,703.8302911375876,925.067976526636,231.266994131659,215.91408516858192,1.0566312462610976,2.0458412206963392,1.0735337120370922,52.277571067997656,522.7757106799766,1045.551421359953,OK,OK,True,655,4,9.617729187554223,9.591349172663989,703.8302911375876,367
18.0,4,0.5,100.0,0.1,0.4,0.01,0.01,rectangular_box,20.909478749999995,38.069615999999996,"a=1.78, b=1.19, c=0.47",high,8.0,3.0,8.0,3.0,11.265826977339453,11.055740360059051,0.08876401191066054,0.09045074933314179,9.449111742613542,9.83731463059161,9.591349172663989,5.238468119777158,717.20482058464,703.8302911375876,927.5106734531257,231.87766836328143,215.90429157122549,1.0594213438141078,2.0458412206963392,1.0735337120370922,52.277571067997656,522.7757106799766,1045.551421359953,OK,OK,True,653,4,9.83731463059161,9.591349172663989,717.20482058464,368
18.0,4,0.75,100.0,0.1,0.4,0.02,0.01,rectangular_box,20.909478749999995,38.069615999999996,"a=1.78, b=1.19, c=0.47",high,8.0,3.0,8.0,3.0,11.265826977339453,7.374409218477013,0.08876401191066054,0.1356040830354846,9.431490964437744,9.617729187554223,8.744015163071635,7.182031966951723,358.60241029232,469.46947180122294,925.067976526636,231.266994131659,215.91408516858192,1.0566312462610976,4.221446604682144,0.9825108159719473,52.277617792545925,522.7761779254593,1045.5523558509185,OK,OK,True,671,4,9.617729187554223,9.431490964437744,469.46947180122294,369
18.0,4,0.75,100.0,0.1,0.4,0.02,0.005,rectangular_box,20.909478749999995,38.069615999999996,"a=1.78, b=1.19, c=0.47",high,8.0,3.0,8.0,3.0,11.265826977339453,7.374409218477013,0.08876401191066054,0.1356040830354846,9.431490964437744,9.617729187554223,9.112258590443966,7.239324790822344,358.60241029232,938.9389436024459,925.067976526636,231.266994131659,215.91408516858192,1.0566312462610976,4.227079935984351,0.9838219326228681,52.277617792545925,522.7761779254593,1045.5523558509185,OK,OK,True,670,4,9.617729187554223,9.431490964437744,938.9389436024459,370
18.0,4,0.75,100.0,0.1,0.4,0.01,0.01,rectangular_box,20.909478749999995,38.069615999999996,"a=1.78, b=1.19, c=0.47",high,8.0,3.0,8.0,3.0,11.265826977339453,7.374409218477013,0.08876401191066054,0.1356040830354846,9.449111742613542,9.83731463059161,8.744015163071635,7.182031966951723,717.20482058464,469.46947180122294,927.5106734531257,231.87766836328143,215.90429157122549,1.0594213438141078,4.221446604682144,0.9825108159719473,52.277617792545925,522.7761779254593,1045.5523558509185,OK,OK,True,669,4,9.83731463059161,9.449111742613542,717.20482058464,371
18.0,4,0.75,100.0,0.1,0.4,0.01,0.005,rectangular_box,20.909478749999995,38.069615999999996,"a=1.78, b=1.19, c=0.47",high,8.0,3.0,8.0,3.0,11.265826977339453,7.374409218477013,0.08876401191066054,0.1356040830354846,9.449111742613542,9.83731463059161,9.112258590443966,7.239324790822344,717.20482058464,938.9389436024459,927.5106734531257,231.87766836328143,215.90429157122549,1.0594213438141078,4.227079935984351,0.9838219326228681,52.277617792545925,522.7761779254593,1045.5523558509185,OK,OK,True,668,4,9.83731463059161,9.449111742613542,938.9389436024459,372
18.0,4,1.0,100.0,0.1,0.4,0.02,0.01,rectangular_box,20.909478749999995,38.069615999999996,"a=1.78, b=1.19, c=0.47",high,8.0,3.0,8.0,3.0,11.265826977339453,5.534917510966961,0.08876401191066054,0.18067116592407859,9.431490964437744,9.617729187554223,8.425275376057163,9.23648915674279,358.60241029232,352.36379259051273,925.067976526636,231.266994131659,215.91408516858192,1.0566312462610976,7.26983794934687,0.951750900820791,52.27768320455467,522.7768320455467,1045.5536640910934,OK,OK,True,687,4,9.617729187554223,9.431490964437744,358.60241029232,373
18.0,4,1.0,100.0,0.1,0.4,0.02,0.005,rectangular_box,20.909478749999995,38.069615999999996,"a=1.78, b=1.19, c=0.47",high,8.0,3.0,8.0,3.0,11.265826977339453,5.534917510966961,0.08876401191066054,0.18067116592407859,9.431490964437744,9.617729187554223,8.429186653885246,9.309331383143032,358.60241029232,704.7275851810255,925.067976526636,231.266994131659,215.91408516858192,1.0566312462610976,7.276568692619553,0.952632074654046,52.27768320455467,522.7768320455467,1045.5536640910934,OK,OK,True,686,4,9.617729187554223,9.431490964437744,704.7275851810255,374
18.0,4,1.0,100.0,0.1,0.4,0.01,0.005,rectangular_box,20.909478749999995,38.069615999999996,"a=1.78, b=1.19, c=0.47",high,8.0,3.0,8.0,3.0,11.265826977339453,5.534917510966961,0.08876401191066054,0.18067116592407859,9.449111742613542,9.83731463059161,8.429186653885246,9.309331383143032,717.20482058464,704.7275851810255,927.5106734531257,231.87766836328143,215.90429157122549,1.0594213438141078,7.276568692619553,0.952632074654046,52.27768320455467,522.7768320455467,1045.5536640910934,OK,OK,True,684,4,9.83731463059161,9.449111742613542,717.20482058464,375
18.0,4,1.0,100.0,0.1,0.4,0.01,0.01,rectangular_box,20.909478749999995,38.069615999999996,"a=1.78, b=1.19, c=0.47",high,8.0,3.0,8.0,3.0,11.265826977339453,5.534917510966961,0.08876401191066054,0.18067116592407859,9.449111742613542,9.83731463059161,8.425275376057163,9.23648915674279,717.20482058464,352.36379259051273,927.5106734531257,231.87766836328143,215.90429157122549,1.0594213438141078,7.26983794934687,0.951750900820791,52.27768320455467,522.7768320455467,1045.5536640910934,OK,OK,True,685,4,9.83731463059161,9.449111742613542,717.20482058464,376
18.0,4,1.25,100.0,0.1,0.4,0.02,0.01,rectangular_box,20.909478749999995,38.069615999999996,"a=1.78, b=1.19, c=0.47",high,8.0,3.0,8.0,3.0,11.265826977339453,4.432160905176659,0.08876401191066054,0.22562357761696417,9.431490964437744,9.617729187554223,8.27360522995773,11.33727755837209,358.60241029232,282.1601266550058,925.067976526636,231.266994131659,215.91408516858192,1.0566312462610976,11.120642830930594,0.9350815981219504,52.2777673016649,522.777673016649,1045.555346033298,OK,OK,True,703,4,11.33727755837209,9.431490964437744,358.60241029232,377
18.0,4,1.25,100.0,0.1,0.4,0.02,0.005,rectangular_box,20.909478749999995,38.069615999999996,"a=1.78, b=1.19, c=0.47",high,8.0,3.0,8.0,3.0,11.265826977339453,4.432160905176659,0.08876401191066054,0.22562357761696417,9.431490964437744,9.617729187554223,8.274138380827145,11.428347264235942,358.60241029232,564.3202533100116,925.067976526636,231.266994131659,215.91408516858192,1.0566312462610976,11.131733269633626,0.936014139999607,52.2777673016649,522.777673016649,1045.555346033298,OK,OK,True,702,4,11.428347264235942,9.431490964437744,564.3202533100116,378
18.0,4,1.25,100.0,0.1,0.4,0.01,0.01,rectangular_box,20.909478749999995,38.069615999999996,"a=1.78, b=1.19, c=0.47",high,8.0,3.0,8.0,3.0,11.265826977339453,4.432160905176659,0.08876401191066054,0.22562357761696417,9.449111742613542,9.83731463059161,8.27360522995773,11.33727755837209,717.20482058464,282.1601266550058,927.5106734531257,231.87766836328143,215.90429157122549,1.0594213438141078,11.120642830930594,0.9350815981219504,52.2777673016649,522.777673016649,1045.555346033298,OK,OK,True,701,4,11.33727755837209,9.449111742613542,717.20482058464,379
18.0,4,1.25,100.0,0.1,0.4,0.01,0.005,rectangular_box,20.909478749999995,38.069615999999996,"a=1.78, b=1.19, c=0.47",high,8.0,3.0,8.0,3.0,11.265826977339453,4.432160905176659,0.08876401191066054,0.22562357761696417,9.449111742613542,9.83731463059161,8.274138380827145,11.428347264235942,717.20482058464,564.3202533100116,927.5106734531257,231.87766836328143,215.90429157122549,1.0594213438141078,11.131733269633626,0.936014139999607,52.2777673016649,522.777673016649,1045.555346033298,OK,OK,True,700,4,11.428347264235942,9.449111742613542,717.20482058464,380
10.0,6,0.5,100.0,0.1,0.6000000000000001,0.02,0.01,cube,16.666666666666664,16.666666666666664,side=1.00,high,8.0,3.0,8.0,3.0,10.66479976415293,5.476861956588779,0.09376641119519666,0.18258630725519365,8.866777515483097,10.802845496461666,8.411912649122288,9.420777789688202,339.4711199100437,348.6678612092215,911.5953456829012,151.93255761381687,144.4590206553211,1.0391724716869668,3.25264229411519,0.9457106338528607,57.29594309884628,572.9594309884628,1145.9188619769257,OK,OK,True,135,1,10.802845496461666,8.866777515483097,348.6678612092215,381
10.0,6,0.5,100.0,0.1,0.6000000000000001,0.02,0.005,cube,16.666666666666664,16.666666666666664,side=1.00,high,8.0,3.0,8.0,3.0,10.66479976415293,5.476861956588779,0.09376641119519666,0.18258630725519365,8.866777515483097,10.802845496461666,8.4128713499884,9.495337378953963,339.4711199100437,697.335722418443,911.5953456829012,151.93255761381687,144.4590206553211,1.0391724716869668,3.25729589505213,0.9464872752028592,57.29594309884628,572.9594309884628,1145.9188619769257,OK,OK,True,134,1,10.802845496461666,8.866777515483097,697.335722418443,382
10.0,6,0.5,100.0,0.1,0.6000000000000001,0.01,0.01,cube,16.666666666666664,16.666666666666664,side=1.00,high,8.0,3.0,8.0,3.0,10.66479976415293,5.476861956588779,0.09376641119519666,0.18258630725519365,8.877681425711591,11.152550802663464,8.411912649122288,9.420777789688202,678.9422398200874,348.6678612092215,916.2278664470659,152.7046444078443,144.4541966400471,1.0444533104664055,3.25264229411519,0.9457106338528607,57.29594309884628,572.9594309884628,1145.9188619769257,OK,OK,True,133,1,11.152550802663464,8.877681425711591,678.9422398200874,383
10.0,6,0.5,100.0,0.1,0.6000000000000001,0.01,0.005,cube,16.666666666666664,16.666666666666664,side=1.00,high,8.0,3.0,8.0,3.0,10.66479976415293,5.476861956588779,0.09376641119519666,0.18258630725519365,8.877681425711591,11.152550802663464,8.4128713499884,9.495337378953963,678.9422398200874,697.335722418443,916.2278664470659,152.7046444078443,144.4541966400471,1.0444533104664055,3.25729589505213,0.9464872752028592,57.29594309884628,572.9594309884628,1145.9188619769257,OK,OK,True,132,1,11.152550802663464,8.877681425711591,697.335722418443,384
10.0,6,0.75,100.0,0.1,0.6000000000000001,0.02,0.01,cube,16.666666666666664,16.666666666666664,side=1.00,high,8.0,3.0,8.0,3.0,10.66479976415293,3.657979414996429,0.09376641119519666,0.2733749664911595,8.866777515483097,10.802845496461666,8.179273778956407,13.737667012579823,339.4711199100437,232.8742022500325,911.5953456829012,151.93255761381687,144.4590206553211,1.0391724716869668,7.19181996444227,0.928166442893302,57.296116133052756,572.9611613305276,1145.9223226610552,OK,OK,True,151,1,13.737667012579823,8.866777515483097,339.4711199100437,385
10.0,6,0.75,100.0,0.1,0.6000000000000001,0.02,0.005,cube,16.666666666666664,16.666666666666664,side=1.00,high,8.0,3.0,8.0,3.0,10.66479976415293,3.657979414996429,0.09376641119519666,0.2733749664911595,8.866777515483097,10.802845496461666,8.179585401696976,13.848168579646108,339.4711199100437,465.748404500065,911.5953456829012,151.93255761381687,144.4590206553211,1.0391724716869668,7.1956933690359755,0.9286663391895665,57.296116133052756,572.9611613305276,1145.9223226610552,OK,OK,True,150,1,13.848168579646108,8.866777515483097,465.748404500065,386
10.0,6,0.75,100.0,0.1,0.6000000000000001,0.01,0.01,cube,16.666666666666664,16.666666666666664,side=1.00,high,8.0,3.0,8.0,3.0,10.66479976415293,3.657979414996429,0.09376641119519666,0.2733749664911595,8.877681425711591,11.152550802663464,8.179273778956407,13.737667012579823,678.9422398200874,232.8742022500325,916.2278664470659,152.7046444078443,144.4541966400471,1.0444533104664055,7.19181996444227,0.928166442893302,57.296116133052756,572.9611613305276,1145.9223226610552,OK,OK,True,149,1,13.737667012579823,8.877681425711591,678.9422398200874,387
10.0,6,0.75,100.0,0.1,0.6000000000000001,0.01,0.005,cube,16.666666666666664,16.666666666666664,side=1.00,high,8.0,3.0,8.0,3.0,10.66479976415293,3.657979414996429,0.09376641119519666,0.2733749664911595,8.877681425711591,11.152550802663464,8.179585401696976,13.848168579646108,678.9422398200874,465.748404500065,916.2278664470659,152.7046444078443,144.4541966400471,1.0444533104664055,7.1956933690359755,0.9286663391895665,57.296116133052756,572.9611613305276,1145.9223226610552,OK,OK,True,148,1,13.848168579646108,8.877681425711591,678.9422398200874,388
10.0,6,1.0,100.0,0.1,0.6000000000000001,0.02,0.01,cube,16.666666666666664,16.666666666666664,side=1.00,high,8.0,3.0,8.0,3.0,10.66479976415293,2.7505554022795065,0.09376641119519666,0.36356293684223046,8.866777515483097,10.802845496461666,8.096519831690342,18.10757211966534,339.4711199100437,175.10579540836008,911.5953456829012,151.93255761381687,144.4590206553211,1.0391724716869668,12.701339188072334,0.9220598180654485,57.29635835106742,572.9635835106742,1145.9271670213484,OK,OK,True,167,1,18.10757211966534,8.866777515483097,339.4711199100437,389
10.0,6,1.0,100.0,0.1,0.6000000000000001,0.02,0.005,cube,16.666666666666664,16.666666666666664,side=1.00,high,8.0,3.0,8.0,3.0,10.66479976415293,2.7505554022795065,0.09376641119519666,0.36356293684223046,8.866777515483097,10.802845496461666,8.09658702106635,18.250644433340433,339.4711199100437,350.21159081672016,911.5953456829012,151.93255761381687,144.4590206553211,1.0391724716869668,12.70843355624961,0.9225748371302861,57.29635835106742,572.9635835106742,1145.9271670213484,OK,OK,True,166,1,18.250644433340433,8.866777515483097,350.21159081672016,390
10.0,6,1.0,100.0,0.1,0.6000000000000001,0.01,0.01,cube,16.666666666666664,16.666666666666664,side=1.00,high,8.0,3.0,8.0,3.0,10.66479976415293,2.7505554022795065,0.09376641119519666,0.36356293684223046,8.877681425711591,11.152550802663464,8.096519831690342,18.10757211966534,678.9422398200874,175.10579540836008,916.2278664470659,152.7046444078443,144.4541966400471,1.0444533104664055,12.701339188072334,0.9220598180654485,57.29635835106742,572.9635835106742,1145.9271670213484,OK,OK,True,165,1,18.10757211966534,8.877681425711591,678.9422398200874,391
10.0,6,1.0,100.0,0.1,0.6000000000000001,0.01,0.005,cube,16.666666666666664,16.666666666666664,side=1.00,high,8.0,3.0,8.0,3.0,10.66479976415293,2.7505554022795065,0.09376641119519666,0.36356293684223046,8.877681425711591,11.152550802663464,8.09658702106635,18.250644433340433,678.9422398200874,350.21159081672016,916.2278664470659,152.7046444078443,144.4541966400471,1.0444533104664055,12.70843355624961,0.9225748371302861,57.29635835106742,572.9635835106742,1145.9271670213484,OK,OK,True,164,1,18.250644433340433,8.877681425711591,678.9422398200874,392
10.0,6,1.25,100.0,0.1,0.6000000000000001,0.02,0.01,cube,16.666666666666664,16.666666666666664,side=1.00,high,8.0,3.0,8.0,3.0,10.66479976415293,2.207711311251089,0.09376641119519666,0.4529577734660015,8.866777515483097,10.802845496461666,8.066848482369364,22.447495219656233,339.4711199100437,140.5472672422003,911.5953456829012,151.93255761381687,144.4590206553211,1.0391724716869668,19.677862992846066,0.9142553050161221,57.2966697230094,572.966697230094,1145.933394460188,OK,OK,True,183,1,22.447495219656233,8.866777515483097,339.4711199100437,393
10.0,6,1.25,100.0,0.1,0.6000000000000001,0.02,0.005,cube,16.666666666666664,16.666666666666664,side=1.00,high,8.0,3.0,8.0,3.0,10.66479976415293,2.207711311251089,0.09376641119519666,0.4529577734660015,8.866777515483097,10.802845496461666,8.066917336437635,22.62750356362331,339.4711199100437,281.0945344844006,911.5953456829012,151.93255761381687,144.4590206553211,1.0391724716869668,19.689204136118207,0.9147822270912107,57.2966697230094,572.966697230094,1145.933394460188,OK,OK,True,182,1,22.62750356362331,8.866777515483097,339.4711199100437,394
10.0,6,1.25,100.0,0.1,0.6000000000000001,0.01,0.01,cube,16.666666666666664,16.666666666666664,side=1.00,high,8.0,3.0,8.0,3.0,10.66479976415293,2.207711311251089,0.09376641119519666,0.4529577734660015,8.877681425711591,11.152550802663464,8.066848482369364,22.447495219656233,678.9422398200874,140.5472672422003,916.2278664470659,152.7046444078443,144.4541966400471,1.0444533104664055,19.677862992846066,0.9142553050161221,57.2966697230094,572.966697230094,1145.933394460188,OK,OK,True,181,1,22.447495219656233,8.877681425711591,678.9422398200874,395
10.0,6,1.25,100.0,0.1,0.6000000000000001,0.01,0.005,cube,16.666666666666664,16.666666666666664,side=1.00,high,8.0,3.0,8.0,3.0,10.66479976415293,2.207711311251089,0.09376641119519666,0.4529577734660015,8.877681425711591,11.152550802663464,8.066917336437635,22.62750356362331,678.9422398200874,281.0945344844006,916.2278664470659,152.7046444078443,144.4541966400471,1.0444533104664055,19.689204136118207,0.9147822270912107,57.2966697230094,572.966697230094,1145.933394460188,OK,OK,True,180,1,22.62750356362331,8.877681425711591,678.9422398200874,396
12.0,6,0.5,100.0,0.1,0.6000000000000001,0.02,0.01,cube,16.666666666666664,16.666666666666664,side=1.00,high,8.0,3.0,8.0,3.0,10.806612502177847,5.9996016759311965,0.09253593573365111,0.16667773195872881,8.92427155941913,9.05765444583123,8.493570934444621,8.679847173602345,343.985159560056,381.9465053227477,904.9175302211563,150.81958837019272,144.44439433373978,1.0315601006588409,2.749635578834993,0.9581333536033196,52.303800814617595,523.0380081461759,1046.0760162923518,OK,OK,True,327,1,9.05765444583123,8.92427155941913,381.9465053227477,397
12.0,6,0.5,100.0,0.1,0.6000000000000001,0.02,0.005,cube,16.666666666666664,16.666666666666664,side=1.00,high,8.0,3.0,8.0,3.0,10.806612502177847,5.9996016759311965,0.09253593573365111,0.16667773195872881,8.92427155941913,9.05765444583123,8.494783724819074,8.74904336622917,343.985159560056,763.8930106454955,904.9175302211563,150.81958837019272,144.44439433373978,1.0315601006588409,2.7521075787028195,0.9590486359497703,52.303800814617595,523.0380081461759,1046.0760162923518,OK,OK,True,326,1,9.05765444583123,8.92427155941913,763.8930106454955,398
12.0,6,0.5,100.0,0.1,0.6000000000000001,0.01,0.01,cube,16.666666666666664,16.666666666666664,side=1.00,high,8.0,3.0,8.0,3.0,10.806612502177847,5.9996016759311965,0.09253593573365111,0.16667773195872881,8.934162420158602,9.744879442158204,8.493570934444621,8.679847173602345,687.970319120112,381.9465053227477,913.4237513016177,152.23729188360295,144.44257610363158,1.0412567613830979,2.749635578834993,0.9581333536033196,52.303800814617595,523.0380081461759,1046.0760162923518,OK,OK,True,325,1,9.744879442158204,8.934162420158602,687.970319120112,399
12.0,6,0.5,100.0,0.1,0.6000000000000001,0.01,0.005,cube,16.666666666666664,16.666666666666664,side=1.00,high,8.0,3.0,8.0,3.0,10.806612502177847,5.9996016759311965,0.09253593573365111,0.16667773195872881,8.934162420158602,9.744879442158204,8.494783724819074,8.74904336622917,687.970319120112,763.8930106454955,913.4237513016177,152.23729188360295,144.44257610363158,1.0412567613830979,2.7521075787028195,0.9590486359497703,52.303800814617595,523.0380081461759,1046.0760162923518,OK,OK,True,324,1,9.744879442158204,8.934162420158602,763.8930106454955,400
12.0,6,0.75,100.0,0.1,0.6000000000000001,0.02,0.01,cube,16.666666666666664,16.666666666666664,side=1.00,high,8.0,3.0,8.0,3.0,10.806612502177847,4.007115680958044,0.09253593573365111,0.2495560596745523,8.92427155941913,9.05765444583123,8.223444025453752,12.600496951581553,343.985159560056,255.1009072662076,904.9175302211563,150.81958837019272,144.44439433373978,1.0315601006588409,6.001678934176588,0.9294821642250629,52.30395877251445,523.0395877251444,1046.0791754502889,OK,OK,True,343,1,12.600496951581553,8.92427155941913,343.985159560056,401
12.0,6,0.75,100.0,0.1,0.6000000000000001,0.02,0.005,cube,16.666666666666664,16.666666666666664,side=1.00,high,8.0,3.0,8.0,3.0,10.806612502177847,4.007115680958044,0.09253593573365111,0.2495560596745523,8.92427155941913,9.05765444583123,8.223780092977076,12.700728213560247,343.985159560056,510.2018145324152,904.9175302211563,150.81958837019272,144.44439433373978,1.0315601006588409,6.005609738347424,0.9300909292736309,52.30395877251445,523.0395877251444,1046.0791754502889,OK,OK,True,342,1,12.700728213560247,8.92427155941913,510.2018145324152,402
12.0,6,0.75,100.0,0.1,0.6000000000000001,0.01,0.01,cube,16.666666666666664,16.666666666666664,side=1.00,high,8.0,3.0,8.0,3.0,10.806612502177847,4.007115680958044,0.09253593573365111,0.2495560596745523,8.934162420158602,9.744879442158204,8.223444025453752,12.600496951581553,687.970319120112,255.1009072662076,913.4237513016177,152.23729188360295,144.44257610363158,1.0412567613830979,6.001678934176588,0.9294821642250629,52.30395877251445,523.0395877251444,1046.0791754502889,OK,OK,True,341,1,12.600496951581553,8.934162420158602,687.970319120112,403
12.0,6,0.75,100.0,0.1,0.6000000000000001,0.01,0.005,cube,16.666666666666664,16.666666666666664,side=1.00,high,8.0,3.0,8.0,3.0,10.806612502177847,4.007115680958044,0.09253593573365111,0.2495560596745523,8.934162420158602,9.744879442158204,8.223780092977076,12.700728213560247,687.970319120112,510.2018145324152,913.4237513016177,152.23729188360295,144.44257610363158,1.0412567613830979,6.005609738347424,0.9300909292736309,52.30395877251445,523.0395877251444,1046.0791754502889,OK,OK,True,340,1,12.700728213560247,8.934162420158602,687.970319120112,404
12.0,6,1.0,100.0,0.1,0.6000000000000001,0.02,0.01,cube,16.666666666666664,16.666666666666664,side=1.00,high,8.0,3.0,8.0,3.0,10.806612502177847,3.0130824789846375,0.09253593573365111,0.33188603596971056,8.92427155941913,9.05765444583123,8.121838483949979,16.54960454028397,343.985159560056,191.81878818959478,904.9175302211563,150.81958837019272,144.44439433373978,1.0315601006588409,10.630390162808794,0.9260619348254874,52.30417988629856,523.0417988629856,1046.0835977259712,OK,OK,True,359,1,16.54960454028397,8.92427155941913,343.985159560056,405
12.0,6,1.0,100.0,0.1,0.6000000000000001,0.02,0.005,cube,16.666666666666664,16.666666666666664,side=1.00,high,8.0,3.0,8.0,3.0,10.806612502177847,3.0130824789846375,0.09253593573365111,0.33188603596971056,8.92427155941913,9.05765444583123,8.122019699355375,16.683000049775906,343.985159560056,383.63757637918957,904.9175302211563,150.81958837019272,144.44439433373978,1.0315601006588409,10.637923222451374,0.9267181741244144,52.30417988629856,523.0417988629856,1046.0835977259712,OK,OK,True,358,1,16.683000049775906,8.92427155941913,383.63757637918957,406
12.0,6,1.0,100.0,0.1,0.6000000000000001,0.01,0.01,cube,16.666666666666664,16.666666666666664,side=1.00,high,8.0,3.0,8.0,3.0,10.806612502177847,3.0130824789846375,0.09253593573365111,0.33188603596971056,8.934162420158602,9.744879442158204,8.121838483949979,16.54960454028397,687.970319120112,191.81878818959478,913.4237513016177,152.23729188360295,144.44257610363158,1.0412567613830979,10.630390162808794,0.9260619348254874,52.30417988629856,523.0417988629856,1046.0835977259712,OK,OK,True,357,1,16.54960454028397,8.934162420158602,687.970319120112,407
12.0,6,1.0,100.0,0.1,0.6000000000000001,0.01,0.005,cube,16.666666666666664,16.666666666666664,side=1.00,high,8.0,3.0,8.0,3.0,10.806612502177847,3.0130824789846375,0.09253593573365111,0.33188603596971056,8.934162420158602,9.744879442158204,8.122019699355375,16.683000049775906,687.970319120112,383.63757637918957,913.4237513016177,152.23729188360295,144.44257610363158,1.0412567613830979,10.637923222451374,0.9267181741244144,52.30417988629856,523.0417988629856,1046.0835977259712,OK,OK,True,356,1,16.683000049775906,8.934162420158602,687.970319120112,408
12.0,6,1.25,100.0,0.1,0.6000000000000001,0.02,0.01,cube,16.666666666666664,16.666666666666664,side=1.00,high,8.0,3.0,8.0,3.0,10.806612502177847,2.4184265712579145,0.09253593573365111,0.41349198354195327,8.92427155941913,9.05765444583123,8.080489368611559,20.531553288747187,343.985159560056,153.96181732819238,904.9175302211563,150.81958837019272,144.44439433373978,1.0315601006588409,16.531508186416918,0.9216866118954393,52.304464128692544,523.0446412869254,1046.0892825738508,OK,OK,True,375,1,20.531553288747187,8.92427155941913,343.985159560056,409
12.0,6,1.25,100.0,0.1,0.6000000000000001,0.02,0.005,cube,16.666666666666664,16.666666666666664,side=1.00,high,8.0,3.0,8.0,3.0,10.806612502177847,2.4184265712579145,0.09253593573365111,0.41349198354195327,8.92427155941913,9.05765444583123,8.080559426550078,20.693086879490334,343.985159560056,307.92363465638476,904.9175302211563,150.81958837019272,144.44439433373978,1.0315601006588409,16.544260041717685,0.9223975702771556,52.304464128692544,523.0446412869254,1046.0892825738508,OK,OK,True,374,1,20.693086879490334,8.92427155941913,343.985159560056,410
12.0,6,1.25,100.0,0.1,0.6000000000000001,0.01,0.01,cube,16.666666666666664,16.666666666666664,side=1.00,high,8.0,3.0,8.0,3.0,10.806612502177847,2.4184265712579145,0.09253593573365111,0.41349198354195327,8.934162420158602,9.744879442158204,8.080489368611559,20.531553288747187,687.970319120112,153.96181732819238,913.4237513016177,152.23729188360295,144.44257610363158,1.0412567613830979,16.531508186416918,0.9216866118954393,52.304464128692544,523.0446412869254,1046.0892825738508,OK,OK,True,373,1,20.531553288747187,8.934162420158602,687.970319120112,411
12.0,6,1.25,100.0,0.1,0.6000000000000001,0.01,0.005,cube,16.666666666666664,16.666666666666664,side=1.00,high,8.0,3.0,8.0,3.0,10.806612502177847,2.4184265712579145,0.09253593573365111,0.41349198354195327,8.934162420158602,9.744879442158204,8.080559426550078,20.693086879490334,687.970319120112,307.92363465638476,913.4237513016177,152.23729188360295,144.44257610363158,1.0412567613830979,16.544260041717685,0.9223975702771556,52.304464128692544,523.0446412869254,1046.0892825738508,OK,OK,True,372,1,20.693086879490334,8.934162420158602,687.970319120112,412
15.0,6,0.5,100.0,0.1,0.6000000000000001,0.02,0.01,cube,16.666666666666664,16.666666666666664,side=1.00,high,8.0,3.0,8.0,3.0,11.032054112241251,6.707758592620575,0.09064495059812953,0.1490810955987791,9.009509605406341,7.823566523355342,8.614780494600918,7.873100399247614,351.16118888409324,427.0291748330798,905.7831520980784,150.96385868301306,144.40364641525161,1.0325468657072228,2.22941407474918,0.9720650680419362,46.78194164123753,467.8194164123753,935.6388328247506,OK,OK,True,519,1,7.873100399247614,9.009509605406341,427.0291748330798,413
15.0,6,0.5,100.0,0.1,0.6000000000000001,0.02,0.005,cube,16.666666666666664,16.666666666666664,side=1.00,high,8.0,3.0,8.0,3.0,11.032054112241251,6.707758592620575,0.09064495059812953,0.1490810955987791,9.009509605406341,7.823566523355342,8.616263710853842,7.93802650404385,351.16118888409324,854.0583496661596,905.7831520980784,150.96385868301306,144.40364641525161,1.0325468657072228,2.2320735121766853,0.9736981761947336,46.78194164123753,467.8194164123753,935.6388328247506,OK,OK,True,518,1,7.93802650404385,9.009509605406341,854.0583496661596,414
15.0,6,0.5,100.0,0.1,0.6000000000000001,0.01,0.01,cube,16.666666666666664,16.666666666666664,side=1.00,high,8.0,3.0,8.0,3.0,11.032054112241251,6.707758592620575,0.09064495059812953,0.1490810955987791,9.020096257288523,8.891025726102558,8.614780494600918,7.873100399247614,702.3223777681865,427.0291748330798,914.0385512014064,152.33975853356773,144.40038305060042,1.0419576020954622,2.22941407474918,0.9720650680419362,46.78194164123753,467.8194164123753,935.6388328247506,OK,OK,True,517,1,8.891025726102558,9.020096257288523,702.3223777681865,415
15.0,6,0.5,100.0,0.1,0.6000000000000001,0.01,0.005,cube,16.666666666666664,16.666666666666664,side=1.00,high,8.0,3.0,8.0,3.0,11.032054112241251,6.707758592620575,0.09064495059812953,0.1490810955987791,9.020096257288523,8.891025726102558,8.616263710853842,7.93802650404385,702.3223777681865,854.0583496661596,914.0385512014064,152.33975853356773,144.40038305060042,1.0419576020954622,2.2320735121766853,0.9736981761947336,46.78194164123753,467.8194164123753,935.6388328247506,OK,OK,True,516,1,8.891025726102558,9.020096257288523,854.0583496661596,416
15.0,6,0.75,100.0,0.1,0.6000000000000001,0.02,0.01,cube,16.666666666666664,16.666666666666664,side=1.00,high,8.0,3.0,8.0,3.0,11.032054112241251,4.4800915281564,0.09064495059812953,0.22320972545208453,9.009509605406341,7.823566523355342,8.277096941518264,11.345658404370713,351.16118888409324,285.21148488408573,905.7831520980784,150.96385868301306,144.40364641525161,1.0325468657072228,4.831214679443089,0.9355554137308194,46.78208292307551,467.82082923075507,935.6416584615101,OK,OK,True,535,1,11.345658404370713,9.009509605406341,351.16118888409324,417
15.0,6,0.75,100.0,0.1,0.6000000000000001,0.02,0.005,cube,16.666666666666664,16.666666666666664,side=1.00,high,8.0,3.0,8.0,3.0,11.032054112241251,4.4800915281564,0.09064495059812953,0.22320972545208453,9.009509605406341,7.823566523355342,8.277627580446186,11.43600212730509,351.16118888409324,570.4229697681715,905.7831520980784,150.96385868301306,144.40364641525161,1.0325468657072228,4.832692624499078,0.9359172476927508,46.78208292307551,467.82082923075507,935.6416584615101,OK,OK,True,534,1,11.43600212730509,9.009509605406341,570.4229697681715,418
15.0,6,0.75,100.0,0.1,0.6000000000000001,0.01,0.01,cube,16.666666666666664,16.666666666666664,side=1.00,high,8.0,3.0,8.0,3.0,11.032054112241251,4.4800915281564,0.09064495059812953,0.22320972545208453,9.020096257288523,8.891025726102558,8.277096941518264,11.345658404370713,702.3223777681865,285.21148488408573,914.0385512014064,152.33975853356773,144.40038305060042,1.0419576020954622,4.831214679443089,0.9355554137308194,46.78208292307551,467.82082923075507,935.6416584615101,OK,OK,True,533,1,11.345658404370713,9.020096257288523,702.3223777681865,419
15.0,6,0.75,100.0,0.1,0.6000000000000001,0.01,0.005,cube,16.666666666666664,16.666666666666664,side=1.00,high,8.0,3.0,8.0,3.0,11.032054112241251,4.4800915281564,0.09064495059812953,0.22320972545208453,9.020096257288523,8.891025726102558,8.277627580446186,11.43600212730509,702.3223777681865,570.4229697681715,914.0385512014064,152.33975853356773,144.40038305060042,1.0419576020954622,4.832692624499078,0.9359172476927508,46.78208292307551,467.82082923075507,935.6416584615101,OK,OK,True,532,1,11.43600212730509,9.020096257288523,702.3223777681865,420
15.0,6,1.0,100.0,0.1,0.6000000000000001,0.02,0.01,cube,16.666666666666664,16.666666666666664,side=1.00,high,8.0,3.0,8.0,3.0,11.032054112241251,3.3687286224018504,0.09064495059812953,0.29684789488534574,9.009509605406341,7.823566523355342,8.156779341146882,14.865660350841596,351.16118888409324,214.4599248761622,905.7831520980784,150.96385868301306,144.40364641525161,1.0325468657072228,8.463335593229427,0.9218851123064236,46.78228069325631,467.82280693256314,935.6456138651263,OK,OK,True,551,1,14.865660350841596,9.009509605406341,351.16118888409324,421
15.0,6,1.0,100.0,0.1,0.6000000000000001,0.02,0.005,cube,16.666666666666664,16.666666666666664,side=1.00,high,8.0,3.0,8.0,3.0,11.032054112241251,3.3687286224018504,0.09064495059812953,0.29684789488534574,9.009509605406341,7.823566523355342,8.156965298572285,14.984204720742564,351.16118888409324,428.9198497523244,905.7831520980784,150.96385868301306,144.40364641525161,1.0325468657072228,8.465645470001302,0.9222181191548181,46.78228069325631,467.82280693256314,935.6456138651263,OK,OK,True,550,1,14.984204720742564,9.009509605406341,428.9198497523244,422
15.0,6,1.0,100.0,0.1,0.6000000000000001,0.01,0.01,cube,16.666666666666664,16.666666666666664,side=1.00,high,8.0,3.0,8.0,3.0,11.032054112241251,3.3687286224018504,0.09064495059812953,0.29684789488534574,9.020096257288523,8.891025726102558,8.156779341146882,14.865660350841596,702.3223777681865,214.4599248761622,914.0385512014064,152.33975853356773,144.40038305060042,1.0419576020954622,8.463335593229427,0.9218851123064236,46.78228069325631,467.82280693256314,935.6456138651263,OK,OK,True,549,1,14.865660350841596,9.020096257288523,702.3223777681865,423
15.0,6,1.0,100.0,0.1,0.6000000000000001,0.01,0.005,cube,16.666666666666664,16.666666666666664,side=1.00,high,8.0,3.0,8.0,3.0,11.032054112241251,3.3687286224018504,0.09064495059812953,0.29684789488534574,9.020096257288523,8.891025726102558,8.156965298572285,14.984204720742564,702.3223777681865,428.9198497523244,914.0385512014064,152.33975853356773,144.40038305060042,1.0419576020954622,8.465645470001302,0.9222181191548181,46.78228069325631,467.82280693256314,935.6456138651263,OK,OK,True,548,1,14.984204720742564,9.020096257288523,702.3223777681865,424
15.0,6,1.25,100.0,0.1,0.6000000000000001,0.02,0.01,cube,16.666666666666664,16.666666666666664,side=1.00,high,8.0,3.0,8.0,3.0,11.032054112241251,2.703883105965764,0.09064495059812953,0.36983847333992764,9.009509605406341,7.823566523355342,8.094174614155053,18.386268072956213,351.16118888409324,172.13454474284734,905.7831520980784,150.96385868301306,144.40364641525161,1.0325468657072228,13.174124465329108,0.9181266166261524,46.782534927382336,467.82534927382335,935.6506985476467,OK,OK,True,567,1,18.386268072956213,9.009509605406341,351.16118888409324,425
15.0,6,1.25,100.0,0.1,0.6000000000000001,0.02,0.005,cube,16.666666666666664,16.666666666666664,side=1.00,high,8.0,3.0,8.0,3.0,11.032054112241251,2.703883105965764,0.09064495059812953,0.36983847333992764,9.009509605406341,7.823566523355342,8.09424403598325,18.53254607962116,351.16118888409324,344.2690894856947,905.7831520980784,150.96385868301306,144.40364641525161,1.0325468657072228,13.182132952415024,0.9186847413935202,46.782534927382336,467.82534927382335,935.6506985476467,OK,OK,True,566,1,18.53254607962116,9.009509605406341,351.16118888409324,426
15.0,6,1.25,100.0,0.1,0.6000000000000001,0.01,0.01,cube,16.666666666666664,16.666666666666664,side=1.00,high,8.0,3.0,8.0,3.0,11.032054112241251,2.703883105965764,0.09064495059812953,0.36983847333992764,9.020096257288523,8.891025726102558,8.094174614155053,18.386268072956213,702.3223777681865,172.13454474284734,914.0385512014064,152.33975853356773,144.40038305060042,1.0419576020954622,13.174124465329108,0.9181266166261524,46.782534927382336,467.82534927382335,935.6506985476467,OK,OK,True,565,1,18.386268072956213,9.020096257288523,702.3223777681865,427
15.0,6,1.25,100.0,0.1,0.6000000000000001,0.01,0.005,cube,16.666666666666664,16.666666666666664,side=1.00,high,8.0,3.0,8.0,3.0,11.032054112241251,2.703883105965764,0.09064495059812953,0.36983847333992764,9.020096257288523,8.891025726102558,8.09424403598325,18.53254607962116,702.3223777681865,344.2690894856947,914.0385512014064,152.33975853356773,144.40038305060042,1.0419576020954622,13.182132952415024,0.9186847413935202,46.782534927382336,467.82534927382335,935.6506985476467,OK,OK,True,564,1,18.53254607962116,9.020096257288523,702.3223777681865,428
18.0,6,0.5,100.0,0.1,0.6000000000000001,0.02,0.01,cube,16.666666666666664,16.666666666666664,side=1.00,high,8.0,3.0,8.0,3.0,11.271487336384888,7.347981382918788,0.08871943605631825,0.13609179826239257,9.083921234980052,7.459194007713379,8.731710062379275,7.286069492552431,358.78258511667116,467.78702353549846,908.5778996112059,151.42964993520098,144.3719555825477,1.0357327361646702,1.8809246853902604,0.9877191254143479,42.70587453466008,427.05874534660086,854.1174906932017,OK,OK,True,711,1,7.459194007713379,9.083921234980052,467.78702353549846,429
18.0,6,0.5,100.0,0.1,0.6000000000000001,0.02,0.005,cube,16.666666666666664,16.666666666666664,side=1.00,high,8.0,3.0,8.0,3.0,11.271487336384888,7.347981382918788,0.08871943605631825,0.13609179826239257,9.083921234980052,7.459194007713379,8.73377647106687,7.345206941922159,358.78258511667116,935.5740470709969,908.5778996112059,151.42964993520098,144.3719555825477,1.0357327361646702,1.8855908633498781,0.9901694485182446,42.70587453466008,427.05874534660086,854.1174906932017,OK,OK,True,710,1,7.459194007713379,9.083921234980052,935.5740470709969,430
18.0,6,0.5,100.0,0.1,0.6000000000000001,0.01,0.01,cube,16.666666666666664,16.666666666666664,side=1.00,high,8.0,3.0,8.0,3.0,11.271487336384888,7.347981382918788,0.08871943605631825,0.13609179826239257,9.0950302148133,8.24923813623672,8.731710062379275,7.286069492552431,717.5651702333423,467.78702353549846,915.4263459498172,152.57105765830286,144.36726384131677,1.0435396177405944,1.8809246853902604,0.9877191254143479,42.70587453466008,427.05874534660086,854.1174906932017,OK,OK,True,709,1,8.24923813623672,9.0950302148133,717.5651702333423,431
18.0,6,0.5,100.0,0.1,0.6000000000000001,0.01,0.005,cube,16.666666666666664,16.666666666666664,side=1.00,high,8.0,3.0,8.0,3.0,11.271487336384888,7.347981382918788,0.08871943605631825,0.13609179826239257,9.0950302148133,8.24923813623672,8.73377647106687,7.345206941922159,717.5651702333423,935.5740470709969,915.4263459498172,152.57105765830286,144.36726384131677,1.0435396177405944,1.8855908633498781,0.9901694485182446,42.70587453466008,427.05874534660086,854.1174906932017,OK,OK,True,708,1,8.24923813623672,9.0950302148133,935.5740470709969,432
18.0,6,0.75,100.0,0.1,0.6000000000000001,0.02,0.01,cube,16.666666666666664,16.666666666666664,side=1.00,high,8.0,3.0,8.0,3.0,11.271487336384888,4.907694379271854,0.08871943605631825,0.20376166947632307,9.083921234980052,7.459194007713379,8.32961699880855,10.424453102919161,358.78258511667116,312.43352785817063,908.5778996112059,151.42964993520098,144.3719555825477,1.0357327361646702,4.067444703542184,0.9452570112649188,42.70600350674278,427.0600350674278,854.1200701348556,OK,OK,True,727,1,10.424453102919161,9.083921234980052,358.78258511667116,433
18.0,6,0.75,100.0,0.1,0.6000000000000001,0.02,0.005,cube,16.666666666666664,16.666666666666664,side=1.00,high,8.0,3.0,8.0,3.0,11.271487336384888,4.907694379271854,0.08871943605631825,0.20376166947632307,9.083921234980052,7.459194007713379,8.330136693078567,10.5095044642834,358.78258511667116,624.8670557163413,908.5778996112059,151.42964993520098,144.3719555825477,1.0357327361646702,4.069538609541176,0.9463053555910065,42.70600350674278,427.0600350674278,854.1200701348556,OK,OK,True,726,1,10.5095044642834,9.083921234980052,624.8670557163413,434
18.0,6,0.75,100.0,0.1,0.6000000000000001,0.01,0.01,cube,16.666666666666664,16.666666666666664,side=1.00,high,8.0,3.0,8.0,3.0,11.271487336384888,4.907694379271854,0.08871943605631825,0.20376166947632307,9.0950302148133,8.24923813623672,8.32961699880855,10.424453102919161,717.5651702333423,312.43352785817063,915.4263459498172,152.57105765830286,144.36726384131677,1.0435396177405944,4.067444703542184,0.9452570112649188,42.70600350674278,427.0600350674278,854.1200701348556,OK,OK,True,725,1,10.424453102919161,9.0950302148133,717.5651702333423,435
18.0,6,0.75,100.0,0.1,0.6000000000000001,0.01,0.005,cube,16.666666666666664,16.666666666666664,side=1.00,high,8.0,3.0,8.0,3.0,11.271487336384888,4.907694379271854,0.08871943605631825,0.20376166947632307,9.0950302148133,8.24923813623672,8.330136693078567,10.5095044642834,717.5651702333423,624.8670557163413,915.4263459498172,152.57105765830286,144.36726384131677,1.0435396177405944,4.069538609541176,0.9463053555910065,42.70600350674278,427.0600350674278,854.1200701348556,OK,OK,True,724,1,10.5095044642834,9.0950302148133,717.5651702333423,436
18.0,6,1.0,100.0,0.1,0.6000000000000001,0.02,0.01,cube,16.666666666666664,16.666666666666664,side=1.00,high,8.0,3.0,8.0,3.0,11.271487336384888,3.6902573132258145,0.08871943605631825,0.2709838136262256,9.083921234980052,7.459194007713379,8.181360971084809,13.615494651936219,358.78258511667116,234.929077072362,908.5778996112059,151.42964993520098,144.3719555825477,1.0357327361646702,7.153779208169667,0.9347976668828365,42.7061840453915,427.061840453915,854.12368090783,OK,OK,True,743,1,13.615494651936219,9.083921234980052,358.78258511667116,437
18.0,6,1.0,100.0,0.1,0.6000000000000001,0.02,0.005,cube,16.666666666666664,16.666666666666664,side=1.00,high,8.0,3.0,8.0,3.0,11.271487336384888,3.6902573132258145,0.08871943605631825,0.2709838136262256,9.083921234980052,7.459194007713379,8.181687630098361,13.723002023894491,358.78258511667116,469.858154144724,908.5778996112059,151.42964993520098,144.3719555825477,1.0357327361646702,7.157406793717296,0.9352716902497401,42.7061840453915,427.061840453915,854.12368090783,OK,OK,True,742,1,13.723002023894491,9.083921234980052,469.858154144724,438
18.0,6,1.0,100.0,0.1,0.6000000000000001,0.01,0.01,cube,16.666666666666664,16.666666666666664,side=1.00,high,8.0,3.0,8.0,3.0,11.271487336384888,3.6902573132258145,0.08871943605631825,0.2709838136262256,9.0950302148133,8.24923813623672,8.181360971084809,13.615494651936219,717.5651702333423,234.929077072362,915.4263459498172,152.57105765830286,144.36726384131677,1.0435396177405944,7.153779208169667,0.9347976668828365,42.7061840453915,427.061840453915,854.12368090783,OK,OK,True,741,1,13.615494651936219,9.0950302148133,717.5651702333423,439
18.0,6,1.0,100.0,0.1,0.6000000000000001,0.01,0.005,cube,16.666666666666664,16.666666666666664,side=1.00,high,8.0,3.0,8.0,3.0,11.271487336384888,3.6902573132258145,0.08871943605631825,0.2709838136262256,9.0950302148133,8.24923813623672,8.181687630098361,13.723002023894491,717.5651702333423,469.858154144724,915.4263459498172,152.57105765830286,144.36726384131677,1.0435396177405944,7.157406793717296,0.9352716902497401,42.7061840453915,427.061840453915,854.12368090783,OK,OK,True,740,1,13.723002023894491,9.0950302148133,717.5651702333423,440
18.0,6,1.25,100.0,0.1,0.6000000000000001,0.02,0.01,cube,16.666666666666664,16.666666666666664,side=1.00,high,8.0,3.0,8.0,3.0,11.271487336384888,2.961955539988294,0.08871943605631825,0.33761479080268436,9.083921234980052,7.459194007713379,8.11409182894724,16.836169260403786,358.78258511667116,188.56394616302444,908.5778996112059,151.42964993520098,144.3719555825477,1.0357327361646702,11.023893084211045,0.9219281040884516,42.70641612833435,427.0641612833435,854.128322566687,OK,OK,True,759,1,16.836169260403786,9.083921234980052,358.78258511667116,441
18.0,6,1.25,100.0,0.1,0.6000000000000001,0.02,0.005,cube,16.666666666666664,16.666666666666664,side=1.00,high,8.0,3.0,8.0,3.0,11.271487336384888,2.961955539988294,0.08871943605631825,0.33761479080268436,9.083921234980052,7.459194007713379,8.114272564941006,16.967580831671498,358.78258511667116,377.1278923260489,908.5778996112059,151.42964993520098,144.3719555825477,1.0357327361646702,11.029241061114382,0.9223753553607145,42.70641612833435,427.0641612833435,854.128322566687,OK,OK,True,758,1,16.967580831671498,9.083921234980052,377.1278923260489,442
18.0,6,1.25,100.0,0.1,0.6000000000000001,0.01,0.01,cube,16.666666666666664,16.666666666666664,side=1.00,high,8.0,3.0,8.0,3.0,11.271487336384888,2.961955539988294,0.08871943605631825,0.33761479080268436,9.0950302148133,8.24923813623672,8.11409182894724,16.836169260403786,717.5651702333423,188.56394616302444,915.4263459498172,152.57105765830286,144.36726384131677,1.0435396177405944,11.023893084211045,0.9219281040884516,42.70641612833435,427.0641612833435,854.128322566687,OK,OK,True,757,1,16.836169260403786,9.0950302148133,717.5651702333423,443
18.0,6,1.25,100.0,0.1,0.6000000000000001,0.01,0.005,cube,16.666666666666664,16.666666666666664,side=1.00,high,8.0,3.0,8.0,3.0,11.271487336384888,2.961955539988294,0.08871943605631825,0.33761479080268436,9.0950302148133,8.24923813623672,8.114272564941006,16.967580831671498,717.5651702333423,377.1278923260489,915.4263459498172,152.57105765830286,144.36726384131677,1.0435396177405944,11.029241061114382,0.9223753553607145,42.70641612833435,427.0641612833435,854.128322566687,OK,OK,True,756,1,16.967580831671498,9.0950302148133,717.5651702333423,444
10.0,6,0.5,100.0,0.1,0.6000000000000001,0.02,0.01,solid_sphere,15.395846399999996,15.395846399999996,R=0.62,high,8.0,3.0,8.0,3.0,10.673083120689764,5.265800386248481,0.0936936392879299,0.18990465392715558,8.7952833076216,9.235802572039892,8.38420007631953,9.775178933053722,339.7347873376896,335.231264322663,904.5216697108367,150.75361161847277,144.4887948260153,1.0311088397491617,3.2377013664552816,0.9435637397984249,57.295954453024656,572.9595445302466,1145.9190890604932,OK,OK,True,139,2,9.775178933053722,8.7952833076216,339.7347873376896,445
10.0,6,0.5,100.0,0.1,0.6000000000000001,0.02,0.005,solid_sphere,15.395846399999996,15.395846399999996,R=0.62,high,8.0,3.0,8.0,3.0,10.673083120689764,5.265800386248481,0.0936936392879299,0.18990465392715558,8.7952833076216,9.235802572039892,8.384941186176855,9.852458431308978,339.7347873376896,670.462528645326,904.5216697108367,150.75361161847277,144.4887948260153,1.0311088397491617,3.2423386729800643,0.9440603529547148,57.295954453024656,572.9595445302466,1145.9190890604932,OK,OK,True,138,2,9.852458431308978,8.7952833076216,670.462528645326,446
10.0,6,0.5,100.0,0.1,0.6000000000000001,0.01,0.005,solid_sphere,15.395846399999996,15.395846399999996,R=0.62,high,8.0,3.0,8.0,3.0,10.673083120689764,5.265800386248481,0.0936936392879299,0.18990465392715558,8.804041111494394,10.02648402385094,8.384941186176855,9.852458431308978,679.4695746753792,670.462528645326,908.1387326565774,151.3564554427629,144.4864754672108,1.0352321081043296,3.2423386729800643,0.9440603529547148,57.295954453024656,572.9595445302466,1145.9190890604932,OK,OK,True,136,2,10.02648402385094,8.804041111494394,679.4695746753792,447
10.0,6,0.5,100.0,0.1,0.6000000000000001,0.01,0.01,solid_sphere,15.395846399999996,15.395846399999996,R=0.62,high,8.0,3.0,8.0,3.0,10.673083120689764,5.265800386248481,0.0936936392879299,0.18990465392715558,8.804041111494394,10.02648402385094,8.38420007631953,9.775178933053722,679.4695746753792,335.231264322663,908.1387326565774,151.3564554427629,144.4864754672108,1.0352321081043296,3.2377013664552816,0.9435637397984249,57.295954453024656,572.9595445302466,1145.9190890604932,OK,OK,True,137,2,10.02648402385094,8.804041111494394,679.4695746753792,448
10.0,6,0.75,100.0,0.1,0.6000000000000001,0.02,0.01,solid_sphere,15.395846399999996,15.395846399999996,R=0.62,high,8.0,3.0,8.0,3.0,10.673083120689764,3.5175521813489543,0.0936936392879299,0.28428860424652114,8.7952833076216,9.235802572039892,8.169423449135921,14.261533604687118,339.7347873376896,223.93432689814605,904.5216697108367,150.75361161847277,144.4887948260153,1.0311088397491617,7.186867522861525,0.927527287560109,57.29614167722066,572.9614167722066,1145.9228335444132,OK,OK,True,155,2,14.261533604687118,8.7952833076216,339.7347873376896,449
10.0,6,0.75,100.0,0.1,0.6000000000000001,0.02,0.005,solid_sphere,15.395846399999996,15.395846399999996,R=0.62,high,8.0,3.0,8.0,3.0,10.673083120689764,3.5175521813489543,0.0936936392879299,0.28428860424652114,8.7952833076216,9.235802572039892,8.169607825864022,14.373222506334415,339.7347873376896,447.8686537962921,904.5216697108367,150.75361161847277,144.4887948260153,1.0311088397491617,7.1907560339270455,0.9280291334769534,57.29614167722066,572.9614167722066,1145.9228335444132,OK,OK,True,154,2,14.373222506334415,8.7952833076216,447.8686537962921,450
10.0,6,0.75,100.0,0.1,0.6000000000000001,0.01,0.01,solid_sphere,15.395846399999996,15.395846399999996,R=0.62,high,8.0,3.0,8.0,3.0,10.673083120689764,3.5175521813489543,0.0936936392879299,0.28428860424652114,8.804041111494394,10.02648402385094,8.169423449135921,14.261533604687118,679.4695746753792,223.93432689814605,908.1387326565774,151.3564554427629,144.4864754672108,1.0352321081043296,7.186867522861525,0.927527287560109,57.29614167722066,572.9614167722066,1145.9228335444132,OK,OK,True,153,2,14.261533604687118,8.804041111494394,679.4695746753792,451
10.0,6,0.75,100.0,0.1,0.6000000000000001,0.01,0.005,solid_sphere,15.395846399999996,15.395846399999996,R=0.62,high,8.0,3.0,8.0,3.0,10.673083120689764,3.5175521813489543,0.0936936392879299,0.28428860424652114,8.804041111494394,10.02648402385094,8.169607825864022,14.373222506334415,679.4695746753792,447.8686537962921,908.1387326565774,151.3564554427629,144.4864754672108,1.0352321081043296,7.1907560339270455,0.9280291334769534,57.29614167722066,572.9614167722066,1145.9228335444132,OK,OK,True,152,2,14.373222506334415,8.804041111494394,679.4695746753792,452
10.0,6,1.0,100.0,0.1,0.6000000000000001,0.02,0.01,solid_sphere,15.395846399999996,15.395846399999996,R=0.62,high,8.0,3.0,8.0,3.0,10.673083120689764,2.6455289898702423,0.0936936392879299,0.3779962358488643,8.7952833076216,9.235802572039892,8.092149223351438,18.787298572869986,339.7347873376896,168.41960633230312,904.5216697108367,150.75361161847277,144.4887948260153,1.0311088397491617,12.685779223173736,0.9209302349410973,57.29640375611753,572.9640375611752,1145.9280751223505,OK,OK,True,171,2,18.787298572869986,8.7952833076216,339.7347873376896,453
10.0,6,1.0,100.0,0.1,0.6000000000000001,0.02,0.005,solid_sphere,15.395846399999996,15.395846399999996,R=0.62,high,8.0,3.0,8.0,3.0,10.673083120689764,2.6455289898702423,0.0936936392879299,0.3779962358488643,8.7952833076216,9.235802572039892,8.09221733242315,18.934773607520874,339.7347873376896,336.83921266460624,904.5216697108367,150.75361161847277,144.4887948260153,1.0311088397491617,12.69290449029961,0.9214474971299474,57.29640375611753,572.9640375611752,1145.9280751223505,OK,OK,True,170,2,18.934773607520874,8.7952833076216,339.7347873376896,454
10.0,6,1.0,100.0,0.1,0.6000000000000001,0.01,0.01,solid_sphere,15.395846399999996,15.395846399999996,R=0.62,high,8.0,3.0,8.0,3.0,10.673083120689764,2.6455289898702423,0.0936936392879299,0.3779962358488643,8.804041111494394,10.02648402385094,8.092149223351438,18.787298572869986,679.4695746753792,168.41960633230312,908.1387326565774,151.3564554427629,144.4864754672108,1.0352321081043296,12.685779223173736,0.9209302349410973,57.29640375611753,572.9640375611752,1145.9280751223505,OK,OK,True,169,2,18.787298572869986,8.804041111494394,679.4695746753792,455
10.0,6,1.0,100.0,0.1,0.6000000000000001,0.01,0.005,solid_sphere,15.395846399999996,15.395846399999996,R=0.62,high,8.0,3.0,8.0,3.0,10.673083120689764,2.6455289898702423,0.0936936392879299,0.3779962358488643,8.804041111494394,10.02648402385094,8.09221733242315,18.934773607520874,679.4695746753792,336.83921266460624,908.1387326565774,151.3564554427629,144.4864754672108,1.0352321081043296,12.69290449029961,0.9214474971299474,57.29640375611753,572.9640375611752,1145.9280751223505,OK,OK,True,168,2,18.934773607520874,8.804041111494394,679.4695746753792,456
10.0,6,1.25,100.0,0.1,0.6000000000000001,0.02,0.01,solid_sphere,15.395846399999996,15.395846399999996,R=0.62,high,8.0,3.0,8.0,3.0,10.673083120689764,2.123991888541747,0.0936936392879299,0.47081159085148977,8.7952833076216,9.235802572039892,8.060081778434942,23.313285285191085,339.7347873376896,135.2175232594036,904.5216697108367,150.75361161847277,144.4887948260153,1.0311088397491617,19.640127581040055,0.91250207599714,57.29674065472943,572.9674065472943,1145.9348130945887,OK,OK,True,187,2,23.313285285191085,8.7952833076216,339.7347873376896,457
10.0,6,1.25,100.0,0.1,0.6000000000000001,0.02,0.005,solid_sphere,15.395846399999996,15.395846399999996,R=0.62,high,8.0,3.0,8.0,3.0,10.673083120689764,2.123991888541747,0.0936936392879299,0.47081159085148977,8.7952833076216,9.235802572039892,8.060149787256789,23.49183296865359,339.7347873376896,270.4350465188072,904.5216697108367,150.75361161847277,144.4887948260153,1.0311088397491617,19.651509223197163,0.9130308796952707,57.29674065472943,572.9674065472943,1145.9348130945887,OK,OK,True,186,2,23.49183296865359,8.7952833076216,339.7347873376896,458
10.0,6,1.25,100.0,0.1,0.6000000000000001,0.01,0.01,solid_sphere,15.395846399999996,15.395846399999996,R=0.62,high,8.0,3.0,8.0,3.0,10.673083120689764,2.123991888541747,0.0936936392879299,0.47081159085148977,8.804041111494394,10.02648402385094,8.060081778434942,23.313285285191085,679.4695746753792,135.2175232594036,908.1387326565774,151.3564554427629,144.4864754672108,1.0352321081043296,19.640127581040055,0.91250207599714,57.29674065472943,572.9674065472943,1145.9348130945887,OK,OK,True,185,2,23.313285285191085,8.804041111494394,679.4695746753792,459
10.0,6,1.25,100.0,0.1,0.6000000000000001,0.01,0.005,solid_sphere,15.395846399999996,15.395846399999996,R=0.62,high,8.0,3.0,8.0,3.0,10.673083120689764,2.123991888541747,0.0936936392879299,0.47081159085148977,8.804041111494394,10.02648402385094,8.060149787256789,23.49183296865359,679.4695746753792,270.4350465188072,908.1387326565774,151.3564554427629,144.4864754672108,1.0352321081043296,19.651509223197163,0.9130308796952707,57.29674065472943,572.9674065472943,1145.9348130945887,OK,OK,True,184,2,23.49183296865359,8.804041111494394,679.4695746753792,460
12.0,6,0.5,100.0,0.1,0.6000000000000001,0.02,0.01,solid_sphere,15.395846399999996,15.395846399999996,R=0.62,high,8.0,3.0,8.0,3.0,10.815317046474942,5.768395309716959,0.09246145958577627,0.1733584378857467,8.851942375168736,8.95431607115709,8.458780307687263,8.999775740633165,344.262233810505,367.2274508998234,908.2394887078988,151.37324811798314,144.46777700830637,1.0353469648940061,2.739547703021439,0.9546181494946829,52.30381117951696,523.0381117951696,1046.0762235903392,OK,OK,True,331,2,8.999775740633165,8.851942375168736,367.2274508998234,461
12.0,6,0.5,100.0,0.1,0.6000000000000001,0.02,0.005,solid_sphere,15.395846399999996,15.395846399999996,R=0.62,high,8.0,3.0,8.0,3.0,10.815317046474942,5.768395309716959,0.09246145958577627,0.1733584378857467,8.851942375168736,8.95431607115709,8.459746652061963,9.072385179966684,344.262233810505,734.4549017996468,908.2394887078988,151.37324811798314,144.46777700830637,1.0353469648940061,2.742022244449459,0.9555265435699977,52.30381117951696,523.0381117951696,1046.0762235903392,OK,OK,True,330,2,9.072385179966684,8.851942375168736,734.4549017996468,462
12.0,6,0.5,100.0,0.1,0.6000000000000001,0.01,0.01,solid_sphere,15.395846399999996,15.395846399999996,R=0.62,high,8.0,3.0,8.0,3.0,10.815317046474942,5.768395309716959,0.09246145958577627,0.1733584378857467,8.861670625936434,9.838982375658679,8.458780307687263,8.999775740633165,688.52446762101,367.2274508998234,914.6569981363771,152.4428330227295,144.46302503301322,1.042662600243011,2.739547703021439,0.9546181494946829,52.30381117951696,523.0381117951696,1046.0762235903392,OK,OK,True,329,2,9.838982375658679,8.861670625936434,688.52446762101,463
12.0,6,0.5,100.0,0.1,0.6000000000000001,0.01,0.005,solid_sphere,15.395846399999996,15.395846399999996,R=0.62,high,8.0,3.0,8.0,3.0,10.815317046474942,5.768395309716959,0.09246145958577627,0.1733584378857467,8.861670625936434,9.838982375658679,8.459746652061963,9.072385179966684,688.52446762101,734.4549017996468,914.6569981363771,152.4428330227295,144.46302503301322,1.042662600243011,2.742022244449459,0.9555265435699977,52.30381117951696,523.0381117951696,1046.0762235903392,OK,OK,True,328,2,9.838982375658679,8.861670625936434,734.4549017996468,464
12.0,6,0.75,100.0,0.1,0.6000000000000001,0.02,0.01,solid_sphere,15.395846399999996,15.395846399999996,R=0.62,high,8.0,3.0,8.0,3.0,10.815317046474942,3.85328535384448,0.09246145958577627,0.25951880231301455,8.851942375168736,8.95431607115709,8.205026158286634,13.07433630779212,344.262233810505,245.30776448318082,908.2394887078988,151.37324811798314,144.46777700830637,1.0353469648940061,5.999391535388486,0.9291279139562083,52.30398209104272,523.0398209104272,1046.0796418208545,OK,OK,True,347,2,13.07433630779212,8.851942375168736,344.262233810505,465
12.0,6,0.75,100.0,0.1,0.6000000000000001,0.02,0.005,solid_sphere,15.395846399999996,15.395846399999996,R=0.62,high,8.0,3.0,8.0,3.0,10.815317046474942,3.85328535384448,0.09246145958577627,0.25951880231301455,8.851942375168736,8.95431607115709,8.2053603832392,13.176350836455995,344.262233810505,490.61552896636164,908.2394887078988,151.37324811798314,144.46777700830637,1.0353469648940061,6.0033567538402215,0.9297420087567744,52.30398209104272,523.0398209104272,1046.0796418208545,OK,OK,True,346,2,13.176350836455995,8.851942375168736,490.61552896636164,466
12.0,6,0.75,100.0,0.1,0.6000000000000001,0.01,0.01,solid_sphere,15.395846399999996,15.395846399999996,R=0.62,high,8.0,3.0,8.0,3.0,10.815317046474942,3.85328535384448,0.09246145958577627,0.25951880231301455,8.861670625936434,9.838982375658679,8.205026158286634,13.07433630779212,688.52446762101,245.30776448318082,914.6569981363771,152.4428330227295,144.46302503301322,1.042662600243011,5.999391535388486,0.9291279139562083,52.30398209104272,523.0398209104272,1046.0796418208545,OK,OK,True,345,2,13.07433630779212,8.861670625936434,688.52446762101,467
12.0,6,0.75,100.0,0.1,0.6000000000000001,0.01,0.005,solid_sphere,15.395846399999996,15.395846399999996,R=0.62,high,8.0,3.0,8.0,3.0,10.815317046474942,3.85328535384448,0.09246145958577627,0.25951880231301455,8.861670625936434,9.838982375658679,8.2053603832392,13.176350836455995,688.52446762101,490.61552896636164,914.6569981363771,152.4428330227295,144.46302503301322,1.042662600243011,6.0033567538402215,0.9297420087567744,52.30398209104272,523.0398209104272,1046.0796418208545,OK,OK,True,344,2,13.176350836455995,8.861670625936434,688.52446762101,468
12.0,6,1.0,100.0,0.1,0.6000000000000001,0.02,0.01,solid_sphere,15.395846399999996,15.395846399999996,R=0.62,high,8.0,3.0,8.0,3.0,10.815317046474942,2.898031808565786,0.09246145958577627,0.3450617750447993,8.851942375168736,8.95431607115709,8.107378114872155,17.219876623065787,344.262233810505,184.49443502831608,908.2394887078988,151.37324811798314,144.46777700830637,1.0353469648940061,10.62319903357381,0.9254354826491383,52.30422133524884,523.0422133524884,1046.0844267049767,OK,OK,True,363,2,17.219876623065787,8.851942375168736,344.262233810505,469
12.0,6,1.0,100.0,0.1,0.6000000000000001,0.02,0.005,solid_sphere,15.395846399999996,15.395846399999996,R=0.62,high,8.0,3.0,8.0,3.0,10.815317046474942,2.898031808565786,0.09246145958577627,0.3450617750447993,8.851942375168736,8.95431607115709,8.10755570928013,17.355843059295037,344.262233810505,368.98887005663215,908.2394887078988,151.37324811798314,144.46777700830637,1.0353469648940061,10.63082903079934,0.9261001666245308,52.30422133524884,523.0422133524884,1046.0844267049767,OK,OK,True,362,2,17.355843059295037,8.851942375168736,368.98887005663215,470
12.0,6,1.0,100.0,0.1,0.6000000000000001,0.01,0.01,solid_sphere,15.395846399999996,15.395846399999996,R=0.62,high,8.0,3.0,8.0,3.0,10.815317046474942,2.898031808565786,0.09246145958577627,0.3450617750447993,8.861670625936434,9.838982375658679,8.107378114872155,17.219876623065787,688.52446762101,184.49443502831608,914.6569981363771,152.4428330227295,144.46302503301322,1.042662600243011,10.62319903357381,0.9254354826491383,52.30422133524884,523.0422133524884,1046.0844267049767,OK,OK,True,361,2,17.219876623065787,8.861670625936434,688.52446762101,471
12.0,6,1.0,100.0,0.1,0.6000000000000001,0.01,0.005,solid_sphere,15.395846399999996,15.395846399999996,R=0.62,high,8.0,3.0,8.0,3.0,10.815317046474942,2.898031808565786,0.09246145958577627,0.3450617750447993,8.861670625936434,9.838982375658679,8.10755570928013,17.355843059295037,688.52446762101,368.98887005663215,914.6569981363771,152.4428330227295,144.46302503301322,1.042662600243011,10.63082903079934,0.9261001666245308,52.30422133524884,523.0422133524884,1046.0844267049767,OK,OK,True,360,2,17.355843059295037,8.861670625936434,688.52446762101,472
12.0,6,1.25,100.0,0.1,0.6000000000000001,0.02,0.01,solid_sphere,15.395846399999996,15.395846399999996,R=0.62,high,8.0,3.0,8.0,3.0,10.815317046474942,2.326716538629906,0.09246145958577627,0.4297902144061146,8.851942375168736,8.95431607115709,8.074827216489876,21.301048153525024,344.262233810505,148.12337531864574,908.2394887078988,151.37324811798314,144.46777700830637,1.0353469648940061,16.514045814670094,0.9207130265413691,52.30452888019772,523.0452888019772,1046.0905776039544,OK,OK,True,379,2,21.301048153525024,8.851942375168736,344.262233810505,473
12.0,6,1.25,100.0,0.1,0.6000000000000001,0.02,0.005,solid_sphere,15.395846399999996,15.395846399999996,R=0.62,high,8.0,3.0,8.0,3.0,10.815317046474942,2.326716538629906,0.09246145958577627,0.4297902144061146,8.851942375168736,8.95431607115709,8.074897354625913,21.476410456329795,344.262233810505,296.2467506372915,908.2394887078988,151.37324811798314,144.46777700830637,1.0353469648940061,16.52701005897119,0.9214358263168594,52.30452888019772,523.0452888019772,1046.0905776039544,OK,OK,True,378,2,21.476410456329795,8.851942375168736,344.262233810505,474
12.0,6,1.25,100.0,0.1,0.6000000000000001,0.01,0.01,solid_sphere,15.395846399999996,15.395846399999996,R=0.62,high,8.0,3.0,8.0,3.0,10.815317046474942,2.326716538629906,0.09246145958577627,0.4297902144061146,8.861670625936434,9.838982375658679,8.074827216489876,21.301048153525024,688.52446762101,148.12337531864574,914.6569981363771,152.4428330227295,144.46302503301322,1.042662600243011,16.514045814670094,0.9207130265413691,52.30452888019772,523.0452888019772,1046.0905776039544,OK,OK,True,377,2,21.301048153525024,8.861670625936434,688.52446762101,475
12.0,6,1.25,100.0,0.1,0.6000000000000001,0.01,0.005,solid_sphere,15.395846399999996,15.395846399999996,R=0.62,high,8.0,3.0,8.0,3.0,10.815317046474942,2.326716538629906,0.09246145958577627,0.4297902144061146,8.861670625936434,9.838982375658679,8.074897354625913,21.476410456329795,688.52446762101,296.2467506372915,914.6569981363771,152.4428330227295,144.46302503301322,1.042662600243011,16.52701005897119,0.9214358263168594,52.30452888019772,523.0452888019772,1046.0905776039544,OK,OK,True,376,2,21.476410456329795,8.861670625936434,688.52446762101,476
15.0,6,0.5,100.0,0.1,0.6000000000000001,0.02,0.01,solid_sphere,15.395846399999996,15.395846399999996,R=0.62,high,8.0,3.0,8.0,3.0,11.041349705715001,6.4492620168747266,0.09056863758987728,0.15505650063270246,8.92505409875696,8.327982357913957,8.567475124456235,8.151738339742915,351.45707681415723,410.57277171216765,910.1584655465545,151.69307759109242,144.44839265513326,1.0375345011884594,2.2204198032965374,0.9671546517453089,46.78195091188536,467.8195091188536,935.6390182377072,OK,OK,True,523,2,8.327982357913957,8.92505409875696,410.57277171216765,477
15.0,6,0.5,100.0,0.1,0.6000000000000001,0.02,0.005,solid_sphere,15.395846399999996,15.395846399999996,R=0.62,high,8.0,3.0,8.0,3.0,11.041349705715001,6.4492620168747266,0.09056863758987728,0.15505650063270246,8.92505409875696,8.327982357913957,8.568956089059363,8.216252547834841,351.45707681415723,821.1455434243353,910.1584655465545,151.69307759109242,144.44839265513326,1.0375345011884594,2.2230761893918234,0.96831170149107,46.78195091188536,467.8195091188536,935.6390182377072,OK,OK,True,522,2,8.327982357913957,8.92505409875696,821.1455434243353,478
15.0,6,0.5,100.0,0.1,0.6000000000000001,0.01,0.01,solid_sphere,15.395846399999996,15.395846399999996,R=0.62,high,8.0,3.0,8.0,3.0,11.041349705715001,6.4492620168747266,0.09056863758987728,0.15505650063270246,8.934374846018272,8.592381022208333,8.567475124456235,8.151738339742915,702.9141536283145,410.57277171216765,912.3272250220616,152.05453750367693,144.44585856637735,1.0400067770237083,2.2204198032965374,0.9671546517453089,46.78195091188536,467.8195091188536,935.6390182377072,OK,OK,True,521,2,8.592381022208333,8.934374846018272,702.9141536283145,479
15.0,6,0.5,100.0,0.1,0.6000000000000001,0.01,0.005,solid_sphere,15.395846399999996,15.395846399999996,R=0.62,high,8.0,3.0,8.0,3.0,11.041349705715001,6.4492620168747266,0.09056863758987728,0.15505650063270246,8.934374846018272,8.592381022208333,8.568956089059363,8.216252547834841,702.9141536283145,821.1455434243353,912.3272250220616,152.05453750367693,144.44585856637735,1.0400067770237083,2.2230761893918234,0.96831170149107,46.78195091188536,467.8195091188536,935.6390182377072,OK,OK,True,520,2,8.592381022208333,8.934374846018272,821.1455434243353,480
15.0,6,0.75,100.0,0.1,0.6000000000000001,0.02,0.01,solid_sphere,15.395846399999996,15.395846399999996,R=0.62,high,8.0,3.0,8.0,3.0,11.041349705715001,4.308103993959684,0.09056863758987728,0.23212067336398612,8.92505409875696,8.327982357913957,8.253016171761011,11.768747338437043,351.45707681415723,274.26241839704824,910.1584655465545,151.69307759109242,144.44839265513326,1.0375345011884594,4.823760501891827,0.9341102117981376,46.782103779801254,467.8210377980125,935.642075596025,OK,OK,True,539,2,11.768747338437043,8.92505409875696,351.45707681415723,481
15.0,6,0.75,100.0,0.1,0.6000000000000001,0.02,0.005,solid_sphere,15.395846399999996,15.395846399999996,R=0.62,high,8.0,3.0,8.0,3.0,11.041349705715001,4.308103993959684,0.09056863758987728,0.23212067336398612,8.92505409875696,8.327982357913957,8.253351521694652,11.862470458009199,351.45707681415723,548.5248367940965,910.1584655465545,151.69307759109242,144.44839265513326,1.0375345011884594,4.825222431022932,0.9344695524771219,46.782103779801254,467.8210377980125,935.642075596025,OK,OK,True,538,2,11.862470458009199,8.92505409875696,548.5248367940965,482
15.0,6,0.75,100.0,0.1,0.6000000000000001,0.01,0.01,solid_sphere,15.395846399999996,15.395846399999996,R=0.62,high,8.0,3.0,8.0,3.0,11.041349705715001,4.308103993959684,0.09056863758987728,0.23212067336398612,8.934374846018272,8.592381022208333,8.253016171761011,11.768747338437043,702.9141536283145,274.26241839704824,912.3272250220616,152.05453750367693,144.44585856637735,1.0400067770237083,4.823760501891827,0.9341102117981376,46.782103779801254,467.8210377980125,935.642075596025,OK,OK,True,537,2,11.768747338437043,8.934374846018272,702.9141536283145,483
15.0,6,0.75,100.0,0.1,0.6000000000000001,0.01,0.005,solid_sphere,15.395846399999996,15.395846399999996,R=0.62,high,8.0,3.0,8.0,3.0,11.041349705715001,4.308103993959684,0.09056863758987728,0.23212067336398612,8.934374846018272,8.592381022208333,8.253351521694652,11.862470458009199,702.9141536283145,548.5248367940965,912.3272250220616,152.05453750367693,144.44585856637735,1.0400067770237083,4.825222431022932,0.9344695524771219,46.782103779801254,467.8210377980125,935.642075596025,OK,OK,True,536,2,11.862470458009199,8.934374846018272,702.9141536283145,484
15.0,6,1.0,100.0,0.1,0.6000000000000001,0.02,0.01,solid_sphere,15.395846399999996,15.395846399999996,R=0.62,high,8.0,3.0,8.0,3.0,11.041349705715001,3.2400980624568527,0.09056863758987728,0.3086326341745765,8.92505409875696,8.327982357913957,8.145138983485907,15.456230891828897,351.45707681415723,206.27104909699233,910.1584655465545,151.69307759109242,144.44839265513326,1.0375345011884594,8.441768525362816,0.9193427307363901,46.782317766324475,467.82317766324473,935.6463553264895,OK,OK,True,555,2,15.456230891828897,8.92505409875696,351.45707681415723,485
15.0,6,1.0,100.0,0.1,0.6000000000000001,0.02,0.005,solid_sphere,15.395846399999996,15.395846399999996,R=0.62,high,8.0,3.0,8.0,3.0,11.041349705715001,3.2400980624568527,0.09056863758987728,0.3086326341745765,8.92505409875696,8.327982357913957,8.145324520089758,15.577883062337836,351.45707681415723,412.54209819398466,910.1584655465545,151.69307759109242,144.44839265513326,1.0375345011884594,8.446162291457732,0.919729811616194,46.782317766324475,467.82317766324473,935.6463553264895,OK,OK,True,554,2,15.577883062337836,8.92505409875696,412.54209819398466,486
15.0,6,1.0,100.0,0.1,0.6000000000000001,0.01,0.01,solid_sphere,15.395846399999996,15.395846399999996,R=0.62,high,8.0,3.0,8.0,3.0,11.041349705715001,3.2400980624568527,0.09056863758987728,0.3086326341745765,8.934374846018272,8.592381022208333,8.145138983485907,15.456230891828897,702.9141536283145,206.27104909699233,912.3272250220616,152.05453750367693,144.44585856637735,1.0400067770237083,8.441768525362816,0.9193427307363901,46.782317766324475,467.82317766324473,935.6463553264895,OK,OK,True,553,2,15.456230891828897,8.934374846018272,702.9141536283145,487
15.0,6,1.0,100.0,0.1,0.6000000000000001,0.01,0.005,solid_sphere,15.395846399999996,15.395846399999996,R=0.62,high,8.0,3.0,8.0,3.0,11.041349705715001,3.2400980624568527,0.09056863758987728,0.3086326341745765,8.934374846018272,8.592381022208333,8.145324520089758,15.577883062337836,702.9141536283145,412.54209819398466,912.3272250220616,152.05453750367693,144.44585856637735,1.0400067770237083,8.446162291457732,0.919729811616194,46.782317766324475,467.82317766324473,935.6463553264895,OK,OK,True,552,2,15.577883062337836,8.934374846018272,702.9141536283145,488
15.0,6,1.25,100.0,0.1,0.6000000000000001,0.02,0.01,solid_sphere,15.395846399999996,15.395846399999996,R=0.62,high,8.0,3.0,8.0,3.0,11.041349705715001,2.6013481723727767,0.09056863758987728,0.3844160541908031,8.92505409875696,8.327982357913957,8.089622463615354,19.13168620279973,351.45707681415723,165.60696813447808,910.1584655465545,151.69307759109242,144.44839265513326,1.0375345011884594,13.170196196174953,0.9178528490238199,46.782592842889215,467.82592842889215,935.6518568577843,OK,OK,True,571,2,19.13168620279973,8.92505409875696,351.45707681415723,489
15.0,6,1.25,100.0,0.1,0.6000000000000001,0.02,0.005,solid_sphere,15.395846399999996,15.395846399999996,R=0.62,high,8.0,3.0,8.0,3.0,11.041349705715001,2.6013481723727767,0.09056863758987728,0.3844160541908031,8.92505409875696,8.327982357913957,8.08969275220012,19.28049484337241,351.45707681415723,331.21393626895616,910.1584655465545,151.69307759109242,144.44839265513326,1.0375345011884594,13.178505518832827,0.918431939521895,46.782592842889215,467.82592842889215,935.6518568577843,OK,OK,True,570,2,19.28049484337241,8.92505409875696,351.45707681415723,490
15.0,6,1.25,100.0,0.1,0.6000000000000001,0.01,0.01,solid_sphere,15.395846399999996,15.395846399999996,R=0.62,high,8.0,3.0,8.0,3.0,11.041349705715001,2.6013481723727767,0.09056863758987728,0.3844160541908031,8.934374846018272,8.592381022208333,8.089622463615354,19.13168620279973,702.9141536283145,165.60696813447808,912.3272250220616,152.05453750367693,144.44585856637735,1.0400067770237083,13.170196196174953,0.9178528490238199,46.782592842889215,467.82592842889215,935.6518568577843,OK,OK,True,569,2,19.13168620279973,8.934374846018272,702.9141536283145,491
15.0,6,1.25,100.0,0.1,0.6000000000000001,0.01,0.005,solid_sphere,15.395846399999996,15.395846399999996,R=0.62,high,8.0,3.0,8.0,3.0,11.041349705715001,2.6013481723727767,0.09056863758987728,0.3844160541908031,8.934374846018272,8.592381022208333,8.08969275220012,19.28049484337241,702.9141536283145,331.21393626895616,912.3272250220616,152.05453750367693,144.44585856637735,1.0400067770237083,13.178505518832827,0.918431939521895,46.782592842889215,467.82592842889215,935.6518568577843,OK,OK,True,568,2,19.28049484337241,8.934374846018272,702.9141536283145,492
18.0,6,0.5,100.0,0.1,0.6000000000000001,0.02,0.01,solid_sphere,15.395846399999996,15.395846399999996,R=0.62,high,8.0,3.0,8.0,3.0,11.281309873841153,7.064812571727156,0.08864218882230844,0.14154657180884375,8.99854946349098,7.606758655777422,8.678829894711072,7.532316601869186,359.09524619464514,449.7599371232569,909.3783168075435,151.56305280125724,144.4073861626009,1.0366451711833853,1.870981449822926,0.9806956991254671,42.70588299756497,427.0588299756497,854.1176599512994,OK,OK,True,715,2,7.606758655777422,8.99854946349098,449.7599371232569,493
18.0,6,0.5,100.0,0.1,0.6000000000000001,0.02,0.005,solid_sphere,15.395846399999996,15.395846399999996,R=0.62,high,8.0,3.0,8.0,3.0,11.281309873841153,7.064812571727156,0.08864218882230844,0.14154657180884375,8.99854946349098,7.606758655777422,8.680598565215787,7.591381394239088,359.09524619464514,899.5198742465138,909.3783168075435,151.56305280125724,144.4073861626009,1.0366451711833853,1.8739354226637002,0.9831419499284343,42.70588299756497,427.0588299756497,854.1176599512994,OK,OK,True,714,2,7.606758655777422,8.99854946349098,899.5198742465138,494
18.0,6,0.5,100.0,0.1,0.6000000000000001,0.01,0.01,solid_sphere,15.395846399999996,15.395846399999996,R=0.62,high,8.0,3.0,8.0,3.0,11.281309873841153,7.064812571727156,0.08864218882230844,0.14154657180884375,9.007757357937622,8.158613512940246,8.678829894711072,7.532316601869186,718.1904923892903,449.7599371232569,915.207158401219,152.53452640020316,144.40431525454645,1.0432897550490852,1.870981449822926,0.9806956991254671,42.70588299756497,427.0588299756497,854.1176599512994,OK,OK,True,713,2,8.158613512940246,9.007757357937622,718.1904923892903,495
18.0,6,0.5,100.0,0.1,0.6000000000000001,0.01,0.005,solid_sphere,15.395846399999996,15.395846399999996,R=0.62,high,8.0,3.0,8.0,3.0,11.281309873841153,7.064812571727156,0.08864218882230844,0.14154657180884375,9.007757357937622,8.158613512940246,8.680598565215787,7.591381394239088,718.1904923892903,899.5198742465138,915.207158401219,152.53452640020316,144.40431525454645,1.0432897550490852,1.8739354226637002,0.9831419499284343,42.70588299756497,427.0588299756497,854.1176599512994,OK,OK,True,712,2,8.158613512940246,9.007757357937622,899.5198742465138,496
18.0,6,0.75,100.0,0.1,0.6000000000000001,0.02,0.01,solid_sphere,15.395846399999996,15.395846399999996,R=0.62,high,8.0,3.0,8.0,3.0,11.281309873841153,4.719291475119665,0.08864218882230844,0.21189621477546977,8.99854946349098,7.606758655777422,8.30767235490394,10.807693709171332,359.09524619464514,300.4394264626948,909.3783168075435,151.56305280125724,144.4073861626009,1.0366451711833853,4.062869774207712,0.9438271437323937,42.70602254624139,427.06022546241394,854.1204509248279,OK,OK,True,731,2,10.807693709171332,8.99854946349098,359.09524619464514,497
18.0,6,0.75,100.0,0.1,0.6000000000000001,0.02,0.005,solid_sphere,15.395846399999996,15.395846399999996,R=0.62,high,8.0,3.0,8.0,3.0,11.281309873841153,4.719291475119665,0.08864218882230844,0.21189621477546977,8.99854946349098,7.606758655777422,8.308193187317444,10.895257786846834,359.09524619464514,600.8788529253897,909.3783168075435,151.56305280125724,144.4073861626009,1.0366451711833853,4.064960116694972,0.9443127418659341,42.70602254624139,427.06022546241394,854.1204509248279,OK,OK,True,730,2,10.895257786846834,8.99854946349098,600.8788529253897,498
18.0,6,0.75,100.0,0.1,0.6000000000000001,0.01,0.01,solid_sphere,15.395846399999996,15.395846399999996,R=0.62,high,8.0,3.0,8.0,3.0,11.281309873841153,4.719291475119665,0.08864218882230844,0.21189621477546977,9.007757357937622,8.158613512940246,8.30767235490394,10.807693709171332,718.1904923892903,300.4394264626948,915.207158401219,152.53452640020316,144.40431525454645,1.0432897550490852,4.062869774207712,0.9438271437323937,42.70602254624139,427.06022546241394,854.1204509248279,OK,OK,True,729,2,10.807693709171332,9.007757357937622,718.1904923892903,499
18.0,6,0.75,100.0,0.1,0.6000000000000001,0.01,0.005,solid_sphere,15.395846399999996,15.395846399999996,R=0.62,high,8.0,3.0,8.0,3.0,11.281309873841153,4.719291475119665,0.08864218882230844,0.21189621477546977,9.007757357937622,8.158613512940246,8.308193187317444,10.895257786846834,718.1904923892903,600.8788529253897,915.207158401219,152.53452640020316,144.40431525454645,1.0432897550490852,4.064960116694972,0.9443127418659341,42.70602254624139,427.06022546241394,854.1204509248279,OK,OK,True,728,2,10.895257786846834,9.007757357937622,718.1904923892903,500
18.0,6,1.0,100.0,0.1,0.6000000000000001,0.02,0.01,solid_sphere,15.395846399999996,15.395846399999996,R=0.62,high,8.0,3.0,8.0,3.0,11.281309873841153,3.5493495946618365,0.08864218882230844,0.28174175953362934,8.99854946349098,7.606758655777422,8.170412221246504,14.159784956402653,359.09524619464514,225.95861310065854,909.3783168075435,151.56305280125724,144.4073861626009,1.0366451711833853,7.139434131423747,0.932923168958994,42.70621788831769,427.0621788831769,854.1243577663538,OK,OK,True,747,2,14.159784956402653,8.99854946349098,359.09524619464514,501
18.0,6,1.0,100.0,0.1,0.6000000000000001,0.02,0.005,solid_sphere,15.395846399999996,15.395846399999996,R=0.62,high,8.0,3.0,8.0,3.0,11.281309873841153,3.5493495946618365,0.08864218882230844,0.28174175953362934,8.99854946349098,7.606758655777422,8.170598508573429,14.273102066163002,359.09524619464514,451.9172262013171,909.3783168075435,151.56305280125724,144.4073861626009,1.0366451711833853,7.1430367497998635,0.9333939298190465,42.70621788831769,427.0621788831769,854.1243577663538,OK,OK,True,746,2,14.273102066163002,8.99854946349098,451.9172262013171,502
18.0,6,1.0,100.0,0.1,0.6000000000000001,0.01,0.01,solid_sphere,15.395846399999996,15.395846399999996,R=0.62,high,8.0,3.0,8.0,3.0,11.281309873841153,3.5493495946618365,0.08864218882230844,0.28174175953362934,9.007757357937622,8.158613512940246,8.170412221246504,14.159784956402653,718.1904923892903,225.95861310065854,915.207158401219,152.53452640020316,144.40431525454645,1.0432897550490852,7.139434131423747,0.932923168958994,42.70621788831769,427.0621788831769,854.1243577663538,OK,OK,True,745,2,14.159784956402653,9.007757357937622,718.1904923892903,503
18.0,6,1.0,100.0,0.1,0.6000000000000001,0.01,0.005,solid_sphere,15.395846399999996,15.395846399999996,R=0.62,high,8.0,3.0,8.0,3.0,11.281309873841153,3.5493495946618365,0.08864218882230844,0.28174175953362934,9.007757357937622,8.158613512940246,8.170598508573429,14.273102066163002,718.1904923892903,451.9172262013171,915.207158401219,152.53452640020316,144.40431525454645,1.0432897550490852,7.1430367497998635,0.9333939298190465,42.70621788831769,427.0621788831769,854.1243577663538,OK,OK,True,744,2,14.273102066163002,9.007757357937622,718.1904923892903,504
18.0,6,1.25,100.0,0.1,0.6000000000000001,0.02,0.01,solid_sphere,15.395846399999996,15.395846399999996,R=0.62,high,8.0,3.0,8.0,3.0,11.281309873841153,2.849634147878607,0.08864218882230844,0.35092224057759974,8.99854946349098,7.606758655777422,8.099519809965269,17.488774554463806,359.09524619464514,181.41334425533657,909.3783168075435,151.56305280125724,144.4073861626009,1.0366451711833853,10.989195046880681,0.9190263074611431,42.70646899771694,427.0646899771694,854.1293799543388,OK,OK,True,763,2,17.488774554463806,8.99854946349098,359.09524619464514,505
18.0,6,1.25,100.0,0.1,0.6000000000000001,0.02,0.005,solid_sphere,15.395846399999996,15.395846399999996,R=0.62,high,8.0,3.0,8.0,3.0,11.281309873841153,2.849634147878607,0.08864218882230844,0.35092224057759974,8.99854946349098,7.606758655777422,8.099588824531123,17.631853860717694,359.09524619464514,362.82668851067314,909.3783168075435,151.56305280125724,144.4073861626009,1.0366451711833853,10.99445491398949,0.9194661901118852,42.70646899771694,427.0646899771694,854.1293799543388,OK,OK,True,762,2,17.631853860717694,8.99854946349098,362.82668851067314,506
18.0,6,1.25,100.0,0.1,0.6000000000000001,0.01,0.01,solid_sphere,15.395846399999996,15.395846399999996,R=0.62,high,8.0,3.0,8.0,3.0,11.281309873841153,2.849634147878607,0.08864218882230844,0.35092224057759974,9.007757357937622,8.158613512940246,8.099519809965269,17.488774554463806,718.1904923892903,181.41334425533657,915.207158401219,152.53452640020316,144.40431525454645,1.0432897550490852,10.989195046880681,0.9190263074611431,42.70646899771694,427.0646899771694,854.1293799543388,OK,OK,True,761,2,17.488774554463806,9.007757357937622,718.1904923892903,507
18.0,6,1.25,100.0,0.1,0.6000000000000001,0.01,0.005,solid_sphere,15.395846399999996,15.395846399999996,R=0.62,high,8.0,3.0,8.0,3.0,11.281309873841153,2.849634147878607,0.08864218882230844,0.35092224057759974,9.007757357937622,8.158613512940246,8.099588824531123,17.631853860717694,718.1904923892903,362.82668851067314,915.207158401219,152.53452640020316,144.40431525454645,1.0432897550490852,10.99445491398949,0.9194661901118852,42.70646899771694,427.0646899771694,854.1293799543388,OK,OK,True,760,2,17.631853860717694,9.007757357937622,718.1904923892903,508
10.0,6,0.5,100.0,0.1,0.6000000000000001,0.02,0.01,rectangular_box,20.909478749999995,38.069615999999996,"a=1.78, b=1.19, c=0.47",high,8.0,3.0,8.0,3.0,10.646857141780602,8.238107853760326,0.09392443109580015,0.12138709734706192,9.15953418867251,15.43725177437199,8.919732468108124,6.552718561526885,338.89998850152625,524.4542346600482,951.8932903320147,158.64888172200244,144.34708524886457,1.0851100852819033,3.438731837042344,1.0001439914910684,57.29586576284423,572.9586576284423,1145.9173152568846,OK,OK,True,143,4,15.43725177437199,9.15953418867251,524.4542346600482,509
10.0,6,0.5,100.0,0.1,0.6000000000000001,0.01,0.01,rectangular_box,20.909478749999995,38.069615999999996,"a=1.78, b=1.19, c=0.47",high,8.0,3.0,8.0,3.0,10.646857141780602,8.238107853760326,0.09392443109580015,0.12138709734706192,9.45358453354667,15.84663907915615,8.919732468108124,6.552718561526885,677.7999770030525,524.4542346600482,955.933565852247,159.32226097537452,144.22953449362134,1.0897157945130218,3.438731837042344,1.0001439914910684,57.29586576284423,572.9586576284423,1145.9173152568846,OK,OK,True,141,4,15.84663907915615,9.45358453354667,677.7999770030525,510
10.0,6,0.5,100.0,0.1,0.6000000000000001,0.02,0.005,rectangular_box,20.909478749999995,38.069615999999996,"a=1.78, b=1.19, c=0.47",high,8.0,3.0,8.0,3.0,10.646857141780602,8.238107853760326,0.09392443109580015,0.12138709734706192,9.15953418867251,15.43725177437199,9.472430105037263,6.605887073326786,338.89998850152625,1048.9084693200964,951.8932903320147,158.64888172200244,144.34708524886457,1.0851100852819033,3.446633823094081,1.002464585992424,57.29586576284423,572.9586576284423,1145.9173152568846,OK,OK,True,142,4,15.43725177437199,9.472430105037263,1048.9084693200964,511
10.0,6,0.5,100.0,0.1,0.6000000000000001,0.01,0.005,rectangular_box,20.909478749999995,38.069615999999996,"a=1.78, b=1.19, c=0.47",high,8.0,3.0,8.0,3.0,10.646857141780602,8.238107853760326,0.09392443109580015,0.12138709734706192,9.45358453354667,15.84663907915615,9.472430105037263,6.605887073326786,677.7999770030525,1048.9084693200964,955.933565852247,159.32226097537452,144.22953449362134,1.0897157945130218,3.446633823094081,1.002464585992424,57.29586576284423,572.9586576284423,1145.9173152568846,OK,OK,True,140,4,15.84663907915615,9.472430105037263,1048.9084693200964,512
10.0,6,0.75,100.0,0.1,0.6000000000000001,0.02,0.01,rectangular_box,20.909478749999995,38.069615999999996,"a=1.78, b=1.19, c=0.47",high,8.0,3.0,8.0,3.0,10.646857141780602,5.496444890637705,0.09392443109580015,0.1819357821095116,9.15953418867251,15.43725177437199,8.419140153547493,9.294261591443973,338.89998850152625,349.9145495108732,951.8932903320147,158.64888172200244,144.34708524886457,1.0851100852819033,7.321290422223911,0.9459225039360457,57.295942139935185,572.9594213993519,1145.9188427987037,OK,OK,True,159,4,15.43725177437199,9.15953418867251,349.9145495108732,513
10.0,6,0.75,100.0,0.1,0.6000000000000001,0.02,0.005,rectangular_box,20.909478749999995,38.069615999999996,"a=1.78, b=1.19, c=0.47",high,8.0,3.0,8.0,3.0,10.646857141780602,5.496444890637705,0.09392443109580015,0.1819357821095116,9.15953418867251,15.43725177437199,8.442603454453142,9.36762065694708,338.89998850152625,699.8290990217464,951.8932903320147,158.64888172200244,144.34708524886457,1.0851100852819033,7.331767988009522,0.9468556235293547,57.295942139935185,572.9594213993519,1145.9188427987037,OK,OK,True,158,4,15.43725177437199,9.15953418867251,699.8290990217464,514
10.0,6,0.75,100.0,0.1,0.6000000000000001,0.01,0.01,rectangular_box,20.909478749999995,38.069615999999996,"a=1.78, b=1.19, c=0.47",high,8.0,3.0,8.0,3.0,10.646857141780602,5.496444890637705,0.09392443109580015,0.1819357821095116,9.45358453354667,15.84663907915615,8.419140153547493,9.294261591443973,677.7999770030525,349.9145495108732,955.933565852247,159.32226097537452,144.22953449362134,1.0897157945130218,7.321290422223911,0.9459225039360457,57.295942139935185,572.9594213993519,1145.9188427987037,OK,OK,True,157,4,15.84663907915615,9.45358453354667,677.7999770030525,515
10.0,6,0.75,100.0,0.1,0.6000000000000001,0.01,0.005,rectangular_box,20.909478749999995,38.069615999999996,"a=1.78, b=1.19, c=0.47",high,8.0,3.0,8.0,3.0,10.646857141780602,5.496444890637705,0.09392443109580015,0.1819357821095116,9.45358453354667,15.84663907915615,8.442603454453142,9.36762065694708,677.7999770030525,699.8290990217464,955.933565852247,159.32226097537452,144.22953449362134,1.0897157945130218,7.331767988009522,0.9468556235293547,57.295942139935185,572.9594213993519,1145.9188427987037,OK,OK,True,156,4,15.84663907915615,9.45358453354667,699.8290990217464,516
10.0,6,1.0,100.0,0.1,0.6000000000000001,0.02,0.01,rectangular_box,20.909478749999995,38.069615999999996,"a=1.78, b=1.19, c=0.47",high,8.0,3.0,8.0,3.0,10.646857141780602,4.126923910184253,0.09392443109580015,0.24231122786931958,9.15953418867251,15.43725177437199,8.238554653004554,12.12811816389629,338.89998850152625,262.7281360279828,951.8932903320147,158.64888172200244,144.34708524886457,1.0851100852819033,12.807758339673223,0.9297853674827841,57.29604906204668,572.9604906204668,1145.9209812409335,OK,OK,True,175,4,15.43725177437199,9.15953418867251,338.89998850152625,517
10.0,6,1.0,100.0,0.1,0.6000000000000001,0.02,0.005,rectangular_box,20.909478749999995,38.069615999999996,"a=1.78, b=1.19, c=0.47",high,8.0,3.0,8.0,3.0,10.646857141780602,4.126923910184253,0.09392443109580015,0.24231122786931958,9.15953418867251,15.43725177437199,8.23889318229943,12.225555318524268,338.89998850152625,525.4562720559657,951.8932903320147,158.64888172200244,144.34708524886457,1.0851100852819033,12.81456333472515,0.9302793793666183,57.29604906204668,572.9604906204668,1145.9209812409335,OK,OK,True,174,4,15.43725177437199,9.15953418867251,525.4562720559657,518
10.0,6,1.0,100.0,0.1,0.6000000000000001,0.01,0.005,rectangular_box,20.909478749999995,38.069615999999996,"a=1.78, b=1.19, c=0.47",high,8.0,3.0,8.0,3.0,10.646857141780602,4.126923910184253,0.09392443109580015,0.24231122786931958,9.45358453354667,15.84663907915615,8.23889318229943,12.225555318524268,677.7999770030525,525.4562720559657,955.933565852247,159.32226097537452,144.22953449362134,1.0897157945130218,12.81456333472515,0.9302793793666183,57.29604906204668,572.9604906204668,1145.9209812409335,OK,OK,True,172,4,15.84663907915615,9.45358453354667,677.7999770030525,519
10.0,6,1.0,100.0,0.1,0.6000000000000001,0.01,0.01,rectangular_box,20.909478749999995,38.069615999999996,"a=1.78, b=1.19, c=0.47",high,8.0,3.0,8.0,3.0,10.646857141780602,4.126923910184253,0.09392443109580015,0.24231122786931958,9.45358453354667,15.84663907915615,8.238554653004554,12.12811816389629,677.7999770030525,262.7281360279828,955.933565852247,159.32226097537452,144.22953449362134,1.0897157945130218,12.807758339673223,0.9297853674827841,57.29604906204668,572.9604906204668,1145.9209812409335,OK,OK,True,173,4,15.84663907915615,9.45358453354667,677.7999770030525,520
10.0,6,1.25,100.0,0.1,0.6000000000000001,0.02,0.01,rectangular_box,20.909478749999995,38.069615999999996,"a=1.78, b=1.19, c=0.47",high,8.0,3.0,8.0,3.0,10.646857141780602,3.306258587630482,0.09392443109580015,0.30245668131985903,9.15953418867251,15.43725177437199,8.153520250076324,14.989774547604979,338.89998850152625,210.48295894456788,951.8932903320147,158.64888172200244,144.34708524886457,1.0851100852819033,19.936368413929426,0.9262657531367746,57.29618652336231,572.961865233623,1145.923730467246,OK,OK,True,191,4,15.43725177437199,9.15953418867251,338.89998850152625,521
10.0,6,1.25,100.0,0.1,0.6000000000000001,0.02,0.005,rectangular_box,20.909478749999995,38.069615999999996,"a=1.78, b=1.19, c=0.47",high,8.0,3.0,8.0,3.0,10.646857141780602,3.306258587630482,0.09392443109580015,0.30245668131985903,9.15953418867251,15.43725177437199,8.153703581596341,15.105191969175204,338.89998850152625,420.96591788913577,951.8932903320147,158.64888172200244,144.34708524886457,1.0851100852819033,19.94722499067375,0.9267701617143942,57.29618652336231,572.961865233623,1145.923730467246,OK,OK,True,190,4,15.43725177437199,9.15953418867251,420.96591788913577,522
10.0,6,1.25,100.0,0.1,0.6000000000000001,0.01,0.005,rectangular_box,20.909478749999995,38.069615999999996,"a=1.78, b=1.19, c=0.47",high,8.0,3.0,8.0,3.0,10.646857141780602,3.306258587630482,0.09392443109580015,0.30245668131985903,9.45358453354667,15.84663907915615,8.153703581596341,15.105191969175204,677.7999770030525,420.96591788913577,955.933565852247,159.32226097537452,144.22953449362134,1.0897157945130218,19.94722499067375,0.9267701617143942,57.29618652336231,572.961865233623,1145.923730467246,OK,OK,True,188,4,15.84663907915615,9.45358453354667,677.7999770030525,523
10.0,6,1.25,100.0,0.1,0.6000000000000001,0.01,0.01,rectangular_box,20.909478749999995,38.069615999999996,"a=1.78, b=1.19, c=0.47",high,8.0,3.0,8.0,3.0,10.646857141780602,3.306258587630482,0.09392443109580015,0.30245668131985903,9.45358453354667,15.84663907915615,8.153520250076324,14.989774547604979,677.7999770030525,210.48295894456788,955.933565852247,159.32226097537452,144.22953449362134,1.0897157945130218,19.936368413929426,0.9262657531367746,57.29618652336231,572.961865233623,1145.923730467246,OK,OK,True,189,4,15.84663907915615,9.45358453354667,677.7999770030525,524
12.0,6,0.5,100.0,0.1,0.6000000000000001,0.02,0.01,rectangular_box,20.909478749999995,38.069615999999996,"a=1.78, b=1.19, c=0.47",high,8.0,3.0,8.0,3.0,10.787747723503774,9.024395004999523,0.09269775541944246,0.11081075234916014,9.240417885218958,13.513730674824144,9.09155290429822,6.094241514036974,343.38467500479334,574.5108293837934,945.3051279913473,157.55085466522453,144.31054714404596,1.0775999142659494,2.917697219309878,1.0221163988976896,52.30373021682956,523.0373021682956,1046.0746043365912,OK,OK,True,335,4,13.513730674824144,9.240417885218958,574.5108293837934,525
12.0,6,0.5,100.0,0.1,0.6000000000000001,0.01,0.01,rectangular_box,20.909478749999995,38.069615999999996,"a=1.78, b=1.19, c=0.47",high,8.0,3.0,8.0,3.0,10.787747723503774,9.024395004999523,0.09269775541944246,0.11081075234916014,9.256657328515427,13.861070407603592,9.09155290429822,6.094241514036974,686.7693500095867,574.5108293837934,948.9119699056112,158.15199498426853,144.3054904661223,1.0817115311634906,2.917697219309878,1.0221163988976896,52.30373021682956,523.0373021682956,1046.0746043365912,OK,OK,True,333,4,13.861070407603592,9.256657328515427,686.7693500095867,526
12.0,6,0.5,100.0,0.1,0.6000000000000001,0.02,0.005,rectangular_box,20.909478749999995,38.069615999999996,"a=1.78, b=1.19, c=0.47",high,8.0,3.0,8.0,3.0,10.787747723503774,9.024395004999523,0.09269775541944246,0.11081075234916014,9.240417885218958,13.513730674824144,9.676217423882076,6.144654821967893,343.38467500479334,1149.0216587675868,945.3051279913473,157.55085466522453,144.31054714404596,1.0775999142659494,2.924068751879493,1.0243484495307755,52.30373021682956,523.0373021682956,1046.0746043365912,OK,OK,True,334,4,13.513730674824144,9.676217423882076,1149.0216587675868,527
12.0,6,0.5,100.0,0.1,0.6000000000000001,0.01,0.005,rectangular_box,20.909478749999995,38.069615999999996,"a=1.78, b=1.19, c=0.47",high,8.0,3.0,8.0,3.0,10.787747723503774,9.024395004999523,0.09269775541944246,0.11081075234916014,9.256657328515427,13.861070407603592,9.676217423882076,6.144654821967893,686.7693500095867,1149.0216587675868,948.9119699056112,158.15199498426853,144.3054904661223,1.0817115311634906,2.924068751879493,1.0243484495307755,52.30373021682956,523.0373021682956,1046.0746043365912,OK,OK,True,332,4,13.861070407603592,9.676217423882076,1149.0216587675868,528
12.0,6,0.75,100.0,0.1,0.6000000000000001,0.02,0.01,rectangular_box,20.909478749999995,38.069615999999996,"a=1.78, b=1.19, c=0.47",high,8.0,3.0,8.0,3.0,10.787747723503774,6.021053705340828,0.09269775541944246,0.16608388646541627,9.240417885218958,13.513730674824144,8.5018037488158,8.561986631883709,343.38467500479334,383.31218393070606,945.3051279913473,157.55085466522453,144.31054714404596,1.0775999142659494,6.188415912827112,0.9584021869321342,52.30379993925554,523.0379993925554,1046.0759987851109,OK,OK,True,351,4,13.513730674824144,9.240417885218958,383.31218393070606,529
12.0,6,0.75,100.0,0.1,0.6000000000000001,0.02,0.005,rectangular_box,20.909478749999995,38.069615999999996,"a=1.78, b=1.19, c=0.47",high,8.0,3.0,8.0,3.0,10.787747723503774,6.021053705340828,0.09269775541944246,0.16608388646541627,9.240417885218958,13.513730674824144,8.652119595468168,8.631209726919828,343.38467500479334,766.6243678614121,945.3051279913473,157.55085466522453,144.31054714404596,1.0775999142659494,6.193974482960262,0.959325851376602,52.30379993925554,523.0379993925554,1046.0759987851109,OK,OK,True,350,4,13.513730674824144,9.240417885218958,766.6243678614121,530
12.0,6,0.75,100.0,0.1,0.6000000000000001,0.01,0.01,rectangular_box,20.909478749999995,38.069615999999996,"a=1.78, b=1.19, c=0.47",high,8.0,3.0,8.0,3.0,10.787747723503774,6.021053705340828,0.09269775541944246,0.16608388646541627,9.256657328515427,13.861070407603592,8.5018037488158,8.561986631883709,686.7693500095867,383.31218393070606,948.9119699056112,158.15199498426853,144.3054904661223,1.0817115311634906,6.188415912827112,0.9584021869321342,52.30379993925554,523.0379993925554,1046.0759987851109,OK,OK,True,349,4,13.861070407603592,9.256657328515427,686.7693500095867,531
12.0,6,0.75,100.0,0.1,0.6000000000000001,0.01,0.005,rectangular_box,20.909478749999995,38.069615999999996,"a=1.78, b=1.19, c=0.47",high,8.0,3.0,8.0,3.0,10.787747723503774,6.021053705340828,0.09269775541944246,0.16608388646541627,9.256657328515427,13.861070407603592,8.652119595468168,8.631209726919828,686.7693500095867,766.6243678614121,948.9119699056112,158.15199498426853,144.3054904661223,1.0817115311634906,6.193974482960262,0.959325851376602,52.30379993925554,523.0379993925554,1046.0759987851109,OK,OK,True,348,4,13.861070407603592,9.256657328515427,766.6243678614121,532
12.0,6,1.0,100.0,0.1,0.6000000000000001,0.02,0.01,rectangular_box,20.909478749999995,38.069615999999996,"a=1.78, b=1.19, c=0.47",high,8.0,3.0,8.0,3.0,10.787747723503774,4.520818637361622,0.09269775541944246,0.2211988757380469,9.240417885218958,13.513730674824144,8.286162476893368,11.130852101535469,343.38467500479334,287.80425318322756,945.3051279913473,157.55085466522453,144.31054714404596,1.0775999142659494,10.698189319291526,0.936937070559568,52.30389754534279,523.038975453428,1046.077950906856,OK,OK,True,367,4,13.513730674824144,9.240417885218958,343.38467500479334,533
12.0,6,1.0,100.0,0.1,0.6000000000000001,0.02,0.005,rectangular_box,20.909478749999995,38.069615999999996,"a=1.78, b=1.19, c=0.47",high,8.0,3.0,8.0,3.0,10.787747723503774,4.520818637361622,0.09269775541944246,0.2211988757380469,9.240417885218958,13.513730674824144,8.286696566681357,11.217822086381986,343.38467500479334,575.6085063664551,945.3051279913473,157.55085466522453,144.31054714404596,1.0775999142659494,10.708679410453346,0.9378557825948219,52.30389754534279,523.038975453428,1046.077950906856,OK,OK,True,366,4,13.513730674824144,9.240417885218958,575.6085063664551,534
12.0,6,1.0,100.0,0.1,0.6000000000000001,0.01,0.005,rectangular_box,20.909478749999995,38.069615999999996,"a=1.78, b=1.19, c=0.47",high,8.0,3.0,8.0,3.0,10.787747723503774,4.520818637361622,0.09269775541944246,0.2211988757380469,9.256657328515427,13.861070407603592,8.286696566681357,11.217822086381986,686.7693500095867,575.6085063664551,948.9119699056112,158.15199498426853,144.3054904661223,1.0817115311634906,10.708679410453346,0.9378557825948219,52.30389754534279,523.038975453428,1046.077950906856,OK,OK,True,364,4,13.861070407603592,9.256657328515427,686.7693500095867,535
12.0,6,1.0,100.0,0.1,0.6000000000000001,0.01,0.01,rectangular_box,20.909478749999995,38.069615999999996,"a=1.78, b=1.19, c=0.47",high,8.0,3.0,8.0,3.0,10.787747723503774,4.520818637361622,0.09269775541944246,0.2211988757380469,9.256657328515427,13.861070407603592,8.286162476893368,11.130852101535469,686.7693500095867,287.80425318322756,948.9119699056112,158.15199498426853,144.3054904661223,1.0817115311634906,10.698189319291526,0.936937070559568,52.30389754534279,523.038975453428,1046.077950906856,OK,OK,True,365,4,13.861070407603592,9.256657328515427,686.7693500095867,536
12.0,6,1.25,100.0,0.1,0.6000000000000001,0.02,0.01,rectangular_box,20.909478749999995,38.069615999999996,"a=1.78, b=1.19, c=0.47",high,8.0,3.0,8.0,3.0,10.787747723503774,3.621824818752196,0.09269775541944246,0.2761039117139088,9.240417885218958,13.513730674824144,8.1775046726113,13.735666110282617,343.38467500479334,230.57252916692798,945.3051279913473,157.55085466522453,144.31054714404596,1.0775999142659494,16.651002423524456,0.9283488133896243,52.30402302978174,523.0402302978174,1046.0804605956348,OK,OK,True,383,4,13.735666110282617,9.240417885218958,343.38467500479334,537
12.0,6,1.25,100.0,0.1,0.6000000000000001,0.02,0.005,rectangular_box,20.909478749999995,38.069615999999996,"a=1.78, b=1.19, c=0.47",high,8.0,3.0,8.0,3.0,10.787747723503774,3.621824818752196,0.09269775541944246,0.2761039117139088,9.240417885218958,13.513730674824144,8.177687148111891,13.84262224120511,343.38467500479334,461.14505833385596,945.3051279913473,157.55085466522453,144.31054714404596,1.0775999142659494,16.66216252646392,0.9289710262785325,52.30402302978174,523.0402302978174,1046.0804605956348,OK,OK,True,382,4,13.84262224120511,9.240417885218958,461.14505833385596,538
12.0,6,1.25,100.0,0.1,0.6000000000000001,0.01,0.005,rectangular_box,20.909478749999995,38.069615999999996,"a=1.78, b=1.19, c=0.47",high,8.0,3.0,8.0,3.0,10.787747723503774,3.621824818752196,0.09269775541944246,0.2761039117139088,9.256657328515427,13.861070407603592,8.177687148111891,13.84262224120511,686.7693500095867,461.14505833385596,948.9119699056112,158.15199498426853,144.3054904661223,1.0817115311634906,16.66216252646392,0.9289710262785325,52.30402302978174,523.0402302978174,1046.0804605956348,OK,OK,True,380,4,13.861070407603592,9.256657328515427,686.7693500095867,539
12.0,6,1.25,100.0,0.1,0.6000000000000001,0.01,0.01,rectangular_box,20.909478749999995,38.069615999999996,"a=1.78, b=1.19, c=0.47",high,8.0,3.0,8.0,3.0,10.787747723503774,3.621824818752196,0.09269775541944246,0.2761039117139088,9.256657328515427,13.861070407603592,8.1775046726113,13.735666110282617,686.7693500095867,230.57252916692798,948.9119699056112,158.15199498426853,144.3054904661223,1.0817115311634906,16.651002423524456,0.9283488133896243,52.30402302978174,523.0402302978174,1046.0804605956348,OK,OK,True,381,4,13.861070407603592,9.256657328515427,686.7693500095867,540
15.0,6,0.5,100.0,0.1,0.6000000000000001,0.02,0.01,rectangular_box,20.909478749999995,38.069615999999996,"a=1.78, b=1.19, c=0.47",high,8.0,3.0,8.0,3.0,11.011892219294118,10.089580343953603,0.09081091424486369,0.09911214995173426,9.345369321845094,11.309117890889349,9.343489242873027,5.596871209447563,350.5194158991681,642.3226341852165,935.7551987212119,155.95919978686865,144.26703014824605,1.0667134791266302,2.406289615025254,1.0537025825268236,46.78187849665628,467.8187849665628,935.6375699331256,OK,OK,True,527,4,11.309117890889349,9.345369321845094,642.3226341852165,541
15.0,6,0.5,100.0,0.1,0.6000000000000001,0.01,0.01,rectangular_box,20.909478749999995,38.069615999999996,"a=1.78, b=1.19, c=0.47",high,8.0,3.0,8.0,3.0,11.011892219294118,10.089580343953603,0.09081091424486369,0.09911214995173426,9.362343270015307,11.580788819320452,9.343489242873027,5.596871209447563,701.0388317983362,642.3226341852165,938.7147827895581,156.45246379825969,144.26154551022745,1.0700872548989984,2.406289615025254,1.0537025825268236,46.78187849665628,467.8187849665628,935.6375699331256,OK,OK,True,525,4,11.580788819320452,9.362343270015307,701.0388317983362,542
15.0,6,0.5,100.0,0.1,0.6000000000000001,0.02,0.005,rectangular_box,20.909478749999995,38.069615999999996,"a=1.78, b=1.19, c=0.47",high,8.0,3.0,8.0,3.0,11.011892219294118,10.089580343953603,0.09081091424486369,0.09911214995173426,9.345369321845094,11.309117890889349,9.94603681260624,5.643616788875887,350.5194158991681,1284.645268370433,935.7551987212119,155.95919978686865,144.26703014824605,1.0667134791266302,2.414340662617167,1.0572280973221637,46.78187849665628,467.8187849665628,935.6375699331256,OK,OK,True,526,4,11.309117890889349,9.94603681260624,1284.645268370433,543
15.0,6,0.5,100.0,0.1,0.6000000000000001,0.01,0.005,rectangular_box,20.909478749999995,38.069615999999996,"a=1.78, b=1.19, c=0.47",high,8.0,3.0,8.0,3.0,11.011892219294118,10.089580343953603,0.09081091424486369,0.09911214995173426,9.362343270015307,11.580788819320452,9.94603681260624,5.643616788875887,701.0388317983362,1284.645268370433,938.7147827895581,156.45246379825969,144.26154551022745,1.0700872548989984,2.414340662617167,1.0572280973221637,46.78187849665628,467.8187849665628,935.6375699331256,OK,OK,True,524,4,11.580788819320452,9.94603681260624,1284.645268370433,544
15.0,6,0.75,100.0,0.1,0.6000000000000001,0.02,0.01,rectangular_box,20.909478749999995,38.069615999999996,"a=1.78, b=1.19, c=0.47",high,8.0,3.0,8.0,3.0,11.011892219294118,6.731742690711708,0.09081091424486369,0.14854994404046,9.345369321845094,11.309117890889349,8.623435559945362,7.76531435280805,350.5194158991681,428.55604993980165,935.7551987212119,155.95919978686865,144.26703014824605,1.0667134791266302,5.01778992921402,0.9726782014811602,46.7819408582899,467.819408582899,935.638817165798,OK,OK,True,543,4,11.309117890889349,9.345369321845094,428.55604993980165,545
15.0,6,0.75,100.0,0.1,0.6000000000000001,0.02,0.005,rectangular_box,20.909478749999995,38.069615999999996,"a=1.78, b=1.19, c=0.47",high,8.0,3.0,8.0,3.0,11.011892219294118,6.731742690711708,0.09081091424486369,0.14854994404046,9.345369321845094,11.309117890889349,8.914061909576647,7.829189842863318,350.5194158991681,857.1120998796033,935.7551987212119,155.95919978686865,144.26703014824605,1.0667134791266302,5.023772499187203,0.9743111044229699,46.7819408582899,467.819408582899,935.638817165798,OK,OK,True,542,4,11.309117890889349,9.345369321845094,857.1120998796033,546
15.0,6,0.75,100.0,0.1,0.6000000000000001,0.01,0.01,rectangular_box,20.909478749999995,38.069615999999996,"a=1.78, b=1.19, c=0.47",high,8.0,3.0,8.0,3.0,11.011892219294118,6.731742690711708,0.09081091424486369,0.14854994404046,9.362343270015307,11.580788819320452,8.623435559945362,7.76531435280805,701.0388317983362,428.55604993980165,938.7147827895581,156.45246379825969,144.26154551022745,1.0700872548989984,5.01778992921402,0.9726782014811602,46.7819408582899,467.819408582899,935.638817165798,OK,OK,True,541,4,11.580788819320452,9.362343270015307,701.0388317983362,547
15.0,6,0.75,100.0,0.1,0.6000000000000001,0.01,0.005,rectangular_box,20.909478749999995,38.069615999999996,"a=1.78, b=1.19, c=0.47",high,8.0,3.0,8.0,3.0,11.011892219294118,6.731742690711708,0.09081091424486369,0.14854994404046,9.362343270015307,11.580788819320452,8.914061909576647,7.829189842863318,701.0388317983362,857.1120998796033,938.7147827895581,156.45246379825969,144.26154551022745,1.0700872548989984,5.023772499187203,0.9743111044229699,46.7819408582899,467.819408582899,935.638817165798,OK,OK,True,540,4,11.580788819320452,9.362343270015307,857.1120998796033,548
15.0,6,1.0,100.0,0.1,0.6000000000000001,0.02,0.01,rectangular_box,20.909478749999995,38.069615999999996,"a=1.78, b=1.19, c=0.47",high,8.0,3.0,8.0,3.0,11.011892219294118,5.054428893640105,0.09081091424486369,0.1978462890749698,9.345369321845094,11.309117890889349,8.355844573839926,10.040246674282528,350.5194158991681,321.774937171729,935.7551987212119,155.95919978686865,144.26703014824605,1.0667134791266302,8.623335237997141,0.9431106772086665,46.78202815982836,467.8202815982836,935.6405631965672,OK,OK,True,559,4,11.309117890889349,9.345369321845094,350.5194158991681,549
15.0,6,1.0,100.0,0.1,0.6000000000000001,0.02,0.005,rectangular_box,20.909478749999995,38.069615999999996,"a=1.78, b=1.19, c=0.47",high,8.0,3.0,8.0,3.0,11.011892219294118,5.054428893640105,0.09081091424486369,0.1978462890749698,9.345369321845094,11.309117890889349,8.356587024647963,10.121236236468652,350.5194158991681,643.549874343458,935.7551987212119,155.95919978686865,144.26703014824605,1.0667134791266302,8.627614816431349,0.9438686623889351,46.78202815982836,467.8202815982836,935.6405631965672,OK,OK,True,558,4,11.309117890889349,9.345369321845094,643.549874343458,550
15.0,6,1.0,100.0,0.1,0.6000000000000001,0.01,0.005,rectangular_box,20.909478749999995,38.069615999999996,"a=1.78, b=1.19, c=0.47",high,8.0,3.0,8.0,3.0,11.011892219294118,5.054428893640105,0.09081091424486369,0.1978462890749698,9.362343270015307,11.580788819320452,8.356587024647963,10.121236236468652,701.0388317983362,643.549874343458,938.7147827895581,156.45246379825969,144.26154551022745,1.0700872548989984,8.627614816431349,0.9438686623889351,46.78202815982836,467.8202815982836,935.6405631965672,OK,OK,True,556,4,11.580788819320452,9.362343270015307,701.0388317983362,551
15.0,6,1.0,100.0,0.1,0.6000000000000001,0.01,0.01,rectangular_box,20.909478749999995,38.069615999999996,"a=1.78, b=1.19, c=0.47",high,8.0,3.0,8.0,3.0,11.011892219294118,5.054428893640105,0.09081091424486369,0.1978462890749698,9.362343270015307,11.580788819320452,8.355844573839926,10.040246674282528,701.0388317983362,321.774937171729,938.7147827895581,156.45246379825969,144.26154551022745,1.0700872548989984,8.623335237997141,0.9431106772086665,46.78202815982836,467.8202815982836,935.6405631965672,OK,OK,True,557,4,11.580788819320452,9.362343270015307,701.0388317983362,552
15.0,6,1.25,100.0,0.1,0.6000000000000001,0.02,0.01,rectangular_box,20.909478749999995,38.069615999999996,"a=1.78, b=1.19, c=0.47",high,8.0,3.0,8.0,3.0,11.011892219294118,4.049323248660447,0.09081091424486369,0.2469548461785087,9.345369321845094,11.309117890889349,8.229094731129189,12.350317104279757,350.5194158991681,257.7879244804969,935.7551987212119,155.95919978686865,144.26703014824605,1.0667134791266302,13.361767362162363,0.9315126308213848,46.78214039652257,467.8214039652257,935.6428079304515,OK,OK,True,575,4,12.350317104279757,9.345369321845094,350.5194158991681,553
15.0,6,1.25,100.0,0.1,0.6000000000000001,0.02,0.005,rectangular_box,20.909478749999995,38.069615999999996,"a=1.78, b=1.19, c=0.47",high,8.0,3.0,8.0,3.0,11.011892219294118,4.049323248660447,0.09081091424486369,0.2469548461785087,9.345369321845094,11.309117890889349,8.229427930877971,12.447605841795374,350.5194158991681,515.5758489609938,935.7551987212119,155.95919978686865,144.26703014824605,1.0667134791266302,13.365747889479298,0.9318673767333989,46.78214039652257,467.8214039652257,935.6428079304515,OK,OK,True,574,4,12.447605841795374,9.345369321845094,515.5758489609938,554
15.0,6,1.25,100.0,0.1,0.6000000000000001,0.01,0.01,rectangular_box,20.909478749999995,38.069615999999996,"a=1.78, b=1.19, c=0.47",high,8.0,3.0,8.0,3.0,11.011892219294118,4.049323248660447,0.09081091424486369,0.2469548461785087,9.362343270015307,11.580788819320452,8.229094731129189,12.350317104279757,701.0388317983362,257.7879244804969,938.7147827895581,156.45246379825969,144.26154551022745,1.0700872548989984,13.361767362162363,0.9315126308213848,46.78214039652257,467.8214039652257,935.6428079304515,OK,OK,True,573,4,12.350317104279757,9.362343270015307,701.0388317983362,555
15.0,6,1.25,100.0,0.1,0.6000000000000001,0.01,0.005,rectangular_box,20.909478749999995,38.069615999999996,"a=1.78, b=1.19, c=0.47",high,8.0,3.0,8.0,3.0,11.011892219294118,4.049323248660447,0.09081091424486369,0.2469548461785087,9.362343270015307,11.580788819320452,8.229427930877971,12.447605841795374,701.0388317983362,515.5758489609938,938.7147827895581,156.45246379825969,144.26154551022745,1.0700872548989984,13.365747889479298,0.9318673767333989,46.78214039652257,467.8214039652257,935.6428079304515,OK,OK,True,572,4,12.447605841795374,9.362343270015307,701.0388317983362,556
18.0,6,0.5,100.0,0.1,0.6000000000000001,0.02,0.01,rectangular_box,20.909478749999995,38.069615999999996,"a=1.78, b=1.19, c=0.47",high,8.0,3.0,8.0,3.0,11.250165539317434,11.052581500277313,0.08888758094315753,0.09047660041908849,9.439326389693623,9.644116639059497,9.589392293574058,5.23825311947726,358.1038912368937,703.6291918780684,927.1950689741175,154.53251149568624,144.22639886412364,1.0569553652558472,2.0583681538652407,1.0780919260627915,42.705816891807515,427.0581689180751,854.1163378361503,OK,OK,True,719,4,9.644116639059497,9.589392293574058,703.6291918780684,557
18.0,6,0.5,100.0,0.1,0.6000000000000001,0.01,0.01,rectangular_box,20.909478749999995,38.069615999999996,"a=1.78, b=1.19, c=0.47",high,8.0,3.0,8.0,3.0,11.250165539317434,11.052581500277313,0.08888758094315753,0.09047660041908849,9.457083593905812,9.867059688613164,9.589392293574058,5.23825311947726,716.2077824737873,703.6291918780684,929.6863320690196,154.94772201150326,144.2199216109772,1.0597952788646785,2.0583681538652407,1.0780919260627915,42.705816891807515,427.0581689180751,854.1163378361503,OK,OK,True,717,4,9.867059688613164,9.589392293574058,716.2077824737873,558
18.0,6,0.75,100.0,0.1,0.6000000000000001,0.02,0.01,rectangular_box,20.909478749999995,38.069615999999996,"a=1.78, b=1.19, c=0.47",high,8.0,3.0,8.0,3.0,11.250165539317434,7.374254646056895,0.08888758094315753,0.13560692544496172,9.439326389693623,9.644116639059497,8.743051569763193,7.183216910056222,358.1038912368937,469.4596314153319,927.1950689741175,154.53251149568624,144.22639886412364,1.0569553652558472,4.234824706308048,0.9883595819030287,42.705873819929955,427.05873819929957,854.1174763985991,OK,OK,True,735,4,9.644116639059497,9.439326389693623,469.4596314153319,559
18.0,6,0.75,100.0,0.1,0.6000000000000001,0.02,0.005,rectangular_box,20.909478749999995,38.069615999999996,"a=1.78, b=1.19, c=0.47",high,8.0,3.0,8.0,3.0,11.250165539317434,7.374254646056895,0.08888758094315753,0.13560692544496172,9.439326389693623,9.644116639059497,9.11141625886998,7.241372830597093,358.1038912368937,938.9192628306638,927.1950689741175,154.53251149568624,144.22639886412364,1.0569553652558472,4.245325625826484,0.9908103762439089,42.705873819929955,427.05873819929957,854.1174763985991,OK,OK,True,734,4,9.644116639059497,9.439326389693623,938.9192628306638,560
18.0,6,0.75,100.0,0.1,0.6000000000000001,0.01,0.01,rectangular_box,20.909478749999995,38.069615999999996,"a=1.78, b=1.19, c=0.47",high,8.0,3.0,8.0,3.0,11.250165539317434,7.374254646056895,0.08888758094315753,0.13560692544496172,9.457083593905812,9.867059688613164,8.743051569763193,7.183216910056222,716.2077824737873,469.4596314153319,929.6863320690196,154.94772201150326,144.2199216109772,1.0597952788646785,4.234824706308048,0.9883595819030287,42.705873819929955,427.05873819929957,854.1174763985991,OK,OK,True,733,4,9.867059688613164,9.457083593905812,716.2077824737873,561
18.0,6,0.75,100.0,0.1,0.6000000000000001,0.01,0.005,rectangular_box,20.909478749999995,38.069615999999996,"a=1.78, b=1.19, c=0.47",high,8.0,3.0,8.0,3.0,11.250165539317434,7.374254646056895,0.08888758094315753,0.13560692544496172,9.457083593905812,9.867059688613164,9.11141625886998,7.241372830597093,716.2077824737873,938.9192628306638,929.6863320690196,154.94772201150326,144.2199216109772,1.0597952788646785,4.245325625826484,0.9908103762439089,42.705873819929955,427.05873819929957,854.1174763985991,OK,OK,True,732,4,9.867059688613164,9.457083593905812,938.9192628306638,562
18.0,6,1.0,100.0,0.1,0.6000000000000001,0.02,0.01,rectangular_box,20.909478749999995,38.069615999999996,"a=1.78, b=1.19, c=0.47",high,8.0,3.0,8.0,3.0,11.250165539317434,5.536849440708975,0.08888758094315753,0.18060812574162272,9.439326389693623,9.644116639059497,8.424651819889895,9.238850454914841,358.1038912368937,352.48678305777173,927.1950689741175,154.53251149568624,144.22639886412364,1.0569553652558472,7.284662414220909,0.9559779430498153,42.70595351496649,427.0595351496649,854.1190702993298,OK,OK,True,751,4,9.644116639059497,9.439326389693623,358.1038912368937,563
18.0,6,1.0,100.0,0.1,0.6000000000000001,0.02,0.005,rectangular_box,20.909478749999995,38.069615999999996,"a=1.78, b=1.19, c=0.47",high,8.0,3.0,8.0,3.0,11.250165539317434,5.536849440708975,0.08888758094315753,0.18060812574162272,9.439326389693623,9.644116639059497,8.428835630920625,9.313124173690436,358.1038912368937,704.9735661155435,927.1950689741175,154.53251149568624,144.22639886412364,1.0569553652558472,7.296766205402417,0.9570194707121419,42.70595351496649,427.0595351496649,854.1190702993298,OK,OK,True,750,4,9.644116639059497,9.439326389693623,704.9735661155435,564
18.0,6,1.0,100.0,0.1,0.6000000000000001,0.01,0.005,rectangular_box,20.909478749999995,38.069615999999996,"a=1.78, b=1.19, c=0.47",high,8.0,3.0,8.0,3.0,11.250165539317434,5.536849440708975,0.08888758094315753,0.18060812574162272,9.457083593905812,9.867059688613164,8.428835630920625,9.313124173690436,716.2077824737873,704.9735661155435,929.6863320690196,154.94772201150326,144.2199216109772,1.0597952788646785,7.296766205402417,0.9570194707121419,42.70595351496649,427.0595351496649,854.1190702993298,OK,OK,True,748,4,9.867059688613164,9.457083593905812,716.2077824737873,565
18.0,6,1.0,100.0,0.1,0.6000000000000001,0.01,0.01,rectangular_box,20.909478749999995,38.069615999999996,"a=1.78, b=1.19, c=0.47",high,8.0,3.0,8.0,3.0,11.250165539317434,5.536849440708975,0.08888758094315753,0.18060812574162272,9.457083593905812,9.867059688613164,8.424651819889895,9.238850454914841,716.2077824737873,352.48678305777173,929.6863320690196,154.94772201150326,144.2199216109772,1.0597952788646785,7.284662414220909,0.9559779430498153,42.70595351496649,427.0595351496649,854.1190702993298,OK,OK,True,749,4,9.867059688613164,9.457083593905812,716.2077824737873,566
18.0,6,1.25,100.0,0.1,0.6000000000000001,0.02,0.01,rectangular_box,20.909478749999995,38.069615999999996,"a=1.78, b=1.19, c=0.47",high,8.0,3.0,8.0,3.0,11.250165539317434,4.435811371853261,0.08888758094315753,0.225437899894784,9.439326389693623,9.644116639059497,8.272286027176229,11.323821421693546,358.1038912368937,282.3925225814752,927.1950689741175,154.53251149568624,144.22639886412364,1.0569553652558472,11.262126499303648,0.9418515629816996,42.70605597258182,427.0605597258182,854.1211194516364,OK,OK,True,767,4,11.323821421693546,9.439326389693623,358.1038912368937,567
18.0,6,1.25,100.0,0.1,0.6000000000000001,0.02,0.005,rectangular_box,20.909478749999995,38.069615999999996,"a=1.78, b=1.19, c=0.47",high,8.0,3.0,8.0,3.0,11.250165539317434,4.435811371853261,0.08888758094315753,0.225437899894784,9.439326389693623,9.644116639059497,8.272798964729564,11.41211939314685,358.1038912368937,564.7850451629504,927.1950689741175,154.53251149568624,144.22639886412364,1.0569553652558472,11.26791185311311,0.9423353920816642,42.70605597258182,427.0605597258182,854.1211194516364,OK,OK,True,766,4,11.41211939314685,9.439326389693623,564.7850451629504,568
18.0,6,1.25,100.0,0.1,0.6000000000000001,0.01,0.01,rectangular_box,20.909478749999995,38.069615999999996,"a=1.78, b=1.19, c=0.47",high,8.0,3.0,8.0,3.0,11.250165539317434,4.435811371853261,0.08888758094315753,0.225437899894784,9.457083593905812,9.867059688613164,8.272286027176229,11.323821421693546,716.2077824737873,282.3925225814752,929.6863320690196,154.94772201150326,144.2199216109772,1.0597952788646785,11.262126499303648,0.9418515629816996,42.70605597258182,427.0605597258182,854.1211194516364,OK,OK,True,765,4,11.323821421693546,9.457083593905812,716.2077824737873,569
18.0,6,1.25,100.0,0.1,0.6000000000000001,0.01,0.005,rectangular_box,20.909478749999995,38.069615999999996,"a=1.78, b=1.19, c=0.47",high,8.0,3.0,8.0,3.0,11.250165539317434,4.435811371853261,0.08888758094315753,0.225437899894784,9.457083593905812,9.867059688613164,8.272798964729564,11.41211939314685,716.2077824737873,564.7850451629504,929.6863320690196,154.94772201150326,144.2199216109772,1.0597952788646785,11.26791185311311,0.9423353920816642,42.70605597258182,427.0605597258182,854.1211194516364,OK,OK,True,764,4,11.41211939314685,9.457083593905812,716.2077824737873,570
